-- MySQL dump 10.13  Distrib 8.0.12, for Win64 (x86_64)
--
-- Host: localhost    Database: refugee
-- ------------------------------------------------------
-- Server version	8.0.12

/*!40101 SET @OLD_CHARACTER_SET_CLIENT=@@CHARACTER_SET_CLIENT */;
/*!40101 SET @OLD_CHARACTER_SET_RESULTS=@@CHARACTER_SET_RESULTS */;
/*!40101 SET @OLD_COLLATION_CONNECTION=@@COLLATION_CONNECTION */;
 SET NAMES utf8mb4 ;
/*!40103 SET @OLD_TIME_ZONE=@@TIME_ZONE */;
/*!40103 SET TIME_ZONE='+00:00' */;
/*!40014 SET @OLD_UNIQUE_CHECKS=@@UNIQUE_CHECKS, UNIQUE_CHECKS=0 */;
/*!40014 SET @OLD_FOREIGN_KEY_CHECKS=@@FOREIGN_KEY_CHECKS, FOREIGN_KEY_CHECKS=0 */;
/*!40101 SET @OLD_SQL_MODE=@@SQL_MODE, SQL_MODE='NO_AUTO_VALUE_ON_ZERO' */;
/*!40111 SET @OLD_SQL_NOTES=@@SQL_NOTES, SQL_NOTES=0 */;

--
-- Current Database: `refugee`
--

CREATE DATABASE /*!32312 IF NOT EXISTS*/ `refugee` /*!40100 DEFAULT CHARACTER SET utf8mb4 COLLATE utf8mb4_0900_ai_ci */;

USE `refugee`;

--
-- Table structure for table `application_category`
--

DROP TABLE IF EXISTS `application_category`;
/*!40101 SET @saved_cs_client     = @@character_set_client */;
 SET character_set_client = utf8mb4 ;
CREATE TABLE `application_category` (
  `application_category_id` int(11) NOT NULL AUTO_INCREMENT,
  `application_category_name` varchar(45) NOT NULL,
  PRIMARY KEY (`application_category_id`),
  UNIQUE KEY `application_category_id_UNIQUE` (`application_category_id`),
  UNIQUE KEY `application_category_name_UNIQUE` (`application_category_name`)
) ENGINE=InnoDB AUTO_INCREMENT=25 DEFAULT CHARSET=utf8mb4 COLLATE=utf8mb4_0900_ai_ci;
/*!40101 SET character_set_client = @saved_cs_client */;

--
-- Dumping data for table `application_category`
--

LOCK TABLES `application_category` WRITE;
/*!40000 ALTER TABLE `application_category` DISABLE KEYS */;
INSERT INTO `application_category` VALUES (6,'Advertising'),(10,'Blogging'),(21,'Business management'),(23,'Cloud services'),(24,'Electronic health records'),(5,'Email'),(9,'File sharing'),(15,'Gaming'),(4,'Music'),(13,'News'),(16,'Online backup'),(2,'Other'),(14,'P2P'),(12,'Photo sharing'),(8,'Productivity'),(18,'Remote monitoring & management'),(19,'Security'),(3,'Social web'),(7,'Software & anti-virus updates'),(17,'Sports'),(1,'Video'),(11,'VoIP & video conferencing'),(20,'Web file sharing'),(22,'Web payments');
/*!40000 ALTER TABLE `application_category` ENABLE KEYS */;
UNLOCK TABLES;

--
-- Table structure for table `application_usage`
--

DROP TABLE IF EXISTS `application_usage`;
/*!40101 SET @saved_cs_client     = @@character_set_client */;
 SET character_set_client = utf8mb4 ;
CREATE TABLE `application_usage` (
  `appu_id` int(11) NOT NULL AUTO_INCREMENT,
  `mupc_id` int(11) NOT NULL,
  `application_category_id` int(11) DEFAULT NULL,
  `total_usage_kB` float DEFAULT NULL,
  PRIMARY KEY (`appu_id`),
  UNIQUE KEY `appu_id` (`appu_id`),
  KEY `application_category_id` (`application_category_id`),
  KEY `mupc_id` (`mupc_id`),
  CONSTRAINT `application_category_id` FOREIGN KEY (`application_category_id`) REFERENCES `application_category` (`application_category_id`),
  CONSTRAINT `mupc_id` FOREIGN KEY (`mupc_id`) REFERENCES `monthly_usage_per_camp` (`mupc_id`)
) ENGINE=InnoDB AUTO_INCREMENT=8192 DEFAULT CHARSET=utf8mb4 COLLATE=utf8mb4_0900_ai_ci;
/*!40101 SET character_set_client = @saved_cs_client */;

--
-- Dumping data for table `application_usage`
--

LOCK TABLES `application_usage` WRITE;
/*!40000 ALTER TABLE `application_usage` DISABLE KEYS */;
INSERT INTO `application_usage` VALUES (1,1,1,760645000),(2,1,2,514897000),(3,1,3,306102000),(4,1,4,13583100),(5,1,5,2185160),(6,1,6,1290770),(7,1,7,1284490),(8,1,8,914848),(9,1,9,444878),(10,1,10,278207),(11,1,11,215716),(12,1,12,211753),(13,1,13,164602),(14,1,14,134052),(15,1,15,72124),(16,1,16,59241),(17,1,17,55103),(18,1,18,23602),(19,1,19,6698),(20,1,20,5271),(21,1,21,1898),(22,1,22,9),(23,2,1,709818000),(24,2,2,434846000),(25,2,3,235742000),(26,2,4,11446300),(27,2,7,3787480),(28,2,6,2619020),(29,2,5,2390960),(30,2,8,1964620),(31,2,9,554063),(32,2,12,267331),(33,2,10,237280),(34,2,11,222714),(35,2,13,193377),(36,2,14,58053),(37,2,17,57153),(38,2,15,53870),(39,2,16,36830),(40,2,19,18686),(41,2,22,1753),(42,2,18,71),(43,2,21,11),(44,2,23,10),(45,2,20,1),(46,3,2,1560810000),(47,3,3,957186000),(48,3,1,496870000),(49,3,4,46330500),(50,3,6,11673300),(51,3,22,7777780),(52,3,5,6017340),(53,3,7,4604040),(54,3,10,1010050),(55,3,8,1005960),(56,3,11,422772),(57,3,14,289597),(58,3,12,89773),(59,3,15,69695),(60,3,16,68351),(61,3,17,62166),(62,3,13,40643),(63,3,9,34819),(64,3,19,33513),(65,3,18,1513),(66,3,20,1126),(67,3,21,368),(68,4,1,648454000),(69,4,2,508932000),(70,4,3,248343000),(71,4,4,12177700),(72,4,7,5862460),(73,4,6,3080830),(74,4,5,2793100),(75,4,8,1823480),(76,4,16,505818),(77,4,9,437901),(78,4,12,194785),(79,4,11,168427),(80,4,10,162762),(81,4,13,95088),(82,4,14,45564),(83,4,17,42613),(84,4,15,30613),(85,4,19,27905),(86,4,20,2183),(87,4,18,1942),(88,5,1,661499000),(89,5,2,396968000),(90,5,3,26878300),(91,5,11,3836180),(92,5,4,954215),(93,5,8,818132),(94,5,5,758061),(95,5,7,605253),(96,5,9,559367),(97,5,10,433441),(98,5,14,212776),(99,5,12,125849),(100,5,16,63901),(101,5,13,57604),(102,5,15,18553),(103,5,17,5107),(104,5,20,758),(105,5,18,0),(106,6,2,1085230000),(107,6,1,1073690000),(108,6,3,172748000),(109,6,4,15301000),(110,6,7,9404960),(111,6,6,6277680),(112,6,9,3814920),(113,6,5,1903780),(114,6,16,1703910),(115,6,8,676914),(116,6,11,272661),(117,6,10,182253),(118,6,15,109729),(119,6,13,108659),(120,6,14,93941),(121,6,12,76960),(122,6,19,24273),(123,6,17,1456),(124,6,20,1268),(125,6,21,426),(126,6,18,117),(127,6,23,113),(128,6,22,72),(129,7,2,1501380000),(130,7,1,1431870000),(131,7,3,274270000),(132,7,4,19035000),(133,7,6,9630850),(134,7,7,6294190),(135,7,16,3736780),(136,7,5,2711730),(137,7,9,1965490),(138,7,8,1186000),(139,7,20,1111100),(140,7,11,360160),(141,7,10,236264),(142,7,15,127946),(143,7,14,113471),(144,7,13,107128),(145,7,19,89631),(146,7,12,87485),(147,7,18,17579),(148,7,17,1943),(149,7,23,173),(150,7,21,28),(151,8,2,49257500),(152,8,3,14900800),(153,8,1,655540),(154,8,11,124523),(155,8,10,55576),(156,8,5,53553),(157,8,4,50415),(158,8,12,8226),(159,8,13,7302),(160,8,14,7261),(161,8,9,4766),(162,8,15,335),(163,8,7,238),(164,8,17,17),(165,8,20,3),(166,9,2,1508240000),(167,9,1,1121210000),(168,9,3,273079000),(169,9,4,29342000),(170,9,7,16903700),(171,9,16,12226600),(172,9,6,9169080),(173,9,5,1191320),(174,9,8,1123920),(175,9,9,674969),(176,9,11,504813),(177,9,15,259342),(178,9,20,253959),(179,9,10,209516),(180,9,14,117025),(181,9,13,96791),(182,9,19,58423),(183,9,12,26352),(184,9,18,6983),(185,9,21,1744),(186,9,23,782),(187,9,17,160),(188,9,22,81),(189,10,2,1299730000),(190,10,1,1147580000),(191,10,3,446104000),(192,10,4,31186900),(193,10,6,12607100),(194,10,7,6836430),(195,10,16,3200760),(196,10,5,1627530),(197,10,8,1329030),(198,10,20,1010980),(199,10,11,748624),(200,10,9,389244),(201,10,10,362296),(202,10,15,154868),(203,10,14,147724),(204,10,13,130430),(205,10,12,75901),(206,10,19,68476),(207,10,18,5942),(208,10,17,192),(209,10,22,85),(210,10,23,65),(211,11,1,1630500000),(212,11,2,793161000),(213,11,3,89671500),(214,11,4,7976060),(215,11,7,4929000),(216,11,9,1609900),(217,11,5,1453710),(218,11,8,583507),(219,11,16,439564),(220,11,11,376635),(221,11,20,362803),(222,11,10,268817),(223,11,13,98046),(224,11,14,89041),(225,11,12,74662),(226,11,15,34898),(227,11,17,9639),(228,11,18,15),(229,11,21,14),(230,12,2,1343580000),(231,12,1,1313680000),(232,12,3,514679000),(233,12,4,31454200),(234,12,6,13431100),(235,12,16,6243840),(236,12,8,1352280),(237,12,5,1310670),(238,12,7,1026320),(239,12,11,597293),(240,12,10,490262),(241,12,20,331616),(242,12,15,203907),(243,12,9,162505),(244,12,14,140254),(245,12,19,99247),(246,12,12,71678),(247,12,13,70808),(248,12,21,1268),(249,12,17,307),(250,12,23,216),(251,12,22,112),(252,12,18,71),(253,13,2,1441810000),(254,13,1,1308140000),(255,13,3,716621000),(256,13,4,39514400),(257,13,6,18096400),(258,13,16,7847430),(259,13,8,1846070),(260,13,7,1556060),(261,13,5,1333540),(262,13,20,759057),(263,13,11,567575),(264,13,10,300177),(265,13,22,275895),(266,13,15,161886),(267,13,9,157677),(268,13,13,123798),(269,13,14,86770),(270,13,19,79749),(271,13,12,59797),(272,13,21,992),(273,13,23,406),(274,13,17,223),(275,13,18,166),(276,14,2,1135480000),(277,14,1,742154000),(278,14,3,515653000),(279,14,4,32254900),(280,14,6,12563400),(281,14,7,11214000),(282,14,5,1195190),(283,14,8,1174150),(284,14,16,686959),(285,14,14,363211),(286,14,11,314500),(287,14,10,167620),(288,14,22,132491),(289,14,13,71699),(290,14,19,60300),(291,14,17,56737),(292,14,20,50498),(293,14,9,31730),(294,14,15,25701),(295,14,12,18019),(296,14,23,421),(297,14,18,3),(298,15,2,1197270000),(299,15,3,108661000),(300,15,1,5446880),(301,15,5,1110660),(302,15,7,252492),(303,15,10,176196),(304,15,11,169599),(305,15,4,136027),(306,15,14,64136),(307,15,12,56432),(308,15,9,48029),(309,15,13,26685),(310,15,15,16345),(311,15,8,10524),(312,15,17,2479),(313,15,18,63),(314,15,20,29),(315,15,16,24),(316,16,1,499598000),(317,16,2,138734000),(318,16,3,67825400),(319,16,4,6971260),(320,16,7,2258470),(321,16,11,826996),(322,16,14,703847),(323,16,5,435759),(324,16,16,277875),(325,16,9,229058),(326,16,10,133304),(327,16,8,119697),(328,16,12,87050),(329,16,20,68428),(330,16,13,30994),(331,16,15,5966),(332,16,21,2825),(333,16,17,833),(334,16,18,0),(335,17,1,223895000),(336,17,2,85667300),(337,17,3,46934700),(338,17,6,546970),(339,17,5,155611),(340,17,4,108177),(341,17,14,79890),(342,17,12,33449),(343,17,15,31602),(344,17,10,25447),(345,17,7,14361),(346,17,11,11862),(347,17,8,10904),(348,17,9,10117),(349,17,16,9205),(350,17,20,7295),(351,17,13,3535),(352,17,19,723),(353,17,17,4),(354,18,2,1299730000),(355,18,1,1147580000),(356,18,3,446104000),(357,18,4,31186900),(358,18,6,12607100),(359,18,7,6836430),(360,18,16,3200760),(361,18,5,1627530),(362,18,8,1329030),(363,18,20,1010980),(364,18,11,748624),(365,18,9,389244),(366,18,10,362296),(367,18,15,154868),(368,18,14,147724),(369,18,13,130430),(370,18,12,75901),(371,18,19,68476),(372,18,18,5942),(373,18,17,192),(374,18,22,85),(375,18,23,65),(376,19,1,423086000),(377,19,2,258555000),(378,19,3,151771000),(379,19,16,19290900),(380,19,4,16489200),(381,19,7,2635910),(382,19,9,2291820),(383,19,5,1484600),(384,19,20,539908),(385,19,11,530555),(386,19,13,245834),(387,19,14,150202),(388,19,10,135973),(389,19,8,121205),(390,19,12,89396),(391,19,15,50475),(392,19,17,19809),(393,19,21,154),(394,19,18,21),(395,20,1,258799000),(396,20,2,91148800),(397,20,3,82272500),(398,20,4,4421580),(399,20,6,1236440),(400,20,20,267462),(401,20,14,192824),(402,20,16,137639),(403,20,8,101376),(404,20,15,59723),(405,20,5,53891),(406,20,7,21774),(407,20,11,15879),(408,20,10,11906),(409,20,13,2222),(410,20,12,2203),(411,20,19,1908),(412,20,9,455),(413,20,23,393),(414,21,1,355655000),(415,21,2,145772000),(416,21,3,120835000),(417,21,4,6282390),(418,21,6,2138030),(419,21,20,153016),(420,21,5,146210),(421,21,16,128418),(422,21,15,114818),(423,21,10,43801),(424,21,11,19247),(425,21,8,18069),(426,21,7,16035),(427,21,19,7810),(428,21,13,7746),(429,21,14,5519),(430,21,12,3331),(431,21,9,2084),(432,21,22,581),(433,21,17,8),(434,21,18,0),(435,22,1,326549000),(436,22,2,205252000),(437,22,3,120827000),(438,22,4,2467950),(439,22,6,2434680),(440,22,15,153857),(441,22,16,132243),(442,22,20,117681),(443,22,5,88954),(444,22,10,85944),(445,22,14,36484),(446,22,8,22780),(447,22,11,21285),(448,22,12,12867),(449,22,9,9500),(450,22,19,6463),(451,22,13,4000),(452,22,7,2570),(453,22,21,1050),(454,22,22,817),(455,22,17,9),(456,22,18,0),(457,23,1,230323000),(458,23,2,80623400),(459,23,3,46680000),(460,23,4,1955420),(461,23,6,666674),(462,23,9,166133),(463,23,16,81127),(464,23,5,33408),(465,23,11,28245),(466,23,15,27737),(467,23,14,21443),(468,23,20,17271),(469,23,7,13600),(470,23,10,12329),(471,23,8,9706),(472,23,13,7621),(473,23,19,267),(474,23,12,39),(475,23,18,0),(476,24,2,3233010000),(477,24,3,657201000),(478,24,1,382607000),(479,24,5,3083780),(480,24,6,2672120),(481,24,7,1393280),(482,24,4,657633),(483,24,14,401849),(484,24,8,339578),(485,24,15,292485),(486,24,12,194497),(487,24,11,156534),(488,24,10,110384),(489,24,16,77253),(490,24,13,43887),(491,24,19,9229),(492,24,17,5942),(493,24,9,3860),(494,24,23,47),(495,24,21,24),(496,24,20,1),(497,25,2,2697850000),(498,25,3,607827000),(499,25,1,233058000),(500,25,8,4937130),(501,25,6,4069230),(502,25,7,3415090),(503,25,5,2367410),(504,25,14,572374),(505,25,4,295322),(506,25,12,285989),(507,25,11,155144),(508,25,16,95797),(509,25,15,75905),(510,25,10,75524),(511,25,13,40454),(512,25,19,28451),(513,25,17,5538),(514,25,9,4754),(515,25,22,110),(516,25,21,47),(517,25,23,37),(518,25,18,1),(519,25,20,0),(520,26,2,3156200000),(521,26,3,587801000),(522,26,1,282325000),(523,26,7,6785350),(524,26,5,5451340),(525,26,6,4709670),(526,26,11,1179560),(527,26,14,467965),(528,26,4,453773),(529,26,8,238719),(530,26,10,160799),(531,26,16,79153),(532,26,12,70109),(533,26,13,68178),(534,26,15,38637),(535,26,19,29814),(536,26,9,24899),(537,26,17,16984),(538,26,23,158),(539,26,21,11),(540,26,22,5),(541,26,20,3),(542,26,18,2),(543,27,2,2434260000),(544,27,3,713883000),(545,27,1,98784700),(546,27,22,17394700),(547,27,5,9505050),(548,27,6,6440410),(549,27,7,1971100),(550,27,14,535855),(551,27,4,401533),(552,27,15,306638),(553,27,11,115190),(554,27,12,90000),(555,27,13,80030),(556,27,10,46626),(557,27,16,42771),(558,27,8,25629),(559,27,9,21682),(560,27,19,13791),(561,27,17,9124),(562,27,18,72),(563,27,20,13),(564,28,1,2454790000),(565,28,2,1054500000),(566,28,3,114173000),(567,28,7,12965900),(568,28,4,6986190),(569,28,9,6507300),(570,28,20,6334150),(571,28,5,2126050),(572,28,8,976984),(573,28,10,655698),(574,28,11,530571),(575,28,14,182761),(576,28,12,151591),(577,28,15,149172),(578,28,16,131889),(579,28,13,91798),(580,28,17,106),(581,28,18,3),(582,28,21,3),(583,29,1,4541670000),(584,29,2,2752710000),(585,29,3,966381000),(586,29,4,72612500),(587,29,7,30940700),(588,29,6,14242700),(589,29,20,8970040),(590,29,5,8166790),(591,29,16,7996270),(592,29,9,3262760),(593,29,14,986234),(594,29,10,848612),(595,29,11,650808),(596,29,8,534210),(597,29,13,395277),(598,29,12,254192),(599,29,15,165214),(600,29,19,80784),(601,29,17,66733),(602,29,23,1396),(603,29,21,453),(604,29,22,124),(605,29,18,34),(606,30,1,5154500000),(607,30,2,3054950000),(608,30,3,914120000),(609,30,4,71249400),(610,30,7,23989800),(611,30,6,17266800),(612,30,16,15398000),(613,30,20,13529300),(614,30,5,6021940),(615,30,9,5337910),(616,30,8,1200130),(617,30,10,1161480),(618,30,11,526785),(619,30,12,422094),(620,30,13,384245),(621,30,14,324423),(622,30,15,265563),(623,30,19,214585),(624,30,17,39636),(625,30,18,7177),(626,30,23,1290),(627,30,21,487),(628,30,22,33),(629,31,2,181964000),(630,31,3,49386800),(631,31,1,2632530),(632,31,11,715030),(633,31,9,676717),(634,31,10,247199),(635,31,5,225361),(636,31,7,206412),(637,31,4,131640),(638,31,13,46301),(639,31,12,42041),(640,31,20,28042),(641,31,14,25526),(642,31,15,3340),(643,31,17,100),(644,31,18,10),(645,32,1,5354270000),(646,32,2,3422740000),(647,32,3,911748000),(648,32,4,108655000),(649,32,16,28764000),(650,32,6,18153900),(651,32,7,14499000),(652,32,5,5064820),(653,32,20,4620480),(654,32,9,3969050),(655,32,14,2107100),(656,32,8,954358),(657,32,11,872903),(658,32,15,863199),(659,32,10,650562),(660,32,13,397323),(661,32,12,227218),(662,32,19,140377),(663,32,23,3542),(664,32,17,3169),(665,32,21,723),(666,32,22,434),(667,32,18,357),(668,33,1,5801650000),(669,33,2,4059870000),(670,33,3,1533810000),(671,33,4,202582000),(672,33,16,36508300),(673,33,6,31495900),(674,33,7,11664000),(675,33,5,5115870),(676,33,11,2842640),(677,33,9,2837400),(678,33,20,2019760),(679,33,15,1342860),(680,33,14,1146160),(681,33,10,774136),(682,33,8,585240),(683,33,13,441360),(684,33,12,213165),(685,33,19,78648),(686,33,18,44975),(687,33,17,2442),(688,33,22,511),(689,33,23,146),(690,33,21,22),(691,34,1,3464450000),(692,34,2,2085130000),(693,34,3,213139000),(694,34,7,26511500),(695,34,4,13533900),(696,34,16,7469280),(697,34,5,7269200),(698,34,9,3533190),(699,34,10,802163),(700,34,11,536072),(701,34,8,302636),(702,34,12,293777),(703,34,20,287440),(704,34,13,154724),(705,34,14,79715),(706,34,15,63992),(707,34,17,7129),(708,34,21,338),(709,34,18,22),(710,35,1,6096350000),(711,35,2,4245080000),(712,35,3,1890830000),(713,35,4,205248000),(714,35,6,35910600),(715,35,16,34606200),(716,35,7,18950300),(717,35,5,8230100),(718,35,9,6271540),(719,35,20,2774530),(720,35,11,2432160),(721,35,10,1577610),(722,35,15,1551510),(723,35,14,1461660),(724,35,8,419732),(725,35,13,414296),(726,35,12,253401),(727,35,19,124158),(728,35,17,27376),(729,35,22,597),(730,35,18,569),(731,35,23,356),(732,35,21,15),(733,36,1,5558780000),(734,36,2,3660120000),(735,36,3,1839580000),(736,36,4,153552000),(737,36,7,51921400),(738,36,16,35101000),(739,36,6,30790400),(740,36,5,10349300),(741,36,9,9731770),(742,36,15,3701880),(743,36,20,3339630),(744,36,8,1724520),(745,36,14,1381550),(746,36,10,1156660),(747,36,11,813617),(748,36,13,446056),(749,36,12,343863),(750,36,19,218973),(751,36,22,167475),(752,36,18,36620),(753,36,17,35658),(754,36,21,199),(755,36,23,182),(756,37,1,4172570000),(757,37,2,4138880000),(758,37,3,1743600000),(759,37,4,145556000),(760,37,6,26127700),(761,37,7,19610600),(762,37,16,10736100),(763,37,20,10521400),(764,37,9,8050230),(765,37,5,5224040),(766,37,10,3406500),(767,37,8,2723600),(768,37,15,1009630),(769,37,14,932862),(770,37,11,739523),(771,37,13,461444),(772,37,19,281179),(773,37,12,95024),(774,37,22,37875),(775,37,17,21377),(776,37,23,1114),(777,37,21,310),(778,37,18,20),(779,38,2,1671640000),(780,38,1,964201000),(781,38,3,188935000),(782,38,4,2866640),(783,38,7,1738130),(784,38,10,1020940),(785,38,5,950036),(786,38,11,439273),(787,38,20,400943),(788,38,12,327192),(789,38,9,313583),(790,38,8,132592),(791,38,14,100249),(792,38,15,84904),(793,38,13,43743),(794,38,17,13186),(795,38,16,9881),(796,38,21,536),(797,38,18,0),(798,39,2,1415430000),(799,39,3,195384000),(800,39,1,117812000),(801,39,9,3131380),(802,39,7,1542120),(803,39,5,1457300),(804,39,6,1434340),(805,39,11,878714),(806,39,8,546668),(807,39,12,535425),(808,39,14,464635),(809,39,10,390739),(810,39,15,250166),(811,39,4,228077),(812,39,13,68469),(813,39,16,20370),(814,39,18,9471),(815,39,19,4009),(816,39,17,3895),(817,39,23,87),(818,39,20,1),(819,40,2,1203300000),(820,40,3,240924000),(821,40,1,85429700),(822,40,6,3661550),(823,40,7,3391560),(824,40,5,2454470),(825,40,9,2341110),(826,40,8,1064540),(827,40,11,713359),(828,40,14,201786),(829,40,10,120045),(830,40,15,60377),(831,40,13,59495),(832,40,12,57176),(833,40,4,52981),(834,40,16,12391),(835,40,19,4982),(836,40,17,2385),(837,40,20,0),(838,41,2,1308230000),(839,41,3,273609000),(840,41,1,78447200),(841,41,7,26896600),(842,41,9,4150840),(843,41,6,2849100),(844,41,8,1943740),(845,41,11,1773610),(846,41,5,579209),(847,41,14,97356),(848,41,15,67783),(849,41,13,65841),(850,41,4,65235),(851,41,10,62008),(852,41,18,31663),(853,41,16,22748),(854,41,12,11290),(855,41,20,7047),(856,41,19,5814),(857,41,17,3341),(858,41,23,171),(859,42,1,16266800),(860,42,2,15094100),(861,42,3,2948640),(862,42,6,30581),(863,42,5,19658),(864,42,8,17574),(865,42,19,3287),(866,42,14,2586),(867,42,4,2386),(868,42,12,1812),(869,42,9,656),(870,42,11,211),(871,42,10,137),(872,42,13,104),(873,42,21,74),(874,42,7,62),(875,42,15,3),(876,42,22,1),(877,43,1,3074560000),(878,43,2,1157770000),(879,43,3,821912000),(880,43,4,26392800),(881,43,7,13731500),(882,43,6,5464640),(883,43,9,3119020),(884,43,16,2275020),(885,43,20,1887560),(886,43,5,1818410),(887,43,8,629547),(888,43,11,235832),(889,43,10,228754),(890,43,15,170383),(891,43,12,161607),(892,43,14,132203),(893,43,13,93255),(894,43,19,20583),(895,43,18,1123),(896,43,23,690),(897,43,22,140),(898,43,21,115),(899,43,17,57),(900,44,1,3704830000),(901,44,2,1364250000),(902,44,3,902842000),(903,44,4,14729000),(904,44,7,10872300),(905,44,6,6011670),(906,44,5,1537180),(907,44,16,1285860),(908,44,20,1249630),(909,44,8,1115280),(910,44,9,615669),(911,44,15,446388),(912,44,14,389195),(913,44,11,295678),(914,44,10,287028),(915,44,13,215079),(916,44,12,182291),(917,44,19,34321),(918,44,17,176),(919,44,23,130),(920,44,18,81),(921,44,22,51),(922,44,21,4),(923,45,1,4440380000),(924,45,2,1567440000),(925,45,3,1125210000),(926,45,4,22442900),(927,45,6,9440860),(928,45,7,7485420),(929,45,20,3822860),(930,45,16,2011030),(931,45,5,1587580),(932,45,8,553575),(933,45,15,336483),(934,45,14,300051),(935,45,11,263896),(936,45,9,225872),(937,45,10,217482),(938,45,12,179808),(939,45,13,134843),(940,45,19,32774),(941,45,17,3220),(942,45,18,2920),(943,45,21,948),(944,45,23,735),(945,45,22,218),(946,46,1,4166310000),(947,46,2,1712420000),(948,46,3,1055570000),(949,46,4,29887200),(950,46,6,9414320),(951,46,20,6602210),(952,46,7,5947330),(953,46,8,2483720),(954,46,5,2107170),(955,46,11,1291300),(956,46,16,1037160),(957,46,9,620165),(958,46,10,236061),(959,46,15,217708),(960,46,14,191953),(961,46,12,139345),(962,46,13,114989),(963,46,19,41792),(964,46,23,548),(965,46,22,200),(966,46,21,100),(967,46,17,97),(968,46,18,1),(969,47,1,4281090000),(970,47,2,1961570000),(971,47,3,1192000000),(972,47,4,50087800),(973,47,20,11664900),(974,47,6,9910200),(975,47,7,6962650),(976,47,22,4318130),(977,47,5,2705290),(978,47,16,2702360),(979,47,11,2000120),(980,47,9,1518170),(981,47,8,647721),(982,47,14,489260),(983,47,15,424297),(984,47,10,264435),(985,47,12,234715),(986,47,13,129079),(987,47,19,39017),(988,47,23,638),(989,47,17,428),(990,47,18,39),(991,47,21,25),(992,48,1,3294130000),(993,48,2,3037040000),(994,48,3,1316520000),(995,48,4,87897200),(996,48,6,11668900),(997,48,9,8258870),(998,48,20,8115000),(999,48,16,6745030),(1000,48,22,3061360),(1001,48,7,2371190),(1002,48,5,2076970),(1003,48,15,1778710),(1004,48,10,853126),(1005,48,8,852554),(1006,48,11,591443),(1007,48,14,561855),(1008,48,13,74328),(1009,48,12,52184),(1010,48,19,29730),(1011,48,18,1703),(1012,48,21,459),(1013,48,23,326),(1014,48,17,185),(1015,49,2,566309000),(1016,49,3,66313400),(1017,49,7,5987020),(1018,49,1,3536620),(1019,49,9,492057),(1020,49,10,447592),(1021,49,11,393245),(1022,49,5,243698),(1023,49,14,139619),(1024,49,4,95218),(1025,49,12,35581),(1026,49,13,19831),(1027,49,8,9866),(1028,49,15,8959),(1029,49,17,2622),(1030,49,16,1080),(1031,49,20,80),(1032,50,1,3900580000),(1033,50,2,1427410000),(1034,50,3,279161000),(1035,50,4,65280200),(1036,50,16,6193820),(1037,50,7,4953010),(1038,50,5,2815210),(1039,50,12,2178470),(1040,50,8,1825060),(1041,50,11,1648390),(1042,50,9,1570680),(1043,50,10,453301),(1044,50,20,266940),(1045,50,14,179958),(1046,50,13,109531),(1047,50,15,78618),(1048,50,17,39672),(1049,50,21,151),(1050,50,18,10),(1051,51,1,4342050000),(1052,51,2,1975300000),(1053,51,3,947405000),(1054,51,4,48789600),(1055,51,16,27575700),(1056,51,7,24026100),(1057,51,6,10891700),(1058,51,9,4354060),(1059,51,5,3440400),(1060,51,20,834403),(1061,51,8,687727),(1062,51,10,676609),(1063,51,11,629158),(1064,51,15,514965),(1065,51,14,380137),(1066,51,13,341026),(1067,51,12,212431),(1068,51,19,115388),(1069,51,17,954),(1070,51,23,884),(1071,51,18,236),(1072,51,22,232),(1073,51,21,159),(1074,52,1,4757390000),(1075,52,2,2532570000),(1076,52,3,1295480000),(1077,52,4,88692700),(1078,52,7,25606500),(1079,52,6,21822000),(1080,52,16,11834600),(1081,52,9,5345040),(1082,52,5,3590230),(1083,52,20,2665370),(1084,52,8,1207140),(1085,52,12,1071010),(1086,52,10,841317),(1087,52,11,630314),(1088,52,15,514859),(1089,52,13,495255),(1090,52,14,239411),(1091,52,19,200569),(1092,52,17,9043),(1093,52,23,3011),(1094,52,21,1999),(1095,52,22,1114),(1096,52,18,33),(1097,53,1,4445720000),(1098,53,2,2244330000),(1099,53,3,1073510000),(1100,53,4,87872100),(1101,53,6,18321700),(1102,53,16,14217300),(1103,53,7,13140100),(1104,53,5,3162000),(1105,53,20,3132280),(1106,53,9,2469110),(1107,53,8,1731060),(1108,53,12,822988),(1109,53,22,697605),(1110,53,11,607490),(1111,53,10,497735),(1112,53,14,473105),(1113,53,15,430329),(1114,53,13,375801),(1115,53,19,187583),(1116,53,17,4654),(1117,53,21,3295),(1118,53,23,2083),(1119,53,18,68),(1120,54,1,4512400000),(1121,54,2,1869670000),(1122,54,3,914598000),(1123,54,4,54408200),(1124,54,7,41248900),(1125,54,6,10241900),(1126,54,9,6330450),(1127,54,5,4820230),(1128,54,20,2315210),(1129,54,16,1520770),(1130,54,11,1449040),(1131,54,8,1340820),(1132,54,15,822495),(1133,54,14,778447),(1134,54,10,476696),(1135,54,13,434647),(1136,54,12,352637),(1137,54,19,89088),(1138,54,18,20573),(1139,54,17,10548),(1140,54,22,148),(1141,54,21,52),(1142,54,23,23),(1143,55,1,4120540000),(1144,55,2,2001740000),(1145,55,3,954301000),(1146,55,4,90751900),(1147,55,7,39133800),(1148,55,16,28085400),(1149,55,6,11418100),(1150,55,5,2680020),(1151,55,9,1279170),(1152,55,8,458056),(1153,55,11,445500),(1154,55,15,407255),(1155,55,12,406554),(1156,55,14,400500),(1157,55,10,352302),(1158,55,20,247462),(1159,55,13,243864),(1160,55,19,107253),(1161,55,17,21075),(1162,55,21,916),(1163,55,23,658),(1164,55,22,187),(1165,55,18,83),(1166,56,1,5044060000),(1167,56,2,2439090000),(1168,56,3,1381700000),(1169,56,4,109769000),(1170,56,6,18234900),(1171,56,7,16650400),(1172,56,16,16541000),(1173,56,5,4160670),(1174,56,9,2019340),(1175,56,11,588111),(1176,56,8,569028),(1177,56,10,513629),(1178,56,15,394853),(1179,56,20,360682),(1180,56,13,281380),(1181,56,12,211857),(1182,56,19,188896),(1183,56,14,156527),(1184,56,17,9890),(1185,56,18,1198),(1186,56,23,904),(1187,56,22,814),(1188,56,21,11),(1189,57,1,4104090000),(1190,57,2,2406610000),(1191,57,3,1170130000),(1192,57,4,85792900),(1193,57,7,40034600),(1194,57,6,23406300),(1195,57,16,9170160),(1196,57,9,8025060),(1197,57,5,3346610),(1198,57,20,2954760),(1199,57,8,2120440),(1200,57,22,1986540),(1201,57,10,626516),(1202,57,11,477455),(1203,57,15,411090),(1204,57,14,366211),(1205,57,13,341298),(1206,57,12,186109),(1207,57,19,178597),(1208,57,17,7022),(1209,57,18,4324),(1210,57,21,104),(1211,57,23,22),(1212,58,1,2206150000),(1213,58,2,1178600000),(1214,58,3,404580000),(1215,58,4,27159600),(1216,58,7,7157890),(1217,58,6,5213100),(1218,58,5,1616900),(1219,58,16,1564360),(1220,58,9,1421100),(1221,58,20,700438),(1222,58,14,329345),(1223,58,11,287141),(1224,58,10,286080),(1225,58,8,214607),(1226,58,12,128561),(1227,58,15,116112),(1228,58,13,53876),(1229,58,19,36100),(1230,58,21,136),(1231,58,17,73),(1232,58,22,58),(1233,58,18,41),(1234,59,1,2531420000),(1235,59,2,1737370000),(1236,59,3,483462000),(1237,59,4,37439200),(1238,59,6,7253430),(1239,59,16,5761030),(1240,59,20,5532700),(1241,59,5,1758250),(1242,59,9,872700),(1243,59,11,675485),(1244,59,7,352786),(1245,59,10,186924),(1246,59,8,183559),(1247,59,15,138190),(1248,59,14,122105),(1249,59,12,82244),(1250,59,13,42724),(1251,59,19,36992),(1252,59,17,7667),(1253,59,18,2352),(1254,59,22,356),(1255,60,1,3059420000),(1256,60,2,1813030000),(1257,60,3,686823000),(1258,60,4,56898800),(1259,60,16,22507500),(1260,60,6,9188570),(1261,60,20,1360700),(1262,60,5,1240440),(1263,60,11,460224),(1264,60,9,377332),(1265,60,14,241988),(1266,60,8,162976),(1267,60,10,149084),(1268,60,15,122740),(1269,60,12,83299),(1270,60,19,61217),(1271,60,7,47067),(1272,60,13,43740),(1273,60,17,3283),(1274,60,21,863),(1275,60,18,204),(1276,60,22,41),(1277,61,1,3989940000),(1278,61,2,1809670000),(1279,61,3,899869000),(1280,61,4,34290200),(1281,61,6,14005900),(1282,61,16,6481230),(1283,61,5,1372640),(1284,61,20,1045770),(1285,61,11,872881),(1286,61,14,290293),(1287,61,15,285881),(1288,61,9,220751),(1289,61,12,159461),(1290,61,10,138266),(1291,61,8,99324),(1292,61,7,50602),(1293,61,19,41081),(1294,61,13,35570),(1295,61,21,908),(1296,61,18,870),(1297,61,22,312),(1298,61,17,92),(1299,62,1,4038860000),(1300,62,2,1968450000),(1301,62,3,893873000),(1302,62,4,50134100),(1303,62,6,19135600),(1304,62,16,2849320),(1305,62,20,2141090),(1306,62,5,1995400),(1307,62,11,1580060),(1308,62,7,985146),(1309,62,15,421922),(1310,62,9,404618),(1311,62,10,234747),(1312,62,14,213742),(1313,62,8,150577),(1314,62,12,132847),(1315,62,13,50013),(1316,62,19,31819),(1317,62,18,7697),(1318,62,17,287),(1319,62,21,263),(1320,62,23,215),(1321,62,22,203),(1322,63,1,3514320000),(1323,63,2,1754420000),(1324,63,3,844101000),(1325,63,4,35867100),(1326,63,6,19259500),(1327,63,16,7308210),(1328,63,7,2702060),(1329,63,22,1993320),(1330,63,20,1957620),(1331,63,5,1632140),(1332,63,9,485618),(1333,63,14,479604),(1334,63,11,336532),(1335,63,15,226314),(1336,63,8,218608),(1337,63,10,180447),(1338,63,13,102384),(1339,63,12,91884),(1340,63,19,37526),(1341,63,18,6429),(1342,63,17,258),(1343,63,21,215),(1344,64,1,2695650000),(1345,64,2,2142810000),(1346,64,3,719720000),(1347,64,4,53295700),(1348,64,6,16599500),(1349,64,16,3140310),(1350,64,7,2974680),(1351,64,9,2265870),(1352,64,5,1317120),(1353,64,8,957184),(1354,64,20,750059),(1355,64,22,697527),(1356,64,14,523515),(1357,64,10,405298),(1358,64,15,373372),(1359,64,11,248465),(1360,64,13,78897),(1361,64,12,39224),(1362,64,19,25858),(1363,64,18,4416),(1364,64,17,127),(1365,64,23,17),(1366,65,1,257341000),(1367,65,2,245295000),(1368,65,3,68560200),(1369,65,4,834247),(1370,65,6,718733),(1371,65,9,527792),(1372,65,14,401010),(1373,65,5,353831),(1374,65,7,277471),(1375,65,8,115425),(1376,65,10,105433),(1377,65,13,72092),(1378,65,20,68792),(1379,65,15,52560),(1380,65,11,33224),(1381,65,16,26658),(1382,65,19,10905),(1383,65,12,6654),(1384,65,22,44),(1385,65,18,19),(1386,66,1,276234000),(1387,66,2,186170000),(1388,66,3,70454200),(1389,66,9,6595620),(1390,66,6,834256),(1391,66,4,752054),(1392,66,7,359971),(1393,66,5,322012),(1394,66,20,280012),(1395,66,14,193824),(1396,66,12,190795),(1397,66,16,162073),(1398,66,10,54986),(1399,66,11,42444),(1400,66,15,39016),(1401,66,8,37462),(1402,66,13,31707),(1403,66,19,19811),(1404,66,23,34),(1405,66,22,24),(1406,66,17,12),(1407,66,18,4),(1408,67,1,457247000),(1409,67,2,312253000),(1410,67,3,115166000),(1411,67,7,9587180),(1412,67,4,7478680),(1413,67,6,1965350),(1414,67,5,794251),(1415,67,14,687575),(1416,67,9,574571),(1417,67,16,424649),(1418,67,15,204544),(1419,67,10,128321),(1420,67,8,120879),(1421,67,13,54413),(1422,67,11,49573),(1423,67,20,47569),(1424,67,19,30622),(1425,67,12,7705),(1426,67,22,419),(1427,67,17,16),(1428,67,18,5),(1429,68,1,487800000),(1430,68,2,397314000),(1431,68,3,173747000),(1432,68,4,12746800),(1433,68,7,6845340),(1434,68,6,2585670),(1435,68,16,1829530),(1436,68,9,1270990),(1437,68,5,1203510),(1438,68,14,157740),(1439,68,20,130294),(1440,68,15,112512),(1441,68,8,77360),(1442,68,10,66037),(1443,68,11,51236),(1444,68,17,42572),(1445,68,13,38368),(1446,68,19,34812),(1447,68,12,33683),(1448,68,22,259),(1449,68,18,6),(1450,69,1,391489000),(1451,69,2,327189000),(1452,69,3,178405000),(1453,69,4,13420500),(1454,69,7,2828380),(1455,69,6,2280900),(1456,69,16,1612540),(1457,69,9,1144430),(1458,69,5,877596),(1459,69,15,206235),(1460,69,8,107946),(1461,69,14,97322),(1462,69,11,90028),(1463,69,10,66988),(1464,69,22,58039),(1465,69,13,51665),(1466,69,19,46054),(1467,69,20,24858),(1468,69,12,9261),(1469,69,23,50),(1470,69,17,28),(1471,69,18,1),(1472,70,1,289128000),(1473,70,2,207786000),(1474,70,3,125029000),(1475,70,4,9722020),(1476,70,6,1873070),(1477,70,7,844007),(1478,70,8,748201),(1479,70,9,653501),(1480,70,5,558534),(1481,70,15,320681),(1482,70,16,301045),(1483,70,11,90192),(1484,70,10,77160),(1485,70,13,43067),(1486,70,14,19198),(1487,70,12,15657),(1488,70,19,13589),(1489,70,20,11481),(1490,70,22,1154),(1491,70,23,62),(1492,71,1,764016000),(1493,71,2,465389000),(1494,71,3,203775000),(1495,71,4,3624440),(1496,71,6,1700890),(1497,71,5,1499710),(1498,71,7,815349),(1499,71,8,590143),(1500,71,9,367970),(1501,71,15,276229),(1502,71,13,147924),(1503,71,10,107034),(1504,71,17,79460),(1505,71,11,70706),(1506,71,14,27996),(1507,71,12,20701),(1508,71,16,14196),(1509,71,19,4833),(1510,71,20,6),(1511,71,18,5),(1512,72,1,856628000),(1513,72,2,524781000),(1514,72,3,197515000),(1515,72,4,3682950),(1516,72,6,2744970),(1517,72,7,2105450),(1518,72,5,1274420),(1519,72,8,1068650),(1520,72,15,319585),(1521,72,12,128631),(1522,72,10,122996),(1523,72,13,109947),(1524,72,11,79911),(1525,72,9,56939),(1526,72,14,38137),(1527,72,16,25577),(1528,72,17,16450),(1529,72,19,6959),(1530,72,18,565),(1531,72,21,53),(1532,72,20,0),(1533,73,1,852205000),(1534,73,2,596581000),(1535,73,3,221023000),(1536,73,7,8298550),(1537,73,8,3860160),(1538,73,6,3091010),(1539,73,4,2460350),(1540,73,5,1072560),(1541,73,15,332899),(1542,73,13,231973),(1543,73,11,137652),(1544,73,12,134722),(1545,73,14,122882),(1546,73,10,71916),(1547,73,17,67575),(1548,73,9,31767),(1549,73,16,20266),(1550,73,19,14241),(1551,73,23,221),(1552,73,21,59),(1553,73,22,20),(1554,73,20,9),(1555,73,18,3),(1556,74,2,674161000),(1557,74,1,554448000),(1558,74,3,553943000),(1559,74,7,18488000),(1560,74,4,5837160),(1561,74,6,5398880),(1562,74,5,1841710),(1563,74,8,932986),(1564,74,9,495756),(1565,74,14,266379),(1566,74,11,163084),(1567,74,15,159604),(1568,74,17,112929),(1569,74,10,99279),(1570,74,13,64084),(1571,74,16,36479),(1572,74,19,28893),(1573,74,12,21724),(1574,74,22,3136),(1575,74,20,529),(1576,74,21,69),(1577,74,18,66),(1578,75,1,1257210000),(1579,75,2,633062000),(1580,75,3,253721000),(1581,75,4,7286370),(1582,75,11,1884860),(1583,75,5,1120910),(1584,75,7,608521),(1585,75,9,424406),(1586,75,10,157587),(1587,75,12,98600),(1588,75,13,93233),(1589,75,14,41503),(1590,75,8,27078),(1591,75,15,18396),(1592,75,17,8490),(1593,75,18,8072),(1594,75,16,1434),(1595,75,20,15),(1596,0,1,554998000),(1597,0,2,523993000),(1598,0,3,182057000),(1599,0,4,22310000),(1600,0,6,3368160),(1601,0,5,862300),(1602,0,9,435501),(1603,0,7,384382),(1604,0,14,315804),(1605,0,10,125672),(1606,0,11,121447),(1607,0,16,56428),(1608,0,12,33172),(1609,0,8,21425),(1610,0,13,20271),(1611,0,17,4783),(1612,0,19,4517),(1613,0,15,3352),(1614,0,22,144),(1615,0,23,92),(1616,0,20,48),(1617,0,21,40),(1618,0,18,7),(1619,76,2,663013000),(1620,76,1,602667000),(1621,76,3,293979000),(1622,76,4,66579100),(1623,76,6,4251390),(1624,76,5,1011210),(1625,76,9,583685),(1626,76,11,377268),(1627,76,16,146400),(1628,76,10,109784),(1629,76,14,68263),(1630,76,13,26128),(1631,76,12,21938),(1632,76,8,20297),(1633,76,7,13014),(1634,76,15,11340),(1635,76,19,10869),(1636,76,18,837),(1637,76,22,303),(1638,76,23,72),(1639,76,20,46),(1640,76,17,46),(1641,77,2,649527000),(1642,77,1,646691000),(1643,77,3,307650000),(1644,77,4,66324800),(1645,77,6,5918540),(1646,77,5,993728),(1647,77,9,727336),(1648,77,11,231537),(1649,77,16,153717),(1650,77,10,96472),(1651,77,14,86642),(1652,77,8,44456),(1653,77,12,22597),(1654,77,13,20879),(1655,77,19,17360),(1656,77,7,4776),(1657,77,15,4009),(1658,77,22,712),(1659,77,23,294),(1660,77,17,87),(1661,77,20,29),(1662,77,18,13),(1663,78,1,455491000),(1664,78,2,378024000),(1665,78,3,202217000),(1666,78,4,14559500),(1667,78,7,3221880),(1668,78,5,1394470),(1669,78,9,970485),(1670,78,11,402163),(1671,78,10,141281),(1672,78,14,130117),(1673,78,8,127370),(1674,78,17,43932),(1675,78,13,43579),(1676,78,12,37208),(1677,78,15,11974),(1678,78,16,7311),(1679,78,21,79),(1680,78,20,36),(1681,78,18,15),(1682,79,2,620662000),(1683,79,1,560962000),(1684,79,3,318303000),(1685,79,4,64699000),(1686,79,6,5729080),(1687,79,5,849810),(1688,79,9,677065),(1689,79,11,232505),(1690,79,16,176499),(1691,79,14,102007),(1692,79,10,101604),(1693,79,8,69408),(1694,79,13,48534),(1695,79,12,33521),(1696,79,7,32855),(1697,79,19,22449),(1698,79,15,8712),(1699,79,17,1136),(1700,79,23,120),(1701,79,22,94),(1702,79,18,31),(1703,79,20,28),(1704,79,21,3),(1705,80,2,719515000),(1706,80,1,497853000),(1707,80,3,349145000),(1708,80,4,88075100),(1709,80,6,6240410),(1710,80,7,974996),(1711,80,5,920881),(1712,80,10,491139),(1713,80,9,255015),(1714,80,16,234748),(1715,80,11,211776),(1716,80,14,76025),(1717,80,13,59549),(1718,80,8,47916),(1719,80,12,45625),(1720,80,19,29800),(1721,80,22,8095),(1722,80,15,2110),(1723,80,23,763),(1724,80,18,320),(1725,80,17,311),(1726,80,20,306),(1727,81,2,558355000),(1728,81,1,249413000),(1729,81,3,227922000),(1730,81,4,54355300),(1731,81,16,5715970),(1732,81,6,1750510),(1733,81,5,1190640),(1734,81,7,309034),(1735,81,10,194541),(1736,81,14,176427),(1737,81,9,168314),(1738,81,11,130101),(1739,81,8,78187),(1740,81,19,35437),(1741,81,13,19461),(1742,81,12,16694),(1743,81,15,16292),(1744,81,22,3424),(1745,81,17,2113),(1746,81,21,483),(1747,81,20,275),(1748,81,23,97),(1749,81,18,77),(1750,82,1,1315080000),(1751,82,2,659535000),(1752,82,3,241138000),(1753,82,4,13739500),(1754,82,11,3278340),(1755,82,7,2805830),(1756,82,5,1573490),(1757,82,9,551756),(1758,82,10,312945),(1759,82,12,126258),(1760,82,14,67683),(1761,82,13,44899),(1762,82,17,34007),(1763,82,8,33025),(1764,82,15,8679),(1765,82,16,771),(1766,82,18,144),(1767,82,20,13),(1768,83,1,2405580000),(1769,83,2,1109240000),(1770,83,3,470645000),(1771,83,4,37274100),(1772,83,6,8246730),(1773,83,16,7588610),(1774,83,20,3449380),(1775,83,9,2337260),(1776,83,5,1651500),(1777,83,15,853042),(1778,83,7,763543),(1779,83,11,393167),(1780,83,10,240896),(1781,83,8,226039),(1782,83,19,204591),(1783,83,12,140786),(1784,83,14,121802),(1785,83,13,70384),(1786,83,18,1853),(1787,83,23,862),(1788,83,17,101),(1789,83,22,20),(1790,84,1,2246620000),(1791,84,2,1115440000),(1792,84,3,459100000),(1793,84,4,44768800),(1794,84,6,15149500),(1795,84,16,1896800),(1796,84,5,1404100),(1797,84,20,1090480),(1798,84,7,913569),(1799,84,11,875415),(1800,84,9,331753),(1801,84,10,262944),(1802,84,8,204021),(1803,84,19,159203),(1804,84,15,119114),(1805,84,14,98426),(1806,84,12,97219),(1807,84,13,69436),(1808,84,23,940),(1809,84,17,533),(1810,84,22,59),(1811,84,21,43),(1812,84,18,20),(1813,85,1,2581910000),(1814,85,2,916353000),(1815,85,3,541977000),(1816,85,4,56810800),(1817,85,16,17607900),(1818,85,7,14296200),(1819,85,20,2061670),(1820,85,5,1989260),(1821,85,9,1506280),(1822,85,10,793511),(1823,85,15,575373),(1824,85,11,488374),(1825,85,13,266986),(1826,85,12,143321),(1827,85,14,112772),(1828,85,8,43323),(1829,85,18,7912),(1830,85,17,4261),(1831,85,21,2121),(1832,86,1,2048070000),(1833,86,2,1249400000),(1834,86,3,483572000),(1835,86,4,54088800),(1836,86,6,16731100),(1837,86,7,3518540),(1838,86,20,3177620),(1839,86,16,2172850),(1840,86,11,1371400),(1841,86,5,1098920),(1842,86,9,780391),(1843,86,8,190458),(1844,86,10,165954),(1845,86,15,158523),(1846,86,19,118449),(1847,86,12,79775),(1848,86,13,72248),(1849,86,14,58371),(1850,86,17,9298),(1851,86,18,1133),(1852,86,22,142),(1853,86,23,32),(1854,86,21,22),(1855,87,1,2343180000),(1856,87,2,970150000),(1857,87,3,457038000),(1858,87,4,26028200),(1859,87,6,7102090),(1860,87,20,3273230),(1861,87,7,2089420),(1862,87,5,1559210),(1863,87,15,1285720),(1864,87,16,793982),(1865,87,9,427976),(1866,87,11,307390),(1867,87,10,249521),(1868,87,8,243649),(1869,87,14,92365),(1870,87,19,84710),(1871,87,13,74794),(1872,87,12,55372),(1873,87,17,1406),(1874,87,22,21),(1875,87,18,3),(1876,88,1,2338270000),(1877,88,2,1107770000),(1878,88,3,449624000),(1879,88,4,43208900),(1880,88,6,11049300),(1881,88,16,10397600),(1882,88,20,3220800),(1883,88,7,2107850),(1884,88,9,1716770),(1885,88,5,1517420),(1886,88,11,623221),(1887,88,13,435338),(1888,88,19,232901),(1889,88,8,222506),(1890,88,10,198242),(1891,88,15,192752),(1892,88,12,75952),(1893,88,14,51220),(1894,88,18,18361),(1895,88,17,4116),(1896,88,23,963),(1897,88,22,89),(1898,88,21,32),(1899,89,1,2367470000),(1900,89,2,1410100000),(1901,89,3,564680000),(1902,89,4,65661400),(1903,89,6,21616400),(1904,89,20,10318400),(1905,89,7,3521400),(1906,89,16,2823240),(1907,89,11,2101810),(1908,89,5,1610320),(1909,89,9,710264),(1910,89,8,449914),(1911,89,15,241722),(1912,89,14,229309),(1913,89,10,221365),(1914,89,13,82069),(1915,89,19,72344),(1916,89,12,63706),(1917,89,22,9298),(1918,89,17,271),(1919,89,18,23),(1920,90,2,1572770000),(1921,90,1,1038810000),(1922,90,3,535847000),(1923,90,4,24097500),(1924,90,6,19257300),(1925,90,16,4845340),(1926,90,7,4128420),(1927,90,20,3032400),(1928,90,9,1785870),(1929,90,5,1130380),(1930,90,22,823464),(1931,90,15,581765),(1932,90,8,541538),(1933,90,14,426506),(1934,90,11,346007),(1935,90,10,231470),(1936,90,12,108942),(1937,90,13,85715),(1938,90,19,56497),(1939,90,17,5959),(1940,90,23,143),(1941,90,18,16),(1942,90,21,11),(1943,91,2,2301370000),(1944,91,1,480457000),(1945,91,3,446346000),(1946,91,7,29798400),(1947,91,4,22012400),(1948,91,16,8480140),(1949,91,5,5809160),(1950,91,6,4711270),(1951,91,9,1252500),(1952,91,14,1226160),(1953,91,8,569015),(1954,91,12,456320),(1955,91,11,365050),(1956,91,13,179690),(1957,91,10,69218),(1958,91,20,53283),(1959,91,17,44607),(1960,91,15,31993),(1961,91,19,14097),(1962,91,18,1064),(1963,91,21,104),(1964,92,2,1879030000),(1965,92,1,359994000),(1966,92,3,350763000),(1967,92,4,29758700),(1968,92,7,7043320),(1969,92,6,6699320),(1970,92,5,6541480),(1971,92,9,1432580),(1972,92,14,1020600),(1973,92,12,424624),(1974,92,15,321981),(1975,92,8,293275),(1976,92,16,221868),(1977,92,11,200109),(1978,92,13,85833),(1979,92,10,49726),(1980,92,17,32442),(1981,92,19,16720),(1982,92,20,1562),(1983,92,22,706),(1984,92,21,27),(1985,92,18,20),(1986,93,2,2220110000),(1987,93,3,405871000),(1988,93,1,334584000),(1989,93,7,24420700),(1990,93,4,11233400),(1991,93,6,9192150),(1992,93,5,5153930),(1993,93,16,1563350),(1994,93,14,1502130),(1995,93,9,1199000),(1996,93,11,727397),(1997,93,8,669367),(1998,93,12,372850),(1999,93,15,322783),(2000,93,13,171867),(2001,93,10,116047),(2002,93,19,37090),(2003,93,17,18712),(2004,93,20,10031),(2005,93,22,80),(2006,93,23,42),(2007,93,18,38),(2008,93,21,22),(2009,94,2,920702000),(2010,94,3,496126000),(2011,94,1,196302000),(2012,94,6,6536970),(2013,94,4,4011670),(2014,94,5,3842790),(2015,94,7,3557910),(2016,94,9,3256420),(2017,94,16,419122),(2018,94,11,263070),(2019,94,14,235719),(2020,94,12,227880),(2021,94,15,225523),(2022,94,13,131555),(2023,94,10,54412),(2024,94,17,41604),(2025,94,8,32027),(2026,94,18,24762),(2027,94,19,23395),(2028,94,22,4119),(2029,94,21,210),(2030,94,20,4),(2031,95,1,1924030000),(2032,95,2,502265000),(2033,95,3,241106000),(2034,95,4,12127300),(2035,95,16,2116340),(2036,95,5,1113580),(2037,95,9,1021660),(2038,95,7,907429),(2039,95,10,354601),(2040,95,11,323492),(2041,95,12,232391),(2042,95,14,208607),(2043,95,13,96333),(2044,95,8,76869),(2045,95,15,40895),(2046,95,17,171),(2047,95,20,39),(2048,95,18,5),(2049,96,1,3355000000),(2050,96,2,2243650000),(2051,96,3,1420690000),(2052,96,4,72656100),(2053,96,6,14969100),(2054,96,7,13086900),(2055,96,9,6777490),(2056,96,16,5012860),(2057,96,20,3380770),(2058,96,5,2464360),(2059,96,8,1999840),(2060,96,11,825615),(2061,96,10,555305),(2062,96,14,491189),(2063,96,15,425852),(2064,96,12,185976),(2065,96,13,176543),(2066,96,19,40079),(2067,96,17,6470),(2068,96,23,1658),(2069,96,22,511),(2070,96,18,43),(2071,96,21,16),(2072,97,2,961286000),(2073,97,1,879354000),(2074,97,3,271934000),(2075,97,7,8108310),(2076,97,4,6374320),(2077,97,5,1478220),(2078,97,10,1018510),(2079,97,11,597740),(2080,97,14,276781),(2081,97,9,206837),(2082,97,13,115213),(2083,97,12,97624),(2084,97,16,80431),(2085,97,15,43697),(2086,97,8,29920),(2087,97,17,264),(2088,97,20,122),(2089,97,18,6),(2090,98,1,2928610000),(2091,98,2,1956060000),(2092,98,3,1035130000),(2093,98,7,39237000),(2094,98,4,30918000),(2095,98,6,9097160),(2096,98,9,8530420),(2097,98,5,4203730),(2098,98,20,2675270),(2099,98,8,1861860),(2100,98,16,1002070),(2101,98,11,868346),(2102,98,10,550870),(2103,98,13,373553),(2104,98,14,278650),(2105,98,15,222213),(2106,98,12,203519),(2107,98,19,36400),(2108,98,17,4434),(2109,98,23,1765),(2110,98,18,41),(2111,98,22,11),(2112,99,1,3190520000),(2113,99,2,2156110000),(2114,99,3,1235190000),(2115,99,4,47150300),(2116,99,7,21763600),(2117,99,6,11152000),(2118,99,16,5507720),(2119,99,9,3054090),(2120,99,5,2800240),(2121,99,20,2245050),(2122,99,8,1483070),(2123,99,15,1107890),(2124,99,11,836049),(2125,99,14,481405),(2126,99,10,460070),(2127,99,13,328047),(2128,99,12,262727),(2129,99,19,47007),(2130,99,18,29609),(2131,99,17,5001),(2132,99,23,598),(2133,99,22,85),(2134,100,2,63991800),(2135,100,3,18987900),(2136,100,5,311638),(2137,100,11,210872),(2138,100,10,102338),(2139,100,1,83432),(2140,100,4,54777),(2141,100,7,21685),(2142,100,12,18445),(2143,100,13,17737),(2144,100,14,3257),(2145,100,9,2066),(2146,100,15,51),(2147,100,20,6),(2148,100,18,0),(2149,101,1,2452760000),(2150,101,2,1787160000),(2151,101,3,1002290000),(2152,101,4,46212400),(2153,101,6,8618130),(2154,101,7,6668920),(2155,101,16,6044310),(2156,101,9,5180440),(2157,101,20,2202560),(2158,101,5,1699440),(2159,101,8,1119370),(2160,101,15,698561),(2161,101,12,559695),(2162,101,11,535434),(2163,101,14,377699),(2164,101,10,299675),(2165,101,13,266307),(2166,101,19,26575),(2167,101,17,5277),(2168,101,23,1444),(2169,101,18,867),(2170,101,22,26),(2171,101,21,25),(2172,102,1,2121660000),(2173,102,2,908337000),(2174,102,3,465905000),(2175,102,7,14820500),(2176,102,5,5857260),(2177,102,9,5431710),(2178,102,14,4535890),(2179,102,4,3307810),(2180,102,10,687251),(2181,102,11,602770),(2182,102,15,559694),(2183,102,8,543406),(2184,102,13,217185),(2185,102,16,178415),(2186,102,12,139249),(2187,102,17,3219),(2188,102,21,85),(2189,102,20,62),(2190,102,18,48),(2191,103,1,3997680000),(2192,103,2,2747240000),(2193,103,3,1769050000),(2194,103,4,83104200),(2195,103,6,17221900),(2196,103,7,10399300),(2197,103,16,7520890),(2198,103,9,5896420),(2199,103,20,3409840),(2200,103,5,3278730),(2201,103,8,2014380),(2202,103,11,1291060),(2203,103,14,807286),(2204,103,10,615407),(2205,103,15,441184),(2206,103,12,367030),(2207,103,13,222257),(2208,103,19,57900),(2209,103,18,5608),(2210,103,17,2500),(2211,103,22,573),(2212,103,23,427),(2213,103,21,15),(2214,104,1,4647390000),(2215,104,2,2947900000),(2216,104,3,2121570000),(2217,104,4,123036000),(2218,104,6,22423200),(2219,104,16,17678600),(2220,104,7,16006900),(2221,104,14,6039210),(2222,104,9,5650280),(2223,104,5,3594590),(2224,104,20,3100780),(2225,104,8,2049900),(2226,104,15,1150680),(2227,104,22,738684),(2228,104,11,727219),(2229,104,10,576674),(2230,104,12,529094),(2231,104,13,249482),(2232,104,19,107935),(2233,104,17,13858),(2234,104,18,1182),(2235,104,23,537),(2236,104,21,12),(2237,105,1,3701060000),(2238,105,2,3460830000),(2239,105,3,1737500000),(2240,105,4,118990000),(2241,105,6,24154600),(2242,105,7,16768700),(2243,105,16,11084100),(2244,105,9,7067910),(2245,105,5,3218440),(2246,105,8,2961580),(2247,105,20,2123580),(2248,105,15,2041170),(2249,105,10,1253810),(2250,105,12,717251),(2251,105,14,564722),(2252,105,22,524356),(2253,105,11,487412),(2254,105,13,324608),(2255,105,19,93027),(2256,105,17,3362),(2257,105,18,1211),(2258,105,23,666),(2259,105,21,46),(2260,106,1,149646000),(2261,106,2,83955700),(2262,106,3,52778900),(2263,106,4,524066),(2264,106,7,372979),(2265,106,15,206331),(2266,106,20,114990),(2267,106,5,93867),(2268,106,10,42381),(2269,106,12,26297),(2270,106,11,18517),(2271,106,9,9810),(2272,106,14,9208),(2273,106,13,5982),(2274,106,8,3662),(2275,106,16,1471),(2276,107,2,239915000),(2277,107,1,193598000),(2278,107,3,97346900),(2279,107,4,9575990),(2280,107,6,2959250),(2281,107,7,2703820),(2282,107,16,675743),(2283,107,5,295038),(2284,107,20,140632),(2285,107,11,124627),(2286,107,13,42643),(2287,107,19,26105),(2288,107,12,18923),(2289,107,8,16555),(2290,107,14,16242),(2291,107,10,12806),(2292,107,9,4568),(2293,107,15,3979),(2294,107,17,2292),(2295,107,22,15),(2296,107,18,0),(2297,108,1,139570000),(2298,108,2,116505000),(2299,108,3,71451400),(2300,108,4,1249640),(2301,108,20,687092),(2302,108,7,514477),(2303,108,5,194552),(2304,108,8,89347),(2305,108,11,53647),(2306,108,10,35121),(2307,108,15,30604),(2308,108,13,25099),(2309,108,12,9649),(2310,108,9,9269),(2311,108,14,6472),(2312,108,16,164),(2313,108,17,10),(2314,109,2,176504000),(2315,109,1,146419000),(2316,109,3,82123400),(2317,109,4,4968490),(2318,109,6,2780310),(2319,109,16,583283),(2320,109,7,405460),(2321,109,5,232260),(2322,109,15,136809),(2323,109,11,92512),(2324,109,13,40200),(2325,109,8,32398),(2326,109,20,29361),(2327,109,10,23886),(2328,109,19,19056),(2329,109,14,16725),(2330,109,9,2452),(2331,109,12,1727),(2332,109,18,941),(2333,109,17,97),(2334,109,22,16),(2335,110,2,32444500),(2336,110,1,13277300),(2337,110,3,4912000),(2338,110,5,51244),(2339,110,4,30188),(2340,110,14,25125),(2341,110,11,13309),(2342,110,10,11758),(2343,110,16,6912),(2344,110,9,4124),(2345,110,12,4076),(2346,110,13,1135),(2347,110,15,1129),(2348,110,7,8),(2349,111,1,225162000),(2350,111,2,185991000),(2351,111,3,96746100),(2352,111,4,8499380),(2353,111,6,1505710),(2354,111,7,1363840),(2355,111,5,370484),(2356,111,16,289681),(2357,111,8,182519),(2358,111,11,176037),(2359,111,20,67187),(2360,111,12,58185),(2361,111,13,54801),(2362,111,15,31919),(2363,111,10,28820),(2364,111,14,24119),(2365,111,19,11273),(2366,111,9,6152),(2367,111,17,73),(2368,111,18,0),(2369,112,2,202873000),(2370,112,1,165599000),(2371,112,3,107326000),(2372,112,4,13237200),(2373,112,6,1336790),(2374,112,7,1035520),(2375,112,16,700416),(2376,112,5,390107),(2377,112,13,73548),(2378,112,8,47186),(2379,112,11,37109),(2380,112,15,32066),(2381,112,10,24181),(2382,112,12,21626),(2383,112,19,14886),(2384,112,14,13873),(2385,112,20,4851),(2386,112,9,4640),(2387,112,17,40),(2388,112,22,31),(2389,112,18,3),(2390,113,2,229510000),(2391,113,1,180971000),(2392,113,3,93720100),(2393,113,4,5688530),(2394,113,6,1724810),(2395,113,16,896111),(2396,113,5,578944),(2397,113,7,223007),(2398,113,8,101919),(2399,113,11,69491),(2400,113,13,46122),(2401,113,19,31691),(2402,113,15,28418),(2403,113,10,13299),(2404,113,14,12761),(2405,113,12,10728),(2406,113,9,4645),(2407,113,17,823),(2408,113,20,62),(2409,113,22,22),(2410,114,2,84068700),(2411,114,1,64155300),(2412,114,3,25070700),(2413,114,4,3217520),(2414,114,6,1378670),(2415,114,7,729449),(2416,114,16,291296),(2417,114,5,177234),(2418,114,13,39245),(2419,114,11,27638),(2420,114,19,14243),(2421,114,15,9075),(2422,114,10,8612),(2423,114,14,3133),(2424,114,9,1719),(2425,114,8,453),(2426,114,12,377),(2427,114,22,58),(2428,114,20,38),(2429,115,2,84990400),(2430,115,1,73935700),(2431,115,3,29030700),(2432,115,4,4325380),(2433,115,6,1244150),(2434,115,7,1199120),(2435,115,5,264478),(2436,115,8,96680),(2437,115,16,91495),(2438,115,11,75788),(2439,115,13,24789),(2440,115,10,12525),(2441,115,19,12117),(2442,115,12,10873),(2443,115,14,3846),(2444,115,15,2616),(2445,115,9,1384),(2446,115,20,822),(2447,115,22,432),(2448,115,17,263),(2449,116,1,439703000),(2450,116,2,138761000),(2451,116,3,83124400),(2452,116,16,2625220),(2453,116,4,1627080),(2454,116,5,591700),(2455,116,11,399966),(2456,116,10,88400),(2457,116,7,81880),(2458,116,15,45936),(2459,116,9,27622),(2460,116,14,23901),(2461,116,12,16069),(2462,116,8,7347),(2463,116,13,5128),(2464,116,21,582),(2465,116,18,1),(2466,117,1,4346560000),(2467,117,2,2407590000),(2468,117,3,1699430000),(2469,117,4,99752400),(2470,117,7,18499400),(2471,117,6,13548600),(2472,117,16,3139500),(2473,117,5,1727560),(2474,117,9,1217760),(2475,117,15,1168540),(2476,117,20,784198),(2477,117,10,551986),(2478,117,14,361728),(2479,117,11,271659),(2480,117,13,251705),(2481,117,12,183744),(2482,117,8,96062),(2483,117,19,19122),(2484,117,17,9201),(2485,117,23,2826),(2486,117,21,1952),(2487,117,18,132),(2488,117,22,20),(2489,118,1,4483930000),(2490,118,2,2535000000),(2491,118,3,1923910000),(2492,118,4,130495000),(2493,118,6,14823100),(2494,118,16,9612710),(2495,118,7,4766700),(2496,118,5,2695180),(2497,118,9,1495180),(2498,118,15,1105760),(2499,118,12,690835),(2500,118,10,607556),(2501,118,11,355202),(2502,118,14,296262),(2503,118,13,252567),(2504,118,8,139656),(2505,118,20,111869),(2506,118,19,38332),(2507,118,17,8589),(2508,118,18,1477),(2509,118,23,1048),(2510,118,21,731),(2511,118,22,52),(2512,119,1,4282930000),(2513,119,2,2935480000),(2514,119,3,2200280000),(2515,119,4,154533000),(2516,119,16,44809800),(2517,119,6,17244500),(2518,119,9,4754280),(2519,119,7,3574890),(2520,119,5,2309420),(2521,119,15,1042440),(2522,119,11,834983),(2523,119,20,808849),(2524,119,14,683736),(2525,119,10,589466),(2526,119,12,220053),(2527,119,13,110319),(2528,119,8,80420),(2529,119,17,32424),(2530,119,19,24800),(2531,119,23,2739),(2532,119,21,1132),(2533,119,22,551),(2534,119,18,411),(2535,120,1,4466710000),(2536,120,2,2937060000),(2537,120,3,2042870000),(2538,120,4,167676000),(2539,120,16,28132000),(2540,120,6,20161100),(2541,120,9,4437060),(2542,120,5,4282350),(2543,120,7,2506540),(2544,120,20,1171670),(2545,120,10,900783),(2546,120,15,504300),(2547,120,12,408731),(2548,120,14,341524),(2549,120,11,267746),(2550,120,13,115060),(2551,120,19,36899),(2552,120,8,33397),(2553,120,17,4322),(2554,120,23,2874),(2555,120,22,420),(2556,120,24,395),(2557,120,21,392),(2558,120,18,18),(2559,121,1,4492040000),(2560,121,2,3208490000),(2561,121,3,2091250000),(2562,121,4,197549000),(2563,121,16,40390900),(2564,121,6,20799800),(2565,121,5,5853910),(2566,121,20,1800620),(2567,121,10,1477910),(2568,121,12,1400840),(2569,121,7,1363710),(2570,121,9,1068690),(2571,121,15,447968),(2572,121,11,438484),(2573,121,14,331503),(2574,121,13,108203),(2575,121,8,64189),(2576,121,19,25881),(2577,121,17,18938),(2578,121,21,2795),(2579,121,23,333),(2580,121,22,311),(2581,121,18,14),(2582,122,1,5608610000),(2583,122,2,3365970000),(2584,122,3,2377950000),(2585,122,4,185997000),(2586,122,16,34892000),(2587,122,6,23664300),(2588,122,5,3428260),(2589,122,20,2981910),(2590,122,22,1782670),(2591,122,7,1769160),(2592,122,15,946913),(2593,122,10,886474),(2594,122,9,748282),(2595,122,14,528954),(2596,122,11,394638),(2597,122,12,255179),(2598,122,13,151865),(2599,122,8,48167),(2600,122,19,36898),(2601,122,17,2014),(2602,122,23,402),(2603,122,21,200),(2604,122,18,5),(2605,123,2,2705260000),(2606,123,1,2345510000),(2607,123,3,1361270000),(2608,123,4,144044000),(2609,123,6,16292100),(2610,123,16,8985800),(2611,123,5,1901630),(2612,123,7,1451930),(2613,123,9,1317550),(2614,123,22,1310170),(2615,123,10,662669),(2616,123,20,447781),(2617,123,15,350800),(2618,123,11,262936),(2619,123,14,256404),(2620,123,13,226389),(2621,123,12,106218),(2622,123,8,30252),(2623,123,19,21116),(2624,123,18,4185),(2625,123,17,3723),(2626,123,23,375),(2627,124,1,3324320000),(2628,124,2,2404580000),(2629,124,3,945511000),(2630,124,4,73472500),(2631,124,16,19088200),(2632,124,6,13057100),(2633,124,7,8611310),(2634,124,14,3869900),(2635,124,5,2203790),(2636,124,9,775048),(2637,124,20,756387),(2638,124,10,503792),(2639,124,11,343733),(2640,124,15,263272),(2641,124,12,217748),(2642,124,8,125797),(2643,124,13,61915),(2644,124,19,27862),(2645,124,17,18210),(2646,124,23,139),(2647,124,18,31),(2648,124,22,8),(2649,124,21,5),(2650,125,1,3598780000),(2651,125,2,2325380000),(2652,125,3,1007730000),(2653,125,4,51692800),(2654,125,16,21586100),(2655,125,6,14199400),(2656,125,5,2640740),(2657,125,14,2519200),(2658,125,7,1276530),(2659,125,9,1220630),(2660,125,15,1110260),(2661,125,20,835686),(2662,125,10,387371),(2663,125,11,352223),(2664,125,8,203299),(2665,125,13,179644),(2666,125,12,152761),(2667,125,19,16764),(2668,125,17,839),(2669,125,18,838),(2670,125,22,715),(2671,125,23,284),(2672,125,21,39),(2673,126,1,3478570000),(2674,126,2,2443590000),(2675,126,3,987901000),(2676,126,4,49811500),(2677,126,16,20361700),(2678,126,6,13355300),(2679,126,15,5568660),(2680,126,7,4886380),(2681,126,14,4263330),(2682,126,9,2346940),(2683,126,5,2067060),(2684,126,20,1149190),(2685,126,11,570362),(2686,126,10,195747),(2687,126,12,157736),(2688,126,13,106264),(2689,126,8,59614),(2690,126,17,58170),(2691,126,19,40471),(2692,126,18,2404),(2693,126,21,263),(2694,126,23,152),(2695,126,22,107),(2696,127,1,2198560000),(2697,127,2,1823540000),(2698,127,3,668612000),(2699,127,4,38466400),(2700,127,6,12983100),(2701,127,14,10975100),(2702,127,16,5839580),(2703,127,15,5557120),(2704,127,5,1303760),(2705,127,9,987919),(2706,127,20,747942),(2707,127,7,625976),(2708,127,11,305965),(2709,127,10,134203),(2710,127,13,123765),(2711,127,12,94328),(2712,127,19,20164),(2713,127,17,19263),(2714,127,8,18840),(2715,127,21,489),(2716,127,18,119),(2717,127,22,72),(2718,128,1,4889460000),(2719,128,2,3716190000),(2720,128,3,1590260000),(2721,128,4,115066000),(2722,128,6,35232700),(2723,128,16,17998000),(2724,128,14,6351440),(2725,128,5,3233180),(2726,128,20,2237450),(2727,128,9,1924380),(2728,128,7,1689750),(2729,128,10,623147),(2730,128,11,532384),(2731,128,13,415533),(2732,128,12,207046),(2733,128,15,206919),(2734,128,8,132206),(2735,128,19,79969),(2736,128,18,46826),(2737,128,17,3627),(2738,128,21,1180),(2739,128,22,514),(2740,128,23,241),(2741,129,1,2801710000),(2742,129,2,2241860000),(2743,129,3,975922000),(2744,129,4,84328700),(2745,129,6,23816300),(2746,129,16,21135100),(2747,129,14,8260110),(2748,129,22,5258320),(2749,129,9,2137440),(2750,129,5,1752720),(2751,129,15,778345),(2752,129,20,435789),(2753,129,7,373548),(2754,129,11,294068),(2755,129,10,196580),(2756,129,12,173590),(2757,129,13,144025),(2758,129,19,61936),(2759,129,8,41540),(2760,129,17,5416),(2761,129,18,938),(2762,129,21,245),(2763,129,23,185),(2764,130,2,3498370000),(2765,130,1,1724460000),(2766,130,3,1278430000),(2767,130,4,90065500),(2768,130,6,20108700),(2769,130,14,13924200),(2770,130,7,4542040),(2771,130,22,4044450),(2772,130,5,2982990),(2773,130,16,2248190),(2774,130,20,1203680),(2775,130,11,592224),(2776,130,9,401528),(2777,130,10,330322),(2778,130,13,188681),(2779,130,12,136136),(2780,130,15,113194),(2781,130,19,74535),(2782,130,17,71215),(2783,130,8,34961),(2784,130,18,1858),(2785,130,23,248),(2786,130,21,38),(2787,131,1,1472970000),(2788,131,2,389293000),(2789,131,3,116367000),(2790,131,4,2901940),(2791,131,9,1651280),(2792,131,14,1309880),(2793,131,5,1065460),(2794,131,7,629100),(2795,131,10,326825),(2796,131,11,259844),(2797,131,8,184471),(2798,131,16,119505),(2799,131,13,93262),(2800,131,12,50885),(2801,131,15,23136),(2802,131,17,375),(2803,131,20,15),(2804,131,18,0),(2805,132,1,3118760000),(2806,132,2,1309880000),(2807,132,3,910754000),(2808,132,4,44925800),(2809,132,7,32435300),(2810,132,16,10108700),(2811,132,6,7652160),(2812,132,11,4799170),(2813,132,5,3157990),(2814,132,20,1882050),(2815,132,9,1635810),(2816,132,12,1339140),(2817,132,8,1314920),(2818,132,14,1237360),(2819,132,10,372237),(2820,132,15,204087),(2821,132,13,162653),(2822,132,19,27983),(2823,132,17,2430),(2824,132,21,800),(2825,132,18,530),(2826,132,23,280),(2827,132,22,207),(2828,133,1,3406520000),(2829,133,2,1637290000),(2830,133,3,1080920000),(2831,133,4,61758300),(2832,133,7,34911500),(2833,133,16,17101100),(2834,133,20,13304100),(2835,133,6,11883000),(2836,133,9,2344100),(2837,133,5,2259430),(2838,133,8,1291110),(2839,133,11,1143000),(2840,133,14,646811),(2841,133,10,563107),(2842,133,12,405870),(2843,133,13,371870),(2844,133,15,201827),(2845,133,19,57366),(2846,133,18,9879),(2847,133,17,3691),(2848,133,21,1059),(2849,133,23,386),(2850,133,22,73),(2851,134,2,68639100),(2852,134,3,27574600),(2853,134,1,458951),(2854,134,5,245522),(2855,134,11,190640),(2856,134,7,70720),(2857,134,10,45416),(2858,134,4,30543),(2859,134,14,15371),(2860,134,12,15261),(2861,134,13,15031),(2862,134,9,4891),(2863,134,15,100),(2864,134,20,12),(2865,134,17,1),(2866,135,1,3472960000),(2867,135,2,2014100000),(2868,135,3,1286310000),(2869,135,4,84135700),(2870,135,16,29719700),(2871,135,20,24683100),(2872,135,7,16750200),(2873,135,6,12642400),(2874,135,9,4619590),(2875,135,5,3119720),(2876,135,11,1135580),(2877,135,8,883724),(2878,135,15,603099),(2879,135,10,547141),(2880,135,12,243269),(2881,135,14,164912),(2882,135,13,146590),(2883,135,19,77738),(2884,135,18,40202),(2885,135,17,2109),(2886,135,21,943),(2887,135,22,132),(2888,136,1,3336580000),(2889,136,2,1885860000),(2890,136,3,1059200000),(2891,136,4,95920100),(2892,136,7,13919100),(2893,136,6,12690200),(2894,136,16,11530700),(2895,136,9,5729410),(2896,136,20,4794660),(2897,136,5,2786580),(2898,136,8,1332630),(2899,136,10,1123950),(2900,136,11,877473),(2901,136,15,264380),(2902,136,14,170444),(2903,136,13,167864),(2904,136,12,156786),(2905,136,19,96190),(2906,136,18,29767),(2907,136,17,4091),(2908,136,21,724),(2909,136,23,534),(2910,136,22,189),(2911,137,1,4140250000),(2912,137,2,2026110000),(2913,137,3,260129000),(2914,137,4,36861000),(2915,137,7,20449500),(2916,137,16,13846800),(2917,137,9,9616560),(2918,137,5,4389930),(2919,137,14,2113420),(2920,137,11,1037190),(2921,137,8,910123),(2922,137,12,901341),(2923,137,10,654163),(2924,137,20,455182),(2925,137,13,322269),(2926,137,15,57938),(2927,137,17,5016),(2928,137,18,73),(2929,137,21,58),(2930,138,1,2605080000),(2931,138,2,1660540000),(2932,138,3,861135000),(2933,138,4,86510800),(2934,138,7,22289100),(2935,138,16,16250600),(2936,138,6,11842500),(2937,138,9,4915340),(2938,138,5,2427090),(2939,138,8,902521),(2940,138,10,737885),(2941,138,11,636537),(2942,138,20,631021),(2943,138,15,284388),(2944,138,14,207097),(2945,138,13,167466),(2946,138,12,140098),(2947,138,19,72663),(2948,138,18,42252),(2949,138,17,13087),(2950,138,23,491),(2951,138,22,322),(2952,138,21,190),(2953,139,1,3595320000),(2954,139,2,1995190000),(2955,139,3,1035940000),(2956,139,4,115546000),(2957,139,7,37020600),(2958,139,16,29644900),(2959,139,6,13834500),(2960,139,5,3193670),(2961,139,9,2160690),(2962,139,11,1990200),(2963,139,8,1579610),(2964,139,10,713229),(2965,139,20,616732),(2966,139,15,449315),(2967,139,12,360595),(2968,139,13,291530),(2969,139,14,195235),(2970,139,22,188258),(2971,139,19,67656),(2972,139,18,899),(2973,139,17,233),(2974,139,21,36),(2975,139,23,33),(2976,140,1,3990780000),(2977,140,2,2803520000),(2978,140,3,1397290000),(2979,140,4,113315000),(2980,140,6,23229400),(2981,140,16,19658800),(2982,140,7,13983700),(2983,140,9,5888960),(2984,140,20,2912140),(2985,140,8,2807250),(2986,140,5,2139670),(2987,140,11,1876280),(2988,140,15,819211),(2989,140,22,718004),(2990,140,14,710303),(2991,140,10,599677),(2992,140,13,310317),(2993,140,12,226123),(2994,140,19,58177),(2995,140,18,2104),(2996,140,17,537),(2997,140,23,127),(2998,141,2,603808000),(2999,141,1,330714000),(3000,141,3,188065000),(3001,141,9,3110530),(3002,141,5,2305600),(3003,141,7,1781670),(3004,141,10,653203),(3005,141,11,442016),(3006,141,14,269002),(3007,141,4,195960),(3008,141,16,86547),(3009,141,12,59768),(3010,141,8,52457),(3011,141,13,44287),(3012,141,15,5406),(3013,141,21,1488),(3014,141,20,89),(3015,141,18,3),(3016,142,1,5242930000),(3017,142,2,2262330000),(3018,142,3,1542150000),(3019,142,14,48977900),(3020,142,4,20263000),(3021,142,7,8506880),(3022,142,6,7841910),(3023,142,5,4374720),(3024,142,8,2604790),(3025,142,9,1866310),(3026,142,11,1464330),(3027,142,10,1251130),(3028,142,12,1172710),(3029,142,15,931371),(3030,142,16,703543),(3031,142,17,601269),(3032,142,13,521817),(3033,142,18,47186),(3034,142,19,18960),(3035,142,20,1332),(3036,142,21,621),(3037,142,22,553),(3038,142,23,244),(3039,143,1,4973590000),(3040,143,2,2081630000),(3041,143,3,1491900000),(3042,143,14,45876600),(3043,143,4,17021500),(3044,143,6,12644000),(3045,143,7,7352460),(3046,143,5,3986120),(3047,143,8,3085490),(3048,143,9,1872120),(3049,143,10,1551190),(3050,143,11,980626),(3051,143,15,727309),(3052,143,12,490588),(3053,143,17,332605),(3054,143,13,326376),(3055,143,16,203587),(3056,143,20,190608),(3057,143,19,47962),(3058,143,18,2476),(3059,143,21,515),(3060,143,22,37),(3061,144,1,4833330000),(3062,144,3,2588400000),(3063,144,2,2336080000),(3064,144,14,96677200),(3065,144,7,23718700),(3066,144,4,18410700),(3067,144,6,17650400),(3068,144,8,9647680),(3069,144,5,6428270),(3070,144,9,5016410),(3071,144,10,1715120),(3072,144,11,1707560),(3073,144,12,1494140),(3074,144,15,844759),(3075,144,17,687423),(3076,144,16,504751),(3077,144,13,264568),(3078,144,19,109303),(3079,144,20,77344),(3080,144,18,49020),(3081,144,21,1513),(3082,144,23,170),(3083,144,22,39),(3084,145,3,2953840000),(3085,145,2,2141600000),(3086,145,1,1394120000),(3087,145,14,52475100),(3088,145,4,28197200),(3089,145,6,17156200),(3090,145,7,9641820),(3091,145,22,4077260),(3092,145,5,3262560),(3093,145,9,3079410),(3094,145,11,2387930),(3095,145,12,1133700),(3096,145,8,944764),(3097,145,16,714011),(3098,145,10,456436),(3099,145,15,308182),(3100,145,17,287786),(3101,145,13,131203),(3102,145,19,76420),(3103,145,20,3577),(3104,145,21,363),(3105,145,18,143),(3106,145,23,119),(3107,146,2,2000200000),(3108,146,1,835327000),(3109,146,3,807167000),(3110,146,4,5131090),(3111,146,5,3959540),(3112,146,10,2457760),(3113,146,6,2350420),(3114,146,16,1194780),(3115,146,12,483991),(3116,146,9,457234),(3117,146,15,334561),(3118,146,11,141364),(3119,146,14,74793),(3120,146,8,67263),(3121,146,13,36341),(3122,146,17,15292),(3123,146,7,14509),(3124,146,19,11383),(3125,146,21,1848),(3126,146,20,2),(3127,146,18,1),(3128,147,2,1903720000),(3129,147,1,886783000),(3130,147,3,681132000),(3131,147,4,11876200),(3132,147,6,3688510),(3133,147,9,1334880),(3134,147,5,825214),(3135,147,10,711960),(3136,147,16,556638),(3137,147,15,329244),(3138,147,12,192178),(3139,147,14,123573),(3140,147,11,122447),(3141,147,8,62898),(3142,147,13,40732),(3143,147,19,34000),(3144,147,7,10918),(3145,147,22,8923),(3146,147,17,8625),(3147,147,21,3022),(3148,147,18,32),(3149,147,20,3),(3150,148,2,2174520000),(3151,148,1,974945000),(3152,148,3,675061000),(3153,148,4,9216270),(3154,148,6,4512750),(3155,148,9,1437520),(3156,148,5,1203170),(3157,148,15,382934),(3158,148,16,376261),(3159,148,10,185433),(3160,148,11,137622),(3161,148,12,131029),(3162,148,14,57297),(3163,148,13,31184),(3164,148,19,23436),(3165,148,8,14722),(3166,148,7,13589),(3167,148,17,4742),(3168,148,21,1355),(3169,148,20,11),(3170,148,18,2),(3171,149,2,1453820000),(3172,149,3,663350000),(3173,149,1,252867000),(3174,149,4,5804320),(3175,149,6,5758940),(3176,149,22,1051960),(3177,149,16,877437),(3178,149,5,775651),(3179,149,9,683870),(3180,149,11,123154),(3181,149,13,101305),(3182,149,14,94434),(3183,149,10,93677),(3184,149,19,37716),(3185,149,12,36953),(3186,149,7,18141),(3187,149,8,5326),(3188,149,15,5023),(3189,149,17,2172),(3190,149,23,40),(3191,149,18,17),(3192,149,20,5),(3193,150,2,987363000),(3194,150,5,8255550),(3195,150,1,5729920),(3196,150,6,1309540),(3197,150,11,1197680),(3198,150,14,1113510),(3199,150,3,801139),(3200,150,7,186382),(3201,150,8,164035),(3202,150,10,143944),(3203,150,4,69627),(3204,150,13,47535),(3205,150,16,24905),(3206,150,19,10649),(3207,150,9,4146),(3208,150,15,913),(3209,150,18,900),(3210,150,12,162),(3211,150,23,30),(3212,150,20,18),(3213,150,17,10),(3214,151,2,1089870000),(3215,151,1,180643000),(3216,151,3,27410200),(3217,151,7,5865350),(3218,151,6,3006900),(3219,151,4,1990530),(3220,151,14,1126370),(3221,151,8,1085770),(3222,151,5,887365),(3223,151,11,759163),(3224,151,9,198284),(3225,151,16,169786),(3226,151,13,86793),(3227,151,15,85715),(3228,151,10,78686),(3229,151,19,21763),(3230,151,12,14189),(3231,151,17,7903),(3232,151,23,1488),(3233,151,20,596),(3234,151,21,51),(3235,151,22,11),(3236,151,18,2),(3237,152,2,1273050000),(3238,152,1,168168000),(3239,152,3,35974700),(3240,152,7,20439200),(3241,152,4,3224290),(3242,152,6,2292350),(3243,152,8,786388),(3244,152,11,775937),(3245,152,9,719305),(3246,152,5,675564),(3247,152,14,156399),(3248,152,15,122048),(3249,152,16,98565),(3250,152,10,74670),(3251,152,13,62143),(3252,152,12,58477),(3253,152,19,24172),(3254,152,23,859),(3255,152,21,27),(3256,152,17,21),(3257,152,18,8),(3258,152,20,0),(3259,153,2,1185130),(3260,153,6,13549),(3261,153,3,2236),(3262,153,5,469),(3263,153,7,181),(3264,153,8,132),(3265,153,11,44),(3266,153,1,43),(3267,153,4,41),(3268,153,19,37),(3269,153,16,17),(3270,153,9,13),(3271,153,15,4),(3272,153,22,3),(3273,153,10,2),(3274,153,12,0),(3275,153,13,0),(3276,153,17,0),(3277,154,1,342527000),(3278,154,2,198726000),(3279,154,3,35377600),(3280,154,4,1143150),(3281,154,7,1073470),(3282,154,9,738821),(3283,154,5,309223),(3284,154,12,210721),(3285,154,16,106225),(3286,154,10,99077),(3287,154,11,71876),(3288,154,15,30217),(3289,154,8,16041),(3290,154,20,15531),(3291,154,13,14081),(3292,154,14,7732),(3293,155,1,181808000),(3294,155,2,163232000),(3295,155,3,49823000),(3296,155,4,3459570),(3297,155,9,603200),(3298,155,5,313708),(3299,155,7,208402),(3300,155,20,153013),(3301,155,12,122564),(3302,155,15,118251),(3303,155,11,116284),(3304,155,16,79825),(3305,155,10,31521),(3306,155,8,20368),(3307,155,13,18757),(3308,155,14,8546),(3309,155,18,1116),(3310,155,17,10),(3311,156,2,31189500),(3312,156,3,3389790),(3313,156,7,651090),(3314,156,16,151868),(3315,156,9,36604),(3316,156,1,28138),(3317,156,5,18973),(3318,156,11,7527),(3319,156,10,6375),(3320,156,14,3905),(3321,156,13,3370),(3322,156,4,2643),(3323,156,12,1611),(3324,156,15,701),(3325,156,20,200),(3326,156,8,21),(3327,157,1,3103830000),(3328,157,2,2346930000),(3329,157,3,1098780000),(3330,157,4,59915200),(3331,157,7,24131200),(3332,157,20,14037200),(3333,157,6,12084800),(3334,157,16,11224500),(3335,157,9,4510640),(3336,157,5,3167590),(3337,157,11,798849),(3338,157,12,652430),(3339,157,10,605860),(3340,157,14,482770),(3341,157,8,398980),(3342,157,15,261273),(3343,157,13,156779),(3344,157,19,67723),(3345,157,17,4072),(3346,157,23,680),(3347,157,21,490),(3348,157,18,5),(3349,158,1,3200530000),(3350,158,2,2043380000),(3351,158,3,735262000),(3352,158,4,56661900),(3353,158,6,11792000),(3354,158,16,8629290),(3355,158,7,8243060),(3356,158,5,3218760),(3357,158,9,1379280),(3358,158,11,1111630),(3359,158,20,977718),(3360,158,12,478012),(3361,158,10,426427),(3362,158,14,314587),(3363,158,8,233309),(3364,158,13,196252),(3365,158,15,189390),(3366,158,19,69605),(3367,158,18,68744),(3368,158,17,6293),(3369,158,21,742),(3370,158,22,599),(3371,158,23,120),(3372,159,1,3427680000),(3373,159,2,2175210000),(3374,159,3,1032520000),(3375,159,4,55298400),(3376,159,6,15355100),(3377,159,7,15096200),(3378,159,16,8793110),(3379,159,20,5427370),(3380,159,5,3050580),(3381,159,9,2460940),(3382,159,12,1041660),(3383,159,11,863806),(3384,159,10,706124),(3385,159,15,527555),(3386,159,8,477653),(3387,159,13,308873),(3388,159,14,208515),(3389,159,19,68788),(3390,159,17,11773),(3391,159,21,3634),(3392,159,18,817),(3393,159,23,525),(3394,159,22,461),(3395,160,1,3944980000),(3396,160,2,2342370000),(3397,160,3,1127160000),(3398,160,4,87227600),(3399,160,6,21748000),(3400,160,7,13527600),(3401,160,16,7590730),(3402,160,20,6178340),(3403,160,5,3311600),(3404,160,12,3041820),(3405,160,10,1615560),(3406,160,9,1053620),(3407,160,11,762906),(3408,160,14,348921),(3409,160,13,235186),(3410,160,8,233865),(3411,160,15,175979),(3412,160,19,81783),(3413,160,18,9794),(3414,160,22,539),(3415,160,17,376),(3416,160,23,205),(3417,160,21,99),(3418,161,1,267123000),(3419,161,2,74216800),(3420,161,3,61572000),(3421,161,14,8223810),(3422,161,4,6710210),(3423,161,15,1179600),(3424,161,16,798221),(3425,161,6,729020),(3426,161,11,426171),(3427,161,10,181332),(3428,161,5,91877),(3429,161,9,66484),(3430,161,12,16543),(3431,161,8,11635),(3432,161,7,6532),(3433,161,19,4063),(3434,161,22,3308),(3435,161,13,2608),(3436,161,20,258),(3437,161,17,111),(3438,161,23,36),(3439,161,21,1),(3440,161,18,0),(3441,162,2,191727000),(3442,162,1,138747000),(3443,162,3,129600000),(3444,162,14,46035500),(3445,162,4,6863380),(3446,162,6,1706190),(3447,162,11,1209220),(3448,162,10,247737),(3449,162,16,154781),(3450,162,5,146193),(3451,162,7,73540),(3452,162,8,26124),(3453,162,15,22693),(3454,162,12,9224),(3455,162,22,8329),(3456,162,13,6379),(3457,162,9,4571),(3458,162,19,1759),(3459,162,17,369),(3460,162,18,4),(3461,163,1,2514960000),(3462,163,2,1478200000),(3463,163,3,1255460000),(3464,163,4,44259600),(3465,163,7,17048100),(3466,163,16,11488400),(3467,163,6,7232160),(3468,163,20,2939400),(3469,163,9,1118060),(3470,163,5,827858),(3471,163,10,475394),(3472,163,11,447067),(3473,163,12,202572),(3474,163,8,197608),(3475,163,14,136179),(3476,163,13,80046),(3477,163,15,30631),(3478,163,19,18658),(3479,163,17,2900),(3480,163,18,2012),(3481,163,21,113),(3482,164,1,3104060000),(3483,164,2,1902680000),(3484,164,3,1318540000),(3485,164,4,44336000),(3486,164,16,11185800),(3487,164,6,8749280),(3488,164,7,3230020),(3489,164,20,2861640),(3490,164,5,1079490),(3491,164,9,545137),(3492,164,10,416625),(3493,164,11,339587),(3494,164,14,193650),(3495,164,12,157557),(3496,164,8,114127),(3497,164,13,112430),(3498,164,15,34924),(3499,164,19,16250),(3500,164,17,5883),(3501,164,18,1367),(3502,164,22,209),(3503,164,21,58),(3504,165,1,3724150000),(3505,165,2,1937100000),(3506,165,3,1373870000),(3507,165,4,27649800),(3508,165,6,16255800),(3509,165,20,6713460),(3510,165,9,6509110),(3511,165,16,4659520),(3512,165,5,2003940),(3513,165,7,1311330),(3514,165,10,332412),(3515,165,14,254211),(3516,165,12,227130),(3517,165,11,224238),(3518,165,15,114679),(3519,165,8,102584),(3520,165,13,76982),(3521,165,19,19675),(3522,165,17,8169),(3523,165,18,707),(3524,165,23,481),(3525,165,22,163),(3526,165,21,65),(3527,166,1,4256650000),(3528,166,2,2104990000),(3529,166,3,1720260000),(3530,166,4,26936100),(3531,166,6,23032900),(3532,166,20,6911620),(3533,166,16,3756690),(3534,166,9,2129380),(3535,166,7,1818500),(3536,166,5,1273820),(3537,166,8,874524),(3538,166,10,697164),(3539,166,11,535481),(3540,166,14,490537),(3541,166,12,277386),(3542,166,13,82914),(3543,166,19,34767),(3544,166,15,28125),(3545,166,18,3173),(3546,166,17,727),(3547,166,22,480),(3548,166,21,86),(3549,167,1,6220340000),(3550,167,2,2619490000),(3551,167,3,2322830000),(3552,167,4,53201200),(3553,167,6,27917800),(3554,167,20,15499900),(3555,167,16,13210000),(3556,167,9,5251440),(3557,167,7,2991560),(3558,167,22,2583410),(3559,167,5,1882950),(3560,167,11,720644),(3561,167,14,696474),(3562,167,8,555316),(3563,167,10,511478),(3564,167,15,331586),(3565,167,12,314256),(3566,167,13,114014),(3567,167,19,46002),(3568,167,18,24385),(3569,167,17,3353),(3570,167,21,141),(3571,168,1,4374410000),(3572,168,2,3532540000),(3573,168,3,2203640000),(3574,168,4,42975300),(3575,168,6,31214000),(3576,168,9,18416600),(3577,168,20,8353560),(3578,168,7,4891110),(3579,168,16,4840150),(3580,168,5,1399670),(3581,168,22,1391310),(3582,168,14,1148620),(3583,168,10,692681),(3584,168,8,491545),(3585,168,11,395241),(3586,168,12,265499),(3587,168,13,113171),(3588,168,19,97492),(3589,168,15,50838),(3590,168,17,987),(3591,168,18,45),(3592,168,23,13),(3593,169,1,2943960000),(3594,169,2,870748000),(3595,169,3,472298000),(3596,169,4,2944650),(3597,169,14,1846680),(3598,169,5,855909),(3599,169,10,709987),(3600,169,9,436336),(3601,169,7,387197),(3602,169,11,136530),(3603,169,12,83934),(3604,169,13,42049),(3605,169,8,14268),(3606,169,17,12241),(3607,169,15,2538),(3608,169,20,225),(3609,169,18,115),(3610,169,16,25),(3611,170,1,1684720000),(3612,170,2,641732000),(3613,170,3,105479000),(3614,170,4,7904370),(3615,170,7,2888820),(3616,170,16,1222760),(3617,170,9,462327),(3618,170,5,410102),(3619,170,11,396973),(3620,170,12,390998),(3621,170,15,240175),(3622,170,13,166417),(3623,170,10,132259),(3624,170,8,58931),(3625,170,17,43784),(3626,170,14,12432),(3627,170,20,206),(3628,170,18,86),(3629,171,2,1940710000),(3630,171,3,386706000),(3631,171,5,21408300),(3632,171,14,924132),(3633,171,6,674934),(3634,171,11,569507),(3635,171,9,384934),(3636,171,1,301851),(3637,171,10,19410),(3638,171,8,8795),(3639,171,15,4157),(3640,171,19,3015),(3641,171,4,1148),(3642,171,13,551),(3643,171,16,350),(3644,171,12,215),(3645,171,20,202),(3646,171,7,76),(3647,171,22,9),(3648,171,18,6),(3649,172,2,2194940000),(3650,172,3,452654000),(3651,172,5,22622600),(3652,172,14,6155790),(3653,172,10,1452620),(3654,172,12,1080050),(3655,172,6,679187),(3656,172,1,472086),(3657,172,11,47160),(3658,172,7,12371),(3659,172,4,11173),(3660,172,9,6114),(3661,172,15,2906),(3662,172,13,2088),(3663,172,16,1883),(3664,172,8,1760),(3665,172,19,1289),(3666,172,20,207),(3667,172,18,12),(3668,172,22,12),(3669,173,2,1968150000),(3670,173,3,326088000),(3671,173,5,21615700),(3672,173,14,1290560),(3673,173,12,771258),(3674,173,6,685914),(3675,173,10,484777),(3676,173,1,376406),(3677,173,16,97589),(3678,173,9,55839),(3679,173,4,54219),(3680,173,11,45428),(3681,173,15,3441),(3682,173,19,2932),(3683,173,8,2687),(3684,173,7,2410),(3685,173,13,1247),(3686,173,20,1004),(3687,173,22,38),(3688,173,18,8),(3689,174,2,1514180000),(3690,174,3,283513000),(3691,174,5,22248000),(3692,174,10,922110),(3693,174,6,863738),(3694,174,12,798948),(3695,174,14,712059),(3696,174,1,577079),(3697,174,20,529017),(3698,174,11,135552),(3699,174,16,51564),(3700,174,9,8684),(3701,174,4,5930),(3702,174,19,3218),(3703,174,13,1620),(3704,174,7,722),(3705,174,15,549),(3706,174,8,147),(3707,174,18,5),(3708,175,2,1478410000),(3709,175,3,164511000),(3710,175,5,16225200),(3711,175,6,1144440),(3712,175,14,712032),(3713,175,1,367927),(3714,175,11,169207),(3715,175,12,47797),(3716,175,10,21972),(3717,175,18,19962),(3718,175,9,12256),(3719,175,19,8222),(3720,175,13,3369),(3721,175,15,2509),(3722,175,8,569),(3723,175,4,485),(3724,175,16,235),(3725,175,7,113),(3726,175,20,17),(3727,176,2,1300950000),(3728,176,3,187258000),(3729,176,5,7806920),(3730,176,22,2072080),(3731,176,6,1017520),(3732,176,14,527575),(3733,176,1,421959),(3734,176,11,41779),(3735,176,15,7761),(3736,176,19,5636),(3737,176,10,3479),(3738,176,4,1596),(3739,176,9,1483),(3740,176,13,472),(3741,176,16,293),(3742,176,7,153),(3743,176,12,18),(3744,176,18,1),(3745,177,2,1116490000),(3746,177,3,220873000),(3747,177,5,10282400),(3748,177,22,5432060),(3749,177,6,974276),(3750,177,14,187567),(3751,177,1,179437),(3752,177,19,12722),(3753,177,13,7351),(3754,177,10,6688),(3755,177,15,4328),(3756,177,11,4048),(3757,177,9,1372),(3758,177,8,830),(3759,177,7,728),(3760,177,12,338),(3761,177,16,100),(3762,177,20,16),(3763,177,18,0),(3764,177,4,0),(3765,178,2,319202000),(3766,178,3,66960500),(3767,178,6,1451610),(3768,178,1,240637),(3769,178,5,102609),(3770,178,11,96836),(3771,178,15,48986),(3772,178,14,15973),(3773,178,12,11908),(3774,178,10,11350),(3775,178,4,11086),(3776,178,16,8763),(3777,178,13,3835),(3778,178,17,3586),(3779,178,18,2234),(3780,178,8,1335),(3781,178,9,1013),(3782,178,7,647),(3783,178,19,260),(3784,178,20,1),(3785,179,2,331936000),(3786,179,3,89798700),(3787,179,6,3285640),(3788,179,1,451203),(3789,179,11,300181),(3790,179,5,86512),(3791,179,4,26387),(3792,179,18,26036),(3793,179,10,17227),(3794,179,16,15799),(3795,179,14,15276),(3796,179,15,12621),(3797,179,12,8055),(3798,179,13,3100),(3799,179,9,2827),(3800,179,7,1043),(3801,179,8,883),(3802,179,19,389),(3803,179,17,25),(3804,179,20,0),(3805,180,2,325965000),(3806,180,3,75734300),(3807,180,6,2502810),(3808,180,5,667034),(3809,180,1,287219),(3810,180,11,143137),(3811,180,15,32879),(3812,180,4,19739),(3813,180,14,16261),(3814,180,10,13014),(3815,180,16,10828),(3816,180,12,10219),(3817,180,9,3937),(3818,180,13,3776),(3819,180,17,970),(3820,180,19,327),(3821,180,7,46),(3822,180,18,1),(3823,180,20,0),(3824,181,2,231126000),(3825,181,3,54832200),(3826,181,6,1352970),(3827,181,1,322766),(3828,181,5,54227),(3829,181,14,41448),(3830,181,10,17877),(3831,181,11,13804),(3832,181,15,6242),(3833,181,4,5196),(3834,181,12,2526),(3835,181,13,2289),(3836,181,19,1609),(3837,181,9,358),(3838,181,22,202),(3839,181,7,49),(3840,181,16,19),(3841,181,21,12),(3842,181,20,0),(3843,182,1,1425100000),(3844,182,2,873396000),(3845,182,3,402188000),(3846,182,4,27270900),(3847,182,7,3401630),(3848,182,5,1879570),(3849,182,10,646718),(3850,182,11,609411),(3851,182,12,385959),(3852,182,13,333695),(3853,182,8,111449),(3854,182,9,77980),(3855,182,14,73979),(3856,182,15,66047),(3857,182,17,15319),(3858,182,16,3604),(3859,182,18,66),(3860,182,20,33),(3861,183,1,1043490000),(3862,183,2,648108000),(3863,183,3,308093000),(3864,183,4,20324600),(3865,183,6,4419120),(3866,183,5,823460),(3867,183,7,575451),(3868,183,11,132455),(3869,183,10,128330),(3870,183,14,70195),(3871,183,8,66889),(3872,183,13,38852),(3873,183,16,31730),(3874,183,12,31391),(3875,183,15,18829),(3876,183,19,10822),(3877,183,9,8703),(3878,183,17,2534),(3879,183,18,415),(3880,183,23,283),(3881,183,21,164),(3882,183,22,75),(3883,183,20,22),(3884,184,1,1441490000),(3885,184,2,1066700000),(3886,184,3,460899000),(3887,184,4,54230000),(3888,184,16,8757280),(3889,184,6,6333300),(3890,184,7,1133960),(3891,184,5,859302),(3892,184,9,630883),(3893,184,20,404580),(3894,184,10,281680),(3895,184,14,206075),(3896,184,11,203156),(3897,184,12,82350),(3898,184,8,58455),(3899,184,13,44546),(3900,184,15,39558),(3901,184,19,39321),(3902,184,17,25966),(3903,184,23,959),(3904,184,18,350),(3905,185,1,948033000),(3906,185,2,767795000),(3907,185,3,338299000),(3908,185,4,47606500),(3909,185,16,15029200),(3910,185,6,5174610),(3911,185,7,1812520),(3912,185,5,910573),(3913,185,9,628815),(3914,185,14,154228),(3915,185,10,151835),(3916,185,20,122069),(3917,185,13,117108),(3918,185,11,107000),(3919,185,12,64965),(3920,185,15,29368),(3921,185,8,23626),(3922,185,19,12718),(3923,185,17,6925),(3924,185,23,591),(3925,185,21,54),(3926,185,22,29),(3927,185,18,26),(3928,186,1,423676000),(3929,186,2,373937000),(3930,186,3,139250000),(3931,186,4,33041600),(3932,186,6,3299610),(3933,186,16,2482280),(3934,186,7,1089810),(3935,186,5,485741),(3936,186,20,238090),(3937,186,14,199736),(3938,186,9,182227),(3939,186,11,149095),(3940,186,10,67692),(3941,186,8,56028),(3942,186,13,27379),(3943,186,15,12919),(3944,186,19,10014),(3945,186,12,7636),(3946,186,17,1665),(3947,186,22,53),(3948,186,23,23),(3949,186,18,0),(3950,187,1,955781000),(3951,187,2,733158000),(3952,187,3,518049000),(3953,187,4,37605900),(3954,187,5,1996660),(3955,187,7,1383570),(3956,187,12,776725),(3957,187,11,285656),(3958,187,10,235941),(3959,187,15,143591),(3960,187,14,108093),(3961,187,13,89418),(3962,187,8,78082),(3963,187,17,18441),(3964,187,9,15746),(3965,187,16,10850),(3966,187,21,381),(3967,187,20,13),(3968,187,18,2),(3969,188,1,734069000),(3970,188,2,652023000),(3971,188,3,260329000),(3972,188,4,55370200),(3973,188,6,6697770),(3974,188,16,2976500),(3975,188,5,2190910),(3976,188,7,1541170),(3977,188,15,1199160),(3978,188,9,393785),(3979,188,11,270386),(3980,188,14,197018),(3981,188,10,117590),(3982,188,20,66981),(3983,188,13,57040),(3984,188,19,38623),(3985,188,8,33998),(3986,188,12,13305),(3987,188,17,2256),(3988,188,18,2041),(3989,188,22,84),(3990,188,23,14),(3991,189,1,708462000),(3992,189,2,646563000),(3993,189,3,260796000),(3994,189,4,50048300),(3995,189,6,8121230),(3996,189,7,3625050),(3997,189,5,3242600),(3998,189,16,2308290),(3999,189,15,1661830),(4000,189,10,629523),(4001,189,9,174036),(4002,189,11,129522),(4003,189,22,105875),(4004,189,14,102653),(4005,189,20,62556),(4006,189,13,45310),(4007,189,19,43573),(4008,189,8,18513),(4009,189,12,13908),(4010,189,17,342),(4011,189,21,53),(4012,190,2,481093000),(4013,190,1,350055000),(4014,190,3,160264000),(4015,190,4,29144300),(4016,190,6,7977690),(4017,190,16,4805130),(4018,190,7,2688890),(4019,190,5,891796),(4020,190,11,104475),(4021,190,9,94186),(4022,190,10,71816),(4023,190,14,58776),(4024,190,19,56638),(4025,190,20,39755),(4026,190,13,31650),(4027,190,8,24671),(4028,190,15,23679),(4029,190,22,14751),(4030,190,12,8286),(4031,190,23,288),(4032,190,18,265),(4033,190,17,45),(4034,191,2,2331560000),(4035,191,3,231446000),(4036,191,9,6876640),(4037,191,5,5233280),(4038,191,7,3871410),(4039,191,1,1669030),(4040,191,11,1601640),(4041,191,16,241873),(4042,191,10,205058),(4043,191,8,188435),(4044,191,4,126350),(4045,191,14,104658),(4046,191,13,49754),(4047,191,12,39125),(4048,191,15,33509),(4049,191,17,121),(4050,191,20,76),(4051,191,18,1),(4052,192,2,2832270000),(4053,192,3,559164000),(4054,192,1,19911100),(4055,192,6,5848010),(4056,192,16,2881370),(4057,192,15,2431660),(4058,192,7,2270740),(4059,192,5,892097),(4060,192,9,694770),(4061,192,10,413893),(4062,192,20,398973),(4063,192,8,247157),(4064,192,14,135784),(4065,192,11,117836),(4066,192,4,102183),(4067,192,13,75561),(4068,192,12,32432),(4069,192,19,13219),(4070,192,17,68),(4071,192,22,21),(4072,192,18,5),(4073,193,2,2546890000),(4074,193,3,416735000),(4075,193,1,6386370),(4076,193,6,5654090),(4077,193,16,5566680),(4078,193,5,3187520),(4079,193,9,2916090),(4080,193,7,1024760),(4081,193,11,573463),(4082,193,10,432924),(4083,193,15,349132),(4084,193,14,227261),(4085,193,8,199112),(4086,193,4,127913),(4087,193,13,55926),(4088,193,20,41493),(4089,193,12,28858),(4090,193,19,10677),(4091,193,23,143),(4092,193,17,33),(4093,193,22,13),(4094,193,18,1),(4095,194,2,2615620000),(4096,194,3,429109000),(4097,194,1,10557100),(4098,194,6,8139250),(4099,194,5,1855330),(4100,194,7,1537540),(4101,194,16,1246490),(4102,194,11,1223360),(4103,194,14,1156660),(4104,194,9,779438),(4105,194,8,486663),(4106,194,15,281930),(4107,194,10,246297),(4108,194,4,178039),(4109,194,12,34193),(4110,194,13,33958),(4111,194,19,9467),(4112,194,20,815),(4113,194,17,82),(4114,194,21,53),(4115,194,22,45),(4116,194,18,5),(4117,195,2,1885320000),(4118,195,3,361316000),(4119,195,16,9005810),(4120,195,1,3324020),(4121,195,5,1622700),(4122,195,7,1256360),(4123,195,15,824941),(4124,195,9,197713),(4125,195,14,196149),(4126,195,11,143235),(4127,195,10,125350),(4128,195,4,115448),(4129,195,8,88498),(4130,195,12,67362),(4131,195,13,25438),(4132,195,18,2410),(4133,195,20,1674),(4134,195,17,414),(4135,195,21,195),(4136,196,2,2763190000),(4137,196,3,610073000),(4138,196,1,16022900),(4139,196,6,9307490),(4140,196,7,3457600),(4141,196,16,2770970),(4142,196,5,2471770),(4143,196,11,1124540),(4144,196,20,870613),(4145,196,8,693877),(4146,196,9,631450),(4147,196,4,347240),(4148,196,10,304299),(4149,196,15,241515),(4150,196,14,105848),(4151,196,12,49196),(4152,196,13,37245),(4153,196,19,19084),(4154,196,18,2108),(4155,196,21,1010),(4156,196,22,284),(4157,196,23,210),(4158,196,17,62),(4159,197,2,3543180000),(4160,197,3,835398000),(4161,197,1,19770900),(4162,197,6,12398900),(4163,197,7,8759310),(4164,197,5,7058300),(4165,197,16,5531540),(4166,197,22,3165720),(4167,197,20,1262580),(4168,197,15,1040940),(4169,197,8,951230),(4170,197,11,569158),(4171,197,4,544163),(4172,197,10,335708),(4173,197,9,264476),(4174,197,14,108556),(4175,197,13,70442),(4176,197,12,57026),(4177,197,19,26978),(4178,197,17,3320),(4179,197,18,2676),(4180,197,21,1508),(4181,197,23,91),(4182,198,2,3704090000),(4183,198,3,694612000),(4184,198,6,13347100),(4185,198,1,12801200),(4186,198,16,5630560),(4187,198,11,3298810),(4188,198,22,2719430),(4189,198,5,2632920),(4190,198,20,1364130),(4191,198,15,895557),(4192,198,4,877053),(4193,198,9,683464),(4194,198,7,404504),(4195,198,10,362189),(4196,198,8,283455),(4197,198,14,148842),(4198,198,13,112613),(4199,198,12,92239),(4200,198,18,31984),(4201,198,19,18040),(4202,198,17,137),(4203,198,23,136),(4204,199,2,1330450000),(4205,199,3,279746000),(4206,199,5,10742200),(4207,199,9,4104670),(4208,199,7,3937280),(4209,199,1,1713480),(4210,199,14,964698),(4211,199,10,510620),(4212,199,8,232414),(4213,199,11,196308),(4214,199,4,162120),(4215,199,12,29624),(4216,199,13,28325),(4217,199,15,6584),(4218,199,21,277),(4219,199,16,35),(4220,199,17,22),(4221,199,20,12),(4222,199,18,5),(4223,200,1,641325000),(4224,200,2,365880000),(4225,200,3,250944000),(4226,200,16,4353750),(4227,200,4,4299820),(4228,200,6,3252380),(4229,200,14,644910),(4230,200,8,187999),(4231,200,11,169796),(4232,200,5,131277),(4233,200,9,105613),(4234,200,7,101186),(4235,200,10,44687),(4236,200,13,32886),(4237,200,19,2728),(4238,200,12,2597),(4239,200,17,1476),(4240,200,15,615),(4241,200,21,47),(4242,200,20,2),(4243,200,18,0),(4244,201,1,709192000),(4245,201,2,299140000),(4246,201,3,192751000),(4247,201,7,1987270),(4248,201,5,1046980),(4249,201,4,980358),(4250,201,9,451411),(4251,201,14,187690),(4252,201,12,158077),(4253,201,16,116035),(4254,201,10,109975),(4255,201,11,97513),(4256,201,15,97487),(4257,201,13,80338),(4258,201,8,11363),(4259,201,21,30),(4260,201,20,14),(4261,201,18,4),(4262,202,1,666641000),(4263,202,2,360258000),(4264,202,3,228337000),(4265,202,4,9541650),(4266,202,16,6005180),(4267,202,6,3404720),(4268,202,14,352408),(4269,202,5,288651),(4270,202,11,115151),(4271,202,10,69530),(4272,202,8,50130),(4273,202,9,41058),(4274,202,13,6914),(4275,202,12,4967),(4276,202,15,3818),(4277,202,7,3035),(4278,202,19,2160),(4279,202,17,204),(4280,202,20,85),(4281,202,22,6),(4282,202,18,0),(4283,203,1,755506000),(4284,203,2,372121000),(4285,203,3,257829000),(4286,203,4,10530300),(4287,203,6,4644240),(4288,203,14,493347),(4289,203,16,243856),(4290,203,7,243393),(4291,203,5,197704),(4292,203,11,143868),(4293,203,8,132277),(4294,203,9,52725),(4295,203,10,51848),(4296,203,13,4688),(4297,203,12,4349),(4298,203,19,1751),(4299,203,15,1575),(4300,203,18,788),(4301,203,22,228),(4302,203,17,38),(4303,203,20,3),(4304,204,1,628769000),(4305,204,2,409656000),(4306,204,3,220677000),(4307,204,4,20488500),(4308,204,6,3641980),(4309,204,7,3592820),(4310,204,14,851824),(4311,204,5,359756),(4312,204,16,182622),(4313,204,9,92136),(4314,204,8,90489),(4315,204,10,77079),(4316,204,11,75547),(4317,204,13,21793),(4318,204,15,11700),(4319,204,19,6754),(4320,204,12,6251),(4321,204,18,3750),(4322,204,22,294),(4323,204,17,19),(4324,204,20,11),(4325,205,2,205341000),(4326,205,3,81669400),(4327,205,1,6598630),(4328,205,11,636044),(4329,205,5,497182),(4330,205,10,312977),(4331,205,4,100550),(4332,205,7,86445),(4333,205,14,56371),(4334,205,12,52003),(4335,205,13,34250),(4336,205,9,22002),(4337,205,15,3290),(4338,205,17,1109),(4339,205,20,43),(4340,205,18,0),(4341,206,2,2352930000),(4342,206,3,444583000),(4343,206,1,278605000),(4344,206,5,4633980),(4345,206,4,1527090),(4346,206,7,1170320),(4347,206,10,670762),(4348,206,14,549076),(4349,206,11,418831),(4350,206,9,392117),(4351,206,8,226315),(4352,206,12,87983),(4353,206,13,51434),(4354,206,20,38051),(4355,206,16,27282),(4356,206,15,17460),(4357,206,17,2544),(4358,206,18,4),(4359,207,1,3799710000),(4360,207,2,1073600000),(4361,207,3,651642000),(4362,207,4,6588020),(4363,207,11,3047360),(4364,207,16,2611300),(4365,207,14,2458010),(4366,207,5,1366270),(4367,207,7,1339980),(4368,207,10,792318),(4369,207,12,321393),(4370,207,9,185289),(4371,207,15,179382),(4372,207,13,121676),(4373,207,18,65873),(4374,207,8,13417),(4375,207,17,806),(4376,207,20,38),(4377,208,1,2779820000),(4378,208,3,1032400000),(4379,208,2,1012250000),(4380,208,4,24977000),(4381,208,16,16386600),(4382,208,9,1550550),(4383,208,7,1350600),(4384,208,5,1056350),(4385,208,14,697352),(4386,208,10,490665),(4387,208,11,363440),(4388,208,12,189110),(4389,208,8,126773),(4390,208,13,122753),(4391,208,15,64053),(4392,208,17,8403),(4393,208,21,24),(4394,208,20,17),(4395,208,18,6),(4396,209,1,7296220000),(4397,209,2,1854670000),(4398,209,3,927625000),(4399,209,4,16679700),(4400,209,5,2467140),(4401,209,7,2360570),(4402,209,9,2276800),(4403,209,10,2210450),(4404,209,14,1667970),(4405,209,11,757002),(4406,209,12,396939),(4407,209,16,137880),(4408,209,13,102901),(4409,209,15,61621),(4410,209,8,26184),(4411,209,17,3708),(4412,209,18,1740),(4413,209,20,168),(4414,210,2,13326100),(4415,210,3,5755060),(4416,210,1,2861880),(4417,210,10,68084),(4418,210,5,9912),(4419,210,13,3988),(4420,210,4,3195),(4421,210,11,2652),(4422,210,12,1787),(4423,210,9,1168),(4424,210,14,1069),(4425,210,8,419),(4426,210,7,171),(4427,210,16,100),(4428,210,15,67),(4429,211,2,534764),(4430,211,3,149612),(4431,211,7,25603),(4432,211,1,21900),(4433,211,6,3792),(4434,211,5,2852),(4435,211,8,1057),(4436,211,16,510),(4437,211,13,294),(4438,211,4,184),(4439,211,11,166),(4440,211,9,54),(4441,211,19,27),(4442,211,12,15),(4443,211,10,2),(4444,212,2,1016470),(4445,212,3,515208),(4446,212,1,71757),(4447,212,5,56947),(4448,212,6,27804),(4449,212,8,8086),(4450,212,11,3143),(4451,212,7,1980),(4452,212,13,1319),(4453,212,12,1241),(4454,212,4,943),(4455,212,16,784),(4456,212,19,638),(4457,212,9,55),(4458,212,10,29),(4459,212,15,0),(4460,212,18,0),(4461,213,2,236721),(4462,213,3,117670),(4463,213,5,22442),(4464,213,1,10088),(4465,213,6,2805),(4466,213,7,692),(4467,213,16,314),(4468,213,13,266),(4469,213,11,90),(4470,213,4,46),(4471,213,19,31),(4472,213,9,6),(4473,214,1,131584),(4474,214,2,55488),(4475,214,3,8831),(4476,214,6,1019),(4477,214,5,541),(4478,214,7,42),(4479,214,11,8),(4480,214,19,7),(4481,214,13,2),(4482,214,9,2),(4483,215,2,16535300),(4484,215,3,7823780),(4485,215,1,3416400),(4486,215,5,85911),(4487,215,7,66210),(4488,215,10,64720),(4489,215,16,42462),(4490,215,4,8454),(4491,215,15,7862),(4492,215,8,7489),(4493,215,11,6555),(4494,215,12,4415),(4495,215,14,3180),(4496,215,13,2006),(4497,215,9,811),(4498,215,17,4),(4499,216,2,38278200),(4500,216,3,5842110),(4501,216,1,556484),(4502,216,7,80812),(4503,216,5,46687),(4504,216,10,35442),(4505,216,11,9728),(4506,216,14,9118),(4507,216,13,2032),(4508,216,12,1713),(4509,216,8,1423),(4510,216,4,610),(4511,216,9,334),(4512,216,15,114),(4513,216,17,61),(4514,216,20,3),(4515,216,16,0),(4516,217,1,4009530000),(4517,217,2,1789290000),(4518,217,3,564843000),(4519,217,4,28672800),(4520,217,7,17332600),(4521,217,16,8679330),(4522,217,11,2700470),(4523,217,5,1603220),(4524,217,9,781275),(4525,217,15,493971),(4526,217,12,409058),(4527,217,14,392493),(4528,217,10,342016),(4529,217,13,119928),(4530,217,8,82989),(4531,217,17,22344),(4532,217,20,15296),(4533,217,18,11863),(4534,218,2,1123450),(4535,218,1,30666),(4536,218,3,1008),(4537,218,8,73),(4538,218,14,62),(4539,218,5,12),(4540,218,9,11),(4541,218,12,6),(4542,218,4,0),(4543,219,2,1589200),(4544,219,7,221070),(4545,219,1,205968),(4546,219,3,33780),(4547,219,5,7845),(4548,219,13,1436),(4549,219,9,690),(4550,219,4,452),(4551,219,11,413),(4552,220,2,27840100),(4553,220,3,6138040),(4554,220,1,2738960),(4555,220,5,119438),(4556,220,9,35579),(4557,220,4,14333),(4558,220,12,13221),(4559,220,11,9790),(4560,220,10,9769),(4561,220,8,6581),(4562,220,14,4418),(4563,220,7,2809),(4564,220,13,2659),(4565,220,15,8),(4566,220,16,4),(4567,221,1,2514540000),(4568,221,2,609429000),(4569,221,3,323795000),(4570,221,4,3891560),(4571,221,9,1740080),(4572,221,16,1675230),(4573,221,5,941391),(4574,221,10,582300),(4575,221,11,410090),(4576,221,13,250989),(4577,221,12,225656),(4578,221,14,207271),(4579,221,15,193809),(4580,221,7,173202),(4581,221,8,116628),(4582,221,20,37827),(4583,221,21,2456),(4584,221,18,1450),(4585,221,17,154),(4586,222,2,1832840000),(4587,222,1,560188000),(4588,222,3,337200000),(4589,222,4,4203810),(4590,222,7,1274180),(4591,222,9,1006680),(4592,222,5,889413),(4593,222,14,581022),(4594,222,10,488143),(4595,222,11,205216),(4596,222,12,191377),(4597,222,16,65229),(4598,222,8,38357),(4599,222,15,36889),(4600,222,13,26005),(4601,222,20,15822),(4602,222,17,1969),(4603,222,18,114),(4604,222,21,21),(4605,223,3,197447),(4606,223,2,96772),(4607,223,11,135),(4608,223,14,97),(4609,223,5,94),(4610,223,1,15),(4611,223,12,3),(4612,223,15,2),(4613,224,2,617),(4614,224,3,20),(4615,224,6,4),(4616,225,2,28719),(4617,225,3,3767),(4618,225,9,334),(4619,225,11,244),(4620,225,5,222),(4621,225,6,38),(4622,225,19,23),(4623,225,4,1),(4624,225,1,0),(4625,226,2,6),(4626,227,2,22648),(4627,227,3,2929),(4628,227,5,2467),(4629,227,4,6),(4630,228,2,11416800),(4631,228,3,3620140),(4632,228,11,34726),(4633,228,10,24487),(4634,228,5,17729),(4635,228,1,9136),(4636,228,4,5211),(4637,228,14,3498),(4638,228,12,2980),(4639,228,13,1293),(4640,228,7,308),(4641,228,9,280),(4642,228,15,6),(4643,229,1,378472000),(4644,229,2,288852000),(4645,229,3,85707500),(4646,229,4,2860710),(4647,229,16,1184190),(4648,229,5,496336),(4649,229,7,265685),(4650,229,11,180435),(4651,229,15,90912),(4652,229,12,85420),(4653,229,9,84699),(4654,229,10,74800),(4655,229,13,22441),(4656,229,8,12325),(4657,229,14,4678),(4658,229,17,658),(4659,229,20,6),(4660,230,1,877065000),(4661,230,2,439015000),(4662,230,3,294129000),(4663,230,4,14511900),(4664,230,20,7353770),(4665,230,6,3293710),(4666,230,7,882372),(4667,230,5,806944),(4668,230,16,743609),(4669,230,9,596487),(4670,230,14,572993),(4671,230,15,510617),(4672,230,11,458598),(4673,230,10,261563),(4674,230,12,125847),(4675,230,8,60540),(4676,230,13,44476),(4677,230,17,6191),(4678,230,19,5753),(4679,230,22,19),(4680,230,21,16),(4681,230,18,0),(4682,231,1,719434000),(4683,231,2,385093000),(4684,231,3,262226000),(4685,231,4,13738200),(4686,231,14,6517350),(4687,231,6,3341310),(4688,231,16,1938390),(4689,231,7,1423470),(4690,231,20,662842),(4691,231,5,651430),(4692,231,9,316846),(4693,231,15,138231),(4694,231,10,113802),(4695,231,11,100573),(4696,231,13,79841),(4697,231,12,60213),(4698,231,8,28544),(4699,231,19,6968),(4700,231,22,166),(4701,231,17,64),(4702,231,18,16),(4703,232,2,56177900),(4704,232,3,16981000),(4705,232,11,348088),(4706,232,9,225088),(4707,232,1,66302),(4708,232,4,53990),(4709,232,5,48430),(4710,232,14,17931),(4711,232,12,7838),(4712,232,10,5430),(4713,232,13,4586),(4714,232,15,1252),(4715,232,7,52),(4716,232,18,2),(4717,232,17,2),(4718,233,2,92206500),(4719,233,3,19828300),(4720,233,1,175821),(4721,233,9,141571),(4722,233,11,124732),(4723,233,5,98150),(4724,233,4,92995),(4725,233,10,8504),(4726,233,14,8413),(4727,233,12,7303),(4728,233,8,7131),(4729,233,15,4177),(4730,233,16,1736),(4731,233,13,1529),(4732,233,18,82),(4733,233,7,59),(4734,234,1,3595320000),(4735,234,2,1995190000),(4736,234,3,1035940000),(4737,234,4,115546000),(4738,234,7,37020600),(4739,234,16,29644900),(4740,234,6,13834500),(4741,234,5,3193670),(4742,234,9,2160690),(4743,234,11,1990200),(4744,234,8,1579610),(4745,234,10,713229),(4746,234,20,616732),(4747,234,15,449315),(4748,234,12,360595),(4749,234,13,291530),(4750,234,14,195235),(4751,234,22,188258),(4752,234,19,67656),(4753,234,18,899),(4754,234,17,233),(4755,234,21,36),(4756,234,23,33),(4757,235,1,450477000),(4758,235,2,220651000),(4759,235,3,94251100),(4760,235,9,1815110),(4761,235,4,886504),(4762,235,5,730703),(4763,235,7,357100),(4764,235,10,237310),(4765,235,11,171845),(4766,235,17,85194),(4767,235,14,57413),(4768,235,8,55968),(4769,235,15,53014),(4770,235,16,52467),(4771,235,13,45449),(4772,235,12,29719),(4773,235,21,1805),(4774,235,20,9),(4775,235,18,0),(4776,236,2,1713030000),(4777,236,1,985023000),(4778,236,3,335089000),(4779,236,4,3150000),(4780,236,7,2394020),(4781,236,5,1572880),(4782,236,11,664995),(4783,236,14,664857),(4784,236,9,528857),(4785,236,10,494157),(4786,236,8,322218),(4787,236,20,102485),(4788,236,12,91452),(4789,236,13,70318),(4790,236,15,63723),(4791,236,16,47083),(4792,236,17,8219),(4793,236,21,344),(4794,236,18,0),(4795,237,1,1159800000),(4796,237,2,441055000),(4797,237,15,73113200),(4798,237,3,58990500),(4799,237,4,9964420),(4800,237,9,7187070),(4801,237,11,5980480),(4802,237,7,5911800),(4803,237,5,869382),(4804,237,16,448033),(4805,237,10,195788),(4806,237,13,82308),(4807,237,14,65969),(4808,237,8,35255),(4809,237,12,22054),(4810,237,17,2524),(4811,237,20,1176),(4812,237,18,1),(4813,238,1,1645410000),(4814,238,2,1173960000),(4815,238,3,231894000),(4816,238,7,16906700),(4817,238,4,14835200),(4818,238,20,1531250),(4819,238,5,1529020),(4820,238,9,1445070),(4821,238,10,686317),(4822,238,11,647114),(4823,238,8,547464),(4824,238,16,339831),(4825,238,14,181064),(4826,238,12,128248),(4827,238,13,114146),(4828,238,15,75586),(4829,238,17,4766),(4830,238,21,23),(4831,238,18,10),(4832,239,1,1770510000),(4833,239,2,838335000),(4834,239,3,201795000),(4835,239,4,6719730),(4836,239,9,6152530),(4837,239,11,4337360),(4838,239,7,2901010),(4839,239,5,2241000),(4840,239,14,1455940),(4841,239,15,868125),(4842,239,10,508295),(4843,239,20,220209),(4844,239,16,91896),(4845,239,13,88547),(4846,239,12,80796),(4847,239,8,12748),(4848,239,17,504),(4849,239,18,107),(4850,239,21,63),(4851,240,2,56402700),(4852,240,3,27728900),(4853,240,1,227797),(4854,240,11,80325),(4855,240,5,68186),(4856,240,10,46312),(4857,240,14,11460),(4858,240,4,11052),(4859,240,12,9911),(4860,240,13,5757),(4861,240,9,5182),(4862,240,8,2699),(4863,240,15,1039),(4864,240,7,365),(4865,240,16,18),(4866,240,17,17),(4867,240,20,5),(4868,240,18,0),(4869,241,1,2018270000),(4870,241,2,828671000),(4871,241,3,76390400),(4872,241,4,4938540),(4873,241,7,4873760),(4874,241,20,1696780),(4875,241,5,943933),(4876,241,10,444753),(4877,241,11,348890),(4878,241,12,188169),(4879,241,9,110067),(4880,241,16,74164),(4881,241,14,73243),(4882,241,8,56115),(4883,241,13,51628),(4884,241,15,50026),(4885,241,17,3785),(4886,241,21,11),(4887,241,18,9);
/*!40000 ALTER TABLE `application_usage` ENABLE KEYS */;
UNLOCK TABLES;

--
-- Table structure for table `auth_group`
--

DROP TABLE IF EXISTS `auth_group`;
/*!40101 SET @saved_cs_client     = @@character_set_client */;
 SET character_set_client = utf8mb4 ;
CREATE TABLE `auth_group` (
  `id` int(11) NOT NULL AUTO_INCREMENT,
  `name` varchar(80) NOT NULL,
  PRIMARY KEY (`id`),
  UNIQUE KEY `name` (`name`)
) ENGINE=InnoDB DEFAULT CHARSET=utf8mb4 COLLATE=utf8mb4_0900_ai_ci;
/*!40101 SET character_set_client = @saved_cs_client */;

--
-- Dumping data for table `auth_group`
--

LOCK TABLES `auth_group` WRITE;
/*!40000 ALTER TABLE `auth_group` DISABLE KEYS */;
/*!40000 ALTER TABLE `auth_group` ENABLE KEYS */;
UNLOCK TABLES;

--
-- Table structure for table `auth_group_permissions`
--

DROP TABLE IF EXISTS `auth_group_permissions`;
/*!40101 SET @saved_cs_client     = @@character_set_client */;
 SET character_set_client = utf8mb4 ;
CREATE TABLE `auth_group_permissions` (
  `id` int(11) NOT NULL AUTO_INCREMENT,
  `group_id` int(11) NOT NULL,
  `permission_id` int(11) NOT NULL,
  PRIMARY KEY (`id`),
  UNIQUE KEY `auth_group_permissions_group_id_permission_id_0cd325b0_uniq` (`group_id`,`permission_id`),
  KEY `auth_group_permissio_permission_id_84c5c92e_fk_auth_perm` (`permission_id`),
  CONSTRAINT `auth_group_permissio_permission_id_84c5c92e_fk_auth_perm` FOREIGN KEY (`permission_id`) REFERENCES `auth_permission` (`id`),
  CONSTRAINT `auth_group_permissions_group_id_b120cbf9_fk_auth_group_id` FOREIGN KEY (`group_id`) REFERENCES `auth_group` (`id`)
) ENGINE=InnoDB DEFAULT CHARSET=utf8mb4 COLLATE=utf8mb4_0900_ai_ci;
/*!40101 SET character_set_client = @saved_cs_client */;

--
-- Dumping data for table `auth_group_permissions`
--

LOCK TABLES `auth_group_permissions` WRITE;
/*!40000 ALTER TABLE `auth_group_permissions` DISABLE KEYS */;
/*!40000 ALTER TABLE `auth_group_permissions` ENABLE KEYS */;
UNLOCK TABLES;

--
-- Table structure for table `auth_permission`
--

DROP TABLE IF EXISTS `auth_permission`;
/*!40101 SET @saved_cs_client     = @@character_set_client */;
 SET character_set_client = utf8mb4 ;
CREATE TABLE `auth_permission` (
  `id` int(11) NOT NULL AUTO_INCREMENT,
  `name` varchar(255) NOT NULL,
  `content_type_id` int(11) NOT NULL,
  `codename` varchar(100) NOT NULL,
  PRIMARY KEY (`id`),
  UNIQUE KEY `auth_permission_content_type_id_codename_01ab375a_uniq` (`content_type_id`,`codename`),
  CONSTRAINT `auth_permission_content_type_id_2f476e4b_fk_django_co` FOREIGN KEY (`content_type_id`) REFERENCES `django_content_type` (`id`)
) ENGINE=InnoDB AUTO_INCREMENT=45 DEFAULT CHARSET=utf8mb4 COLLATE=utf8mb4_0900_ai_ci;
/*!40101 SET character_set_client = @saved_cs_client */;

--
-- Dumping data for table `auth_permission`
--

LOCK TABLES `auth_permission` WRITE;
/*!40000 ALTER TABLE `auth_permission` DISABLE KEYS */;
INSERT INTO `auth_permission` VALUES (1,'Can add log entry',1,'add_logentry'),(2,'Can change log entry',1,'change_logentry'),(3,'Can delete log entry',1,'delete_logentry'),(4,'Can view log entry',1,'view_logentry'),(5,'Can add permission',2,'add_permission'),(6,'Can change permission',2,'change_permission'),(7,'Can delete permission',2,'delete_permission'),(8,'Can view permission',2,'view_permission'),(9,'Can add group',3,'add_group'),(10,'Can change group',3,'change_group'),(11,'Can delete group',3,'delete_group'),(12,'Can view group',3,'view_group'),(13,'Can add user',4,'add_user'),(14,'Can change user',4,'change_user'),(15,'Can delete user',4,'delete_user'),(16,'Can view user',4,'view_user'),(17,'Can add content type',5,'add_contenttype'),(18,'Can change content type',5,'change_contenttype'),(19,'Can delete content type',5,'delete_contenttype'),(20,'Can view content type',5,'view_contenttype'),(21,'Can add session',6,'add_session'),(22,'Can change session',6,'change_session'),(23,'Can delete session',6,'delete_session'),(24,'Can view session',6,'view_session'),(25,'Can add association',7,'add_association'),(26,'Can change association',7,'change_association'),(27,'Can delete association',7,'delete_association'),(28,'Can view association',7,'view_association'),(29,'Can add code',8,'add_code'),(30,'Can change code',8,'change_code'),(31,'Can delete code',8,'delete_code'),(32,'Can view code',8,'view_code'),(33,'Can add nonce',9,'add_nonce'),(34,'Can change nonce',9,'change_nonce'),(35,'Can delete nonce',9,'delete_nonce'),(36,'Can view nonce',9,'view_nonce'),(37,'Can add user social auth',10,'add_usersocialauth'),(38,'Can change user social auth',10,'change_usersocialauth'),(39,'Can delete user social auth',10,'delete_usersocialauth'),(40,'Can view user social auth',10,'view_usersocialauth'),(41,'Can add partial',11,'add_partial'),(42,'Can change partial',11,'change_partial'),(43,'Can delete partial',11,'delete_partial'),(44,'Can view partial',11,'view_partial');
/*!40000 ALTER TABLE `auth_permission` ENABLE KEYS */;
UNLOCK TABLES;

--
-- Table structure for table `auth_user`
--

DROP TABLE IF EXISTS `auth_user`;
/*!40101 SET @saved_cs_client     = @@character_set_client */;
 SET character_set_client = utf8mb4 ;
CREATE TABLE `auth_user` (
  `id` int(11) NOT NULL AUTO_INCREMENT,
  `password` varchar(128) NOT NULL,
  `last_login` datetime(6) DEFAULT NULL,
  `is_superuser` tinyint(1) NOT NULL,
  `username` varchar(150) NOT NULL,
  `first_name` varchar(30) NOT NULL,
  `last_name` varchar(150) NOT NULL,
  `email` varchar(254) NOT NULL,
  `is_staff` tinyint(1) NOT NULL,
  `is_active` tinyint(1) NOT NULL,
  `date_joined` datetime(6) NOT NULL,
  PRIMARY KEY (`id`),
  UNIQUE KEY `username` (`username`)
) ENGINE=InnoDB AUTO_INCREMENT=2 DEFAULT CHARSET=utf8mb4 COLLATE=utf8mb4_0900_ai_ci;
/*!40101 SET character_set_client = @saved_cs_client */;

--
-- Dumping data for table `auth_user`
--

LOCK TABLES `auth_user` WRITE;
/*!40000 ALTER TABLE `auth_user` DISABLE KEYS */;
INSERT INTO `auth_user` VALUES (1,'pbkdf2_sha256$120000$j50fVraMhI2a$XtYZ24E2Gy9HnTxFaPyQEp7CyT3QYeLp9d+NJp6r5ao=','2018-12-18 19:44:04.479120',1,'cyearee','Yea-Ree','Chang','cyearee@umich.edu',1,1,'2018-12-15 17:57:26.383972');
/*!40000 ALTER TABLE `auth_user` ENABLE KEYS */;
UNLOCK TABLES;

--
-- Table structure for table `auth_user_groups`
--

DROP TABLE IF EXISTS `auth_user_groups`;
/*!40101 SET @saved_cs_client     = @@character_set_client */;
 SET character_set_client = utf8mb4 ;
CREATE TABLE `auth_user_groups` (
  `id` int(11) NOT NULL AUTO_INCREMENT,
  `user_id` int(11) NOT NULL,
  `group_id` int(11) NOT NULL,
  PRIMARY KEY (`id`),
  UNIQUE KEY `auth_user_groups_user_id_group_id_94350c0c_uniq` (`user_id`,`group_id`),
  KEY `auth_user_groups_group_id_97559544_fk_auth_group_id` (`group_id`),
  CONSTRAINT `auth_user_groups_group_id_97559544_fk_auth_group_id` FOREIGN KEY (`group_id`) REFERENCES `auth_group` (`id`),
  CONSTRAINT `auth_user_groups_user_id_6a12ed8b_fk_auth_user_id` FOREIGN KEY (`user_id`) REFERENCES `auth_user` (`id`)
) ENGINE=InnoDB DEFAULT CHARSET=utf8mb4 COLLATE=utf8mb4_0900_ai_ci;
/*!40101 SET character_set_client = @saved_cs_client */;

--
-- Dumping data for table `auth_user_groups`
--

LOCK TABLES `auth_user_groups` WRITE;
/*!40000 ALTER TABLE `auth_user_groups` DISABLE KEYS */;
/*!40000 ALTER TABLE `auth_user_groups` ENABLE KEYS */;
UNLOCK TABLES;

--
-- Table structure for table `auth_user_user_permissions`
--

DROP TABLE IF EXISTS `auth_user_user_permissions`;
/*!40101 SET @saved_cs_client     = @@character_set_client */;
 SET character_set_client = utf8mb4 ;
CREATE TABLE `auth_user_user_permissions` (
  `id` int(11) NOT NULL AUTO_INCREMENT,
  `user_id` int(11) NOT NULL,
  `permission_id` int(11) NOT NULL,
  PRIMARY KEY (`id`),
  UNIQUE KEY `auth_user_user_permissions_user_id_permission_id_14a6b632_uniq` (`user_id`,`permission_id`),
  KEY `auth_user_user_permi_permission_id_1fbb5f2c_fk_auth_perm` (`permission_id`),
  CONSTRAINT `auth_user_user_permi_permission_id_1fbb5f2c_fk_auth_perm` FOREIGN KEY (`permission_id`) REFERENCES `auth_permission` (`id`),
  CONSTRAINT `auth_user_user_permissions_user_id_a95ead1b_fk_auth_user_id` FOREIGN KEY (`user_id`) REFERENCES `auth_user` (`id`)
) ENGINE=InnoDB DEFAULT CHARSET=utf8mb4 COLLATE=utf8mb4_0900_ai_ci;
/*!40101 SET character_set_client = @saved_cs_client */;

--
-- Dumping data for table `auth_user_user_permissions`
--

LOCK TABLES `auth_user_user_permissions` WRITE;
/*!40000 ALTER TABLE `auth_user_user_permissions` DISABLE KEYS */;
/*!40000 ALTER TABLE `auth_user_user_permissions` ENABLE KEYS */;
UNLOCK TABLES;

--
-- Table structure for table `camp`
--

DROP TABLE IF EXISTS `camp`;
/*!40101 SET @saved_cs_client     = @@character_set_client */;
 SET character_set_client = utf8mb4 ;
CREATE TABLE `camp` (
  `camp_id` int(11) NOT NULL AUTO_INCREMENT,
  `camp_name` varchar(45) NOT NULL,
  `country_id` int(11) DEFAULT NULL,
  `camp_admin_id` int(11) DEFAULT NULL,
  `camp_type_id` int(11) DEFAULT NULL,
  `latitude` float NOT NULL,
  `longitude` float NOT NULL,
  `bandwidth_up` float DEFAULT NULL,
  `bandwidth_down` float DEFAULT NULL,
  PRIMARY KEY (`camp_id`),
  UNIQUE KEY `camp_id_UNIQUE` (`camp_id`),
  UNIQUE KEY `camp_name_UNIQUE` (`camp_name`),
  KEY `country_id_idx` (`country_id`),
  KEY `camp_admin_id_idx` (`camp_admin_id`),
  KEY `camp_type_id_idx` (`camp_type_id`),
  CONSTRAINT `camp_admin_id` FOREIGN KEY (`camp_admin_id`) REFERENCES `camp_admin` (`camp_admin_id`),
  CONSTRAINT `camp_type_id` FOREIGN KEY (`camp_type_id`) REFERENCES `camp_type` (`camp_type_id`),
  CONSTRAINT `country_id` FOREIGN KEY (`country_id`) REFERENCES `country` (`country_id`)
) ENGINE=InnoDB AUTO_INCREMENT=64 DEFAULT CHARSET=utf8mb4 COLLATE=utf8mb4_0900_ai_ci;
/*!40101 SET character_set_client = @saved_cs_client */;

--
-- Dumping data for table `camp`
--

LOCK TABLES `camp` WRITE;
/*!40000 ALTER TABLE `camp` DISABLE KEYS */;
INSERT INTO `camp` VALUES (1,'Alexandria',1,1,1,22.454,40.6354,250,250),(2,'Diavata',1,4,1,22.8639,40.701,3064,5000),(3,'Doliana',1,1,1,20.5783,39.8985,128,256),(4,'Eleonas',1,3,1,23.6963,37.9841,5000,5000),(5,'Filipiada',1,1,1,20.873,39.2244,250000,250000),(6,'Kato-Milia',1,1,1,22.3421,40.2549,3000,50000),(7,'Konitsa',1,4,1,20.7493,40.0494,128,256),(8,'Koutsochero',1,1,1,22.2374,39.608,250,250),(9,'Lagkadikia',1,3,1,23.2453,40.6291,500,1024),(10,'Lavrio',1,1,1,24.0335,37.7031,128,250),(11,'Leros-Lepida',1,1,2,26.8596,37.1183,500,500),(12,'Moria',1,1,2,26.5036,39.1347,512,512),(13,'Nea-Kavala',1,1,1,22.6248,40.9906,250,250),(14,'Pikpa-Leros',1,3,2,26.8528,37.1346,250,250),(15,'Skaramangas',1,1,1,23.5891,38.0048,192,512),(16,'Vial-Chios',1,1,2,26.0923,38.3239,250,250),(17,'Andravida',1,2,1,21.2069,37.9384,250,250),(18,'Derveni-Alexil',1,1,1,22.9771,40.7244,500,2500),(19,'Eliniko-Hockey',1,3,1,23.7219,37.8978,384,384),(20,'Illiadi',1,1,1,22.8527,40.6525,500,1500),(21,'Malakasa',1,1,1,23.7945,38.2393,128,256),(22,'Olympic Stadium',1,3,1,23.7263,37.8998,1000,6000),(23,'Rafina',1,1,1,23.9952,38.0087,128,250),(24,'Ritsona',1,1,1,23.5053,38.3796,10000,10000),(25,'Sindos-Frakapore',1,1,1,22.8337,40.6659,200,500),(26,'Softex',1,1,1,22.8748,40.6701,2000,2000),(27,'Souda-Samns-Purse',1,2,1,26.1372,38.376,100,1024),(28,'Trikala',1,1,1,21.7951,39.5566,2048,2048),(29,'Veria',1,1,1,22.2083,40.5154,300,1000),(30,'Kos',1,3,2,27.1648,36.8566,250,250),(31,'Volos',1,1,1,22.8655,39.3817,256,512),(32,'Cherso',1,1,1,22.7719,41.0945,300,800),(33,'Drama',1,4,1,24.069,41.1714,500,500),(34,'Serres',1,3,1,23.5474,41.0724,15000,15000),(35,'Adasevci',2,3,4,19.2268,45.0466,128,256),(36,'Bujanovac',2,4,3,21.7661,42.4474,128,256),(37,'Divljana',2,3,3,22.2893,43.1891,128,256),(38,'Kikinda',2,3,4,20.4913,45.7151,5000,5000),(39,'Krnjaca',2,3,5,20.5271,44.8499,128,256),(40,'Obrenovac',2,3,4,20.1827,44.6692,250,250),(41,'Pirot',2,3,3,22.6183,43.1733,128,256),(42,'Presevo',2,4,3,21.6833,42.3008,250,250),(43,'Sombor',2,3,4,19.0737,45.7715,1000,6000),(44,'Vathi-Samos',1,3,2,26.9818,37.7483,0,0),(45,'Kavala',1,4,1,24.4301,40.9453,0,0);
/*!40000 ALTER TABLE `camp` ENABLE KEYS */;
UNLOCK TABLES;

--
-- Table structure for table `camp_admin`
--

DROP TABLE IF EXISTS `camp_admin`;
/*!40101 SET @saved_cs_client     = @@character_set_client */;
 SET character_set_client = utf8mb4 ;
CREATE TABLE `camp_admin` (
  `camp_admin_id` int(11) NOT NULL AUTO_INCREMENT,
  `camp_admin_name` varchar(45) NOT NULL,
  PRIMARY KEY (`camp_admin_id`),
  UNIQUE KEY `camp_admin_id` (`camp_admin_id`),
  UNIQUE KEY `camp_admin_name` (`camp_admin_name`)
) ENGINE=InnoDB AUTO_INCREMENT=5 DEFAULT CHARSET=utf8mb4 COLLATE=utf8mb4_0900_ai_ci;
/*!40101 SET character_set_client = @saved_cs_client */;

--
-- Dumping data for table `camp_admin`
--

LOCK TABLES `camp_admin` WRITE;
/*!40000 ALTER TABLE `camp_admin` DISABLE KEYS */;
INSERT INTO `camp_admin` VALUES (2,'Local Government'),(1,'Military'),(3,'National Government - Immigration'),(4,'National Government - Non-Immigration');
/*!40000 ALTER TABLE `camp_admin` ENABLE KEYS */;
UNLOCK TABLES;

--
-- Table structure for table `camp_demographics`
--

DROP TABLE IF EXISTS `camp_demographics`;
/*!40101 SET @saved_cs_client     = @@character_set_client */;
 SET character_set_client = utf8mb4 ;
CREATE TABLE `camp_demographics` (
  `camp_dem_id` int(11) NOT NULL AUTO_INCREMENT,
  `mupc_id` int(11) NOT NULL,
  `camp_population` int(11) DEFAULT NULL,
  `camp_capacity` float DEFAULT NULL,
  `adultmale` float DEFAULT NULL,
  `adultfemale` float DEFAULT NULL,
  `children` float DEFAULT NULL,
  `overcapacity` binary(1) NOT NULL,
  PRIMARY KEY (`camp_dem_id`),
  UNIQUE KEY `camp_dem_id` (`camp_dem_id`),
  KEY `camp_demographics_ibfk_1` (`mupc_id`),
  CONSTRAINT `camp_demographics_ibfk_1` FOREIGN KEY (`mupc_id`) REFERENCES `monthly_usage_per_camp` (`mupc_id`)
) ENGINE=InnoDB AUTO_INCREMENT=512 DEFAULT CHARSET=utf8mb4 COLLATE=utf8mb4_0900_ai_ci;
/*!40101 SET character_set_client = @saved_cs_client */;

--
-- Dumping data for table `camp_demographics`
--

LOCK TABLES `camp_demographics` WRITE;
/*!40000 ALTER TABLE `camp_demographics` DISABLE KEYS */;
INSERT INTO `camp_demographics` VALUES (1,1,327,450,0.45,0.19,0.36,_binary '0'),(2,24,129,220,0.35,0.24,0.41,_binary '0'),(3,39,83,280,0.27,0.25,0.48,_binary '0'),(4,71,162,240,0.33,0.18,0.49,_binary '0'),(5,91,643,1000,0.42,0.17,0.41,_binary '0'),(6,142,727,900,0.97,0,0.3,_binary '0'),(7,146,185,250,0.31,0.21,0.48,_binary '0'),(8,150,353,1000,0.66,0.13,0.21,_binary '0'),(9,178,129,120,0.43,0.12,0.46,_binary '1'),(10,2,303,450,0.49,0.19,0.32,_binary '0'),(11,25,144,220,0.33,0.24,0.43,_binary '0'),(12,40,98,280,0.27,0.28,0.46,_binary '0'),(13,72,166,240,0.36,0.17,0.48,_binary '0'),(14,92,577,1000,0.38,0.18,0.44,_binary '0'),(15,143,717,900,0.97,0,0.3,_binary '0'),(16,147,199,250,0.32,0.21,0.47,_binary '0'),(17,151,370,1000,0.71,0.12,0.17,_binary '0'),(18,179,122,120,0.38,0.1,0.52,_binary '1'),(19,4,284,450,0.55,0.18,0.28,_binary '0'),(20,26,142,220,0.34,0.26,0.4,_binary '0'),(21,41,87,280,0.24,0.26,0.49,_binary '0'),(22,73,139,240,0.35,0.18,0.47,_binary '0'),(23,93,532,1000,0.37,0.19,0.44,_binary '0'),(24,144,761,900,0.1,0,0,_binary '0'),(25,148,193,250,0.31,0.21,0.48,_binary '0'),(26,152,227,1000,0.59,0.15,0.26,_binary '0'),(27,180,121,120,0.49,0.1,0.41,_binary '1'),(28,3,513,450,0.73,0.13,0.14,_binary '1'),(29,153,0,1000,0,0,0,_binary '0'),(30,27,207,220,0.59,0.19,0.22,_binary '0'),(31,181,93,120,0.19,0.28,0.53,_binary '0'),(32,74,137,240,0.58,0.12,0.29,_binary '0'),(33,94,591,1000,0.18,0.1,0.72,_binary '0'),(34,145,673,900,0.1,0,0,_binary '0'),(35,149,164,250,0.6,0.14,0.26,_binary '0'),(36,42,0,280,0,0,0,_binary '0'),(37,6,313,355,0.44,0.2,0.36,_binary '0'),(38,29,749,NULL,0.32,0.2,0.48,_binary '1'),(39,211,87,99,0.39,0.16,0.45,_binary '0'),(40,54,1468,NULL,0.4,0.21,0.39,_binary '1'),(41,266,269,277,0.37,0.21,0.42,_binary '0'),(42,58,257,273,0.39,0.21,0.4,_binary '0'),(43,224,64,70,0.2,0.25,0.55,_binary '0'),(44,87,776,872,0.46,0.23,0.31,_binary '0'),(45,98,337,373,0.42,0.22,0.36,_binary '0'),(46,111,196,228,0.41,0.23,0.36,_binary '0'),(47,117,552,800,0.56,0.16,0.28,_binary '0'),(48,124,5113,NULL,0.62,0.21,0.17,_binary '1'),(49,132,407,437,0.68,0.19,0.13,_binary '0'),(50,271,46,100,0.33,0.24,0.43,_binary '0'),(51,171,2502,NULL,0.24,0.3,0.46,_binary '1'),(52,183,1689,NULL,0.51,0.2,0.29,_binary '1'),(53,5,422,1200,0.26,0.22,0.52,_binary '0'),(54,16,161,300,0.19,0.15,0.66,_binary '0'),(55,207,356,850,0.28,0.24,0.48,_binary '0'),(56,28,370,2500,0.26,0.2,0.54,_binary '0'),(57,210,145,400,0.2,0.22,0.58,_binary '0'),(58,50,2000,2500,0.42,0.21,0.37,_binary '0'),(59,217,691,1400,0.42,0.21,0.37,_binary '0'),(60,218,238,700,0.24,0.22,0.54,_binary '0'),(61,221,390,500,0.25,0.22,0.53,_binary '0'),(62,223,150,200,0.29,0.15,0.56,_binary '0'),(63,95,239,631,0.4,0.2,0.4,_binary '0'),(64,106,321,400,0.3,0.27,0.43,_binary '0'),(65,116,864,1000,0.51,0.18,0.31,_binary '0'),(66,229,483,1500,0.4,0.27,0.33,_binary '0'),(67,251,6160,3500,0.6,0.2,0.2,_binary '1'),(68,131,870,4200,0.27,0.24,0.49,_binary '0'),(69,154,111,120,0,0.3,0,_binary '0'),(70,156,570,1000,0.3,0.3,0.4,_binary '0'),(71,235,358,600,0.27,0.23,0.5,_binary '0'),(72,170,3300,3200,0.3,0.3,0.4,_binary '1'),(73,182,2136,850,0.58,0.17,0.25,_binary '1'),(74,237,450,1900,0.3,0.2,0.5,_binary '0'),(75,274,3509,1100,0.54,0.19,0.27,_binary '1'),(76,275,241,360,0.34,0.27,0.39,_binary '0'),(77,191,275,400,0.25,0.24,0.51,_binary '0'),(78,277,3509,1100,0.2,0.36,0.44,_binary '1'),(79,75,1880,1000,0.9,0.01,0.09,_binary '1'),(80,78,225,505,0.69,0.08,0.23,_binary '0'),(81,11,311,371,0.34,0.2,0.46,_binary '0'),(82,19,170,240,0.19,0.15,0.66,_binary '0'),(83,208,87,187,0.08,0.25,0.67,_binary '0'),(84,34,363,NULL,0.34,0.19,0.47,_binary '1'),(85,215,11,150,0.09,0.09,0.82,_binary '0'),(86,219,229,244,0.28,0.22,0.5,_binary '0'),(87,227,79,110,0.24,0.24,0.52,_binary '0'),(88,85,1014,1054,0.29,0.23,0.48,_binary '0'),(89,108,250,350,0.3,0.27,0.43,_binary '0'),(90,137,425,529,0.45,0.25,0.3,_binary '0'),(91,201,104,120,0.23,0.2,0.57,_binary '0'),(92,187,1160,NULL,0.58,0.17,0.25,_binary '1'),(93,155,99,120,0.04,0.28,0.68,_binary '0'),(94,241,170,NULL,0.38,0.23,0.39,_binary '1'),(95,238,310,394,0.7,0.1,0.2,_binary '0'),(96,195,182,234,0.38,0.22,0.4,_binary '0'),(97,278,953,NULL,0.52,0.18,0.3,_binary '1'),(98,102,169,194,0.4,0.2,0.4,_binary '0'),(99,257,2485,2685,0.29,0.23,0.48,_binary '0'),(100,8,816,1200,0.28,0.31,0.41,_binary '0'),(101,242,350,300,0.19,0.19,0.62,_binary '1'),(102,205,3987,2500,0.32,0.26,0.42,_binary '1'),(103,262,711,800,0.4,0.21,0.39,_binary '0'),(104,31,2320,2500,0,0,0.45,_binary '0'),(105,263,207,400,0.25,0.25,0.5,_binary '0'),(106,244,479,550,0.35,0.35,0.3,_binary '0'),(107,246,1502,1500,0.27,0.4,0.33,_binary '1'),(108,264,1850,1400,0.4,0.35,0.25,_binary '1'),(109,267,660,700,0.25,0.25,0.5,_binary '0'),(110,268,162,150,0.3,0.3,0.4,_binary '1'),(111,248,809,1500,0.23,0.22,0.55,_binary '0'),(112,100,845,NULL,0.3,0.23,0.47,_binary '\0'),(113,249,395,400,0.28,0.24,0.48,_binary '0'),(114,269,1299,150,0.38,0.22,0.4,_binary '1'),(115,232,1531,1300,0.4,0.35,0.25,_binary '1'),(116,254,800,1000,0.38,0.22,0.4,_binary '0'),(117,272,572,550,0.15,0.25,0.6,_binary '1'),(118,256,1642,1600,0.38,0.22,0.4,_binary '1'),(119,273,1137,1000,0.3,0.2,0.5,_binary '1'),(120,260,400,403,0.29,0.26,0.45,_binary '0'),(121,261,203,200,0.2,0.3,0.5,_binary '1'),(122,134,3980,2500,0.3,0.24,0.46,_binary '1'),(123,15,447,1200,0.31,0.32,0.37,_binary '0'),(124,243,209,300,0.19,0.15,0.66,_binary '0'),(125,206,1077,4000,0.28,0.24,0.48,_binary '0'),(126,209,680,850,0.26,0.25,0.49,_binary '0'),(127,38,672,2500,0.3,0.2,0.5,_binary '0'),(128,216,145,400,0.22,0.22,0.56,_binary '0'),(129,49,200,550,0.2,0.3,0.5,_binary '0'),(130,245,2183,2500,0.32,0.38,0.3,_binary '0'),(131,265,893,1400,0.4,0.35,0.25,_binary '0'),(132,220,233,700,0.25,0.23,0.52,_binary '0'),(133,222,487,500,0.24,0.23,0.53,_binary '0'),(134,247,107,270,0.25,0.3,0.45,_binary '0'),(135,228,150,200,0.24,0.23,0.53,_binary '0'),(136,82,1965,1000,0.87,0.03,0.1,_binary '1'),(137,97,605,660,0.23,0.19,0.58,_binary '0'),(138,110,320,400,0.3,0.27,0.43,_binary '0'),(139,250,796,1000,0.43,0.23,0.34,_binary '0'),(140,270,880,1500,0.4,0.27,0.33,_binary '0'),(141,252,6013,3500,0.42,0.21,0.37,_binary '1'),(142,141,1275,4200,0.27,0.24,0.49,_binary '0'),(143,233,697,1400,0.4,0.35,0.25,_binary '0'),(144,253,113,120,0,0.3,0,_binary '0'),(145,255,570,1000,0.3,0.3,0.4,_binary '0'),(146,169,482,600,0.26,0.26,0.48,_binary '0'),(147,236,500,600,0.42,0.21,0.37,_binary '0'),(148,258,3396,3200,0.3,0.3,0.4,_binary '1'),(149,239,1574,1900,0.42,0.21,0.37,_binary '0'),(150,240,4191,1100,0.5,0.2,0.3,_binary '1'),(151,276,265,360,0.25,0.32,0.43,_binary '0'),(152,259,2600,850,0.46,0.23,0.31,_binary '1'),(153,199,338,400,0.25,0.23,0.52,_binary '0'),(154,279,4191,1100,0.39,0.2,0.41,_binary '1'),(155,7,287,289,0.42,0.21,0.37,_binary '0'),(156,17,201,NULL,0.26,0.22,0.52,_binary '1'),(157,30,722,NULL,0.37,0.14,0.49,_binary '1'),(158,212,105,NULL,0.35,0.25,0.4,_binary '1'),(159,43,268,286,0.23,0.2,0.57,_binary '0'),(160,51,1519,NULL,0.42,0.2,0.38,_binary '1'),(161,59,287,302,0.4,0.25,0.35,_binary '0'),(162,65,347,353,0.22,0.21,0.57,_binary '0'),(163,225,71,NULL,0.26,0.2,0.54,_binary '1'),(164,83,682,830,0.42,0.24,0.34,_binary '0'),(165,99,360,NULL,0.43,0.21,0.36,_binary '1'),(166,112,219,229,0.43,0.25,0.32,_binary '0'),(167,118,409,800,0.58,0.2,0.22,_binary '0'),(168,230,733,NULL,0.54,0.16,0.3,_binary '1'),(169,125,5465,NULL,0.52,0.21,0.27,_binary '1'),(170,133,359,435,0.69,0.19,0.12,_binary '0'),(171,157,581,821,0.35,0.21,0.44,_binary '0'),(172,163,442,NULL,0.54,0.16,0.3,_binary '1'),(173,172,2503,NULL,0.3,0.24,0.46,_binary '1'),(174,184,1386,NULL,0.55,0.2,0.25,_binary '1'),(175,192,232,238,0.16,0.16,0.68,_binary '0'),(176,13,657,NULL,0.44,0.25,0.31,_binary '1'),(177,21,232,NULL,0.28,0.23,0.49,_binary '1'),(178,36,1497,NULL,0.25,0.2,0.55,_binary '1'),(179,47,323,341,0.29,0.2,0.51,_binary '0'),(180,53,1519,NULL,0.42,0.2,0.38,_binary '1'),(181,63,323,NULL,0.45,0.2,0.35,_binary '1'),(182,69,777,817,0.47,0.2,0.33,_binary '0'),(183,80,970,NULL,0.46,0.18,0.36,_binary '1'),(184,89,1045,NULL,0.4,0.28,0.32,_binary '1'),(185,104,391,NULL,0.44,0.2,0.36,_binary '1'),(186,114,250,254,0.46,0.24,0.3,_binary '0'),(187,122,668,800,0.51,0.21,0.28,_binary '0'),(188,129,6000,NULL,0.52,0.21,0.27,_binary '1'),(189,139,777,817,0.47,0.2,0.33,_binary '0'),(190,234,79,110,0.26,0.26,0.48,_binary '0'),(191,161,857,865,0.42,0.2,0.38,_binary '0'),(192,167,590,NULL,0.27,0.27,0.46,_binary '1'),(193,176,2503,NULL,0.3,0.24,0.46,_binary '1'),(194,189,2606,NULL,0.49,0.23,0.28,_binary '1'),(195,197,292,312,0.35,0.26,0.39,_binary '0'),(196,203,146,NULL,0.31,0.21,0.48,_binary '1'),(197,9,434,NULL,0.38,0.23,0.39,_binary '1'),(198,23,216,NULL,0.29,0.22,0.49,_binary '1'),(199,32,722,NULL,0.37,0.14,0.49,_binary '1'),(200,213,105,NULL,0.35,0.25,0.4,_binary '1'),(201,44,283,289,0.32,0.18,0.5,_binary '0'),(202,55,1478,NULL,0.42,0.2,0.38,_binary '1'),(203,60,303,NULL,0.48,0.2,0.32,_binary '1'),(204,66,396,402,0.26,0.21,0.53,_binary '0'),(205,76,930,NULL,0.47,0.18,0.35,_binary '1'),(206,88,682,830,0.42,0.24,0.34,_binary '0'),(207,101,363,NULL,0.42,0.21,0.37,_binary '1'),(208,113,226,NULL,0.4,0.27,0.33,_binary '1'),(209,119,446,800,0.6,0.2,0.2,_binary '0'),(210,231,712,736,0.55,0.15,0.3,_binary '0'),(211,126,5465,NULL,0.52,0.21,0.27,_binary '1'),(212,135,423,NULL,0.69,0.17,0.14,_binary '1'),(213,158,807,NULL,0.39,0.21,0.4,_binary '1'),(214,164,451,NULL,0.27,0.28,0.45,_binary '1'),(215,173,2503,NULL,0.3,0.24,0.46,_binary '1'),(216,185,1937,NULL,0.49,0.21,0.3,_binary '1'),(217,193,238,NULL,0.34,0.26,0.4,_binary '1'),(218,10,638,NULL,0.44,0.24,0.32,_binary '1'),(219,18,242,NULL,0.29,0.23,0.48,_binary '1'),(220,33,712,NULL,0.31,0.32,0.37,_binary '1'),(221,214,85,91,0.35,0.25,0.4,_binary '0'),(222,45,318,NULL,0.3,0.18,0.52,_binary '1'),(223,56,1519,NULL,0.42,0.2,0.38,_binary '1'),(224,67,403,445,0.26,0.24,0.5,_binary '0'),(225,61,320,NULL,0.46,0.2,0.34,_binary '1'),(226,226,62,72,0.26,0.2,0.54,_binary '0'),(227,77,900,NULL,0.46,0.18,0.36,_binary '1'),(228,84,951,999,0.48,0.22,0.3,_binary '1'),(229,96,397,NULL,0.44,0.2,0.36,_binary '1'),(230,107,243,NULL,0.42,0.25,0.33,_binary '1'),(231,120,674,797,0.5,0.21,0.29,_binary '0'),(232,127,6000,NULL,0.53,0.2,0.27,_binary '1'),(233,136,424,NULL,0.7,0.17,0.13,_binary '1'),(234,159,867,NULL,0.38,0.22,0.4,_binary '1'),(235,165,453,470,0.27,0.28,0.45,_binary '1'),(236,174,2503,NULL,0.3,0.24,0.46,_binary '1'),(237,186,1921,NULL,0.48,0.21,0.31,_binary '1'),(238,194,234,240,0.35,0.26,0.39,_binary '0'),(239,200,148,NULL,0.29,0.27,0.44,_binary '1'),(240,12,655,NULL,0.44,0.24,0.32,_binary '1'),(241,20,242,NULL,0.29,0.23,0.48,_binary '1'),(242,35,1497,NULL,0.25,0.2,0.55,_binary '1'),(243,46,345,NULL,0.31,0.21,0.48,_binary '1'),(244,52,1519,NULL,0.42,0.2,0.38,_binary '1'),(245,62,314,NULL,0.46,0.19,0.35,_binary '1'),(246,68,439,NULL,0.29,0.22,0.49,_binary '1'),(247,79,880,NULL,0.47,0.19,0.34,_binary '1'),(248,86,874,NULL,0.35,0.28,0.37,_binary '1'),(249,103,391,NULL,0.44,0.2,0.36,_binary '1'),(250,109,243,NULL,0.45,0.24,0.31,_binary '1'),(251,121,674,800,0.49,0.21,0.3,_binary '0'),(252,128,6000,NULL,0.52,0.21,0.27,_binary '1'),(253,138,361,NULL,0.63,0.16,0.21,_binary '1'),(254,160,852,NULL,0.41,0.2,0.39,_binary '1'),(255,166,583,NULL,0.28,0.27,0.45,_binary '1'),(256,175,2503,NULL,0.3,0.24,0.46,_binary '1'),(257,188,2137,NULL,0.49,0.22,0.29,_binary '1'),(258,196,236,244,0.38,0.27,0.35,_binary '0'),(259,202,149,NULL,0.3,0.21,0.49,_binary '1'),(260,14,712,NULL,0.43,0.25,0.32,_binary '1'),(261,22,235,NULL,0.28,0.23,0.49,_binary '1'),(262,37,816,NULL,0.32,0.2,0.48,_binary '1'),(263,48,328,332,0.28,0.2,0.52,_binary '0'),(264,57,1470,NULL,0.43,0.23,0.34,_binary '1'),(265,64,302,334,0.45,0.2,0.35,_binary '0'),(266,70,390,NULL,0.31,0.21,0.48,_binary '1'),(267,81,1400,NULL,0.46,0.2,0.34,_binary '1'),(268,90,1423,NULL,0.53,0.34,0.13,_binary '1'),(269,105,368,NULL,0.43,0.21,0.36,_binary '1'),(270,115,248,252,0.44,0.23,0.33,_binary '0'),(271,123,595,800,0.56,0.21,0.23,_binary '0'),(272,130,7500,NULL,0.53,0.22,0.25,_binary '1'),(273,140,765,807,0.42,0.21,0.37,_binary '0'),(274,162,853,1706,0.42,0.2,0.38,_binary '0'),(275,168,649,NULL,0.28,0.27,0.45,_binary '1'),(276,177,1918,NULL,0.41,0.22,0.37,_binary '1'),(277,190,2676,NULL,0.49,0.21,0.3,_binary '1'),(278,198,311,315,0.35,0.26,0.39,_binary '0'),(279,204,143,147,0.28,0.2,0.52,_binary '0');
/*!40000 ALTER TABLE `camp_demographics` ENABLE KEYS */;
UNLOCK TABLES;

--
-- Table structure for table `camp_type`
--

DROP TABLE IF EXISTS `camp_type`;
/*!40101 SET @saved_cs_client     = @@character_set_client */;
 SET character_set_client = utf8mb4 ;
CREATE TABLE `camp_type` (
  `camp_type_id` int(11) NOT NULL AUTO_INCREMENT,
  `camp_type_name` varchar(45) NOT NULL,
  `country_id` int(11) NOT NULL,
  PRIMARY KEY (`camp_type_id`),
  UNIQUE KEY `camp_type_id` (`camp_type_id`),
  UNIQUE KEY `camp_type_name` (`camp_type_name`),
  KEY `country_id` (`country_id`),
  CONSTRAINT `camp_type_ibfk_1` FOREIGN KEY (`country_id`) REFERENCES `country` (`country_id`) ON UPDATE CASCADE
) ENGINE=InnoDB AUTO_INCREMENT=6 DEFAULT CHARSET=utf8mb4 COLLATE=utf8mb4_0900_ai_ci;
/*!40101 SET character_set_client = @saved_cs_client */;

--
-- Dumping data for table `camp_type`
--

LOCK TABLES `camp_type` WRITE;
/*!40000 ALTER TABLE `camp_type` DISABLE KEYS */;
INSERT INTO `camp_type` VALUES (1,'TAS',1),(2,'RIC',1),(3,'RC',1),(4,'TC',2),(5,'AC',2);
/*!40000 ALTER TABLE `camp_type` ENABLE KEYS */;
UNLOCK TABLES;

--
-- Table structure for table `country`
--

DROP TABLE IF EXISTS `country`;
/*!40101 SET @saved_cs_client     = @@character_set_client */;
 SET character_set_client = utf8mb4 ;
CREATE TABLE `country` (
  `country_id` int(11) NOT NULL AUTO_INCREMENT,
  `country_name` varchar(45) NOT NULL,
  PRIMARY KEY (`country_id`),
  UNIQUE KEY `country_id` (`country_id`),
  UNIQUE KEY `country_name` (`country_name`)
) ENGINE=InnoDB AUTO_INCREMENT=3 DEFAULT CHARSET=utf8mb4 COLLATE=utf8mb4_0900_ai_ci;
/*!40101 SET character_set_client = @saved_cs_client */;

--
-- Dumping data for table `country`
--

LOCK TABLES `country` WRITE;
/*!40000 ALTER TABLE `country` DISABLE KEYS */;
INSERT INTO `country` VALUES (1,'Greece'),(2,'Serbia');
/*!40000 ALTER TABLE `country` ENABLE KEYS */;
UNLOCK TABLES;

--
-- Table structure for table `daily_usage_per_camp`
--

DROP TABLE IF EXISTS `daily_usage_per_camp`;
/*!40101 SET @saved_cs_client     = @@character_set_client */;
 SET character_set_client = utf8mb4 ;
CREATE TABLE `daily_usage_per_camp` (
  `dupc_id` int(11) NOT NULL AUTO_INCREMENT,
  `mupc_id` int(11) DEFAULT NULL,
  `date_field` date DEFAULT NULL,
  `total_clients` int(11) DEFAULT NULL,
  `total_usage_kB` float DEFAULT NULL,
  PRIMARY KEY (`dupc_id`),
  UNIQUE KEY `dupc_id` (`dupc_id`),
  UNIQUE KEY `dupc_id_UNIQUE` (`dupc_id`),
  KEY `mupc_id` (`mupc_id`),
  CONSTRAINT `daily_usage_per_camp_ibfk_1` FOREIGN KEY (`mupc_id`) REFERENCES `monthly_usage_per_camp` (`mupc_id`)
) ENGINE=InnoDB AUTO_INCREMENT=16384 DEFAULT CHARSET=utf8mb4 COLLATE=utf8mb4_0900_ai_ci;
/*!40101 SET character_set_client = @saved_cs_client */;

--
-- Dumping data for table `daily_usage_per_camp`
--

LOCK TABLES `daily_usage_per_camp` WRITE;
/*!40000 ALTER TABLE `daily_usage_per_camp` DISABLE KEYS */;
INSERT INTO `daily_usage_per_camp` VALUES (1,242,'2016-04-01',NULL,2947.47),(2,242,'2016-04-02',NULL,2933.49),(3,242,'2016-04-03',NULL,3578.29),(4,242,'2016-04-04',NULL,4334.75),(5,242,'2016-04-05',NULL,4309.29),(6,242,'2016-04-06',NULL,4884.21),(7,242,'2016-04-07',NULL,2593.22),(8,242,'2016-04-08',NULL,2540.14),(9,242,'2016-04-09',NULL,2503.66),(10,242,'2016-04-10',NULL,2190.77),(11,242,'2016-04-11',NULL,2290.34),(12,242,'2016-04-12',NULL,1906.73),(13,242,'2016-04-13',NULL,4344.92),(14,242,'2016-04-14',NULL,21418.2),(15,242,'2016-04-15',NULL,18338.2),(16,242,'2016-04-16',NULL,16686.8),(17,242,'2016-04-17',NULL,15782.8),(18,242,'2016-04-18',NULL,15691.3),(19,242,'2016-04-19',NULL,15530.1),(20,242,'2016-04-20',NULL,3214.18),(21,242,'2016-04-21',NULL,12942.6),(22,242,'2016-04-22',NULL,34046.9),(23,242,'2016-04-23',NULL,36777.7),(24,242,'2016-04-24',NULL,38805),(25,242,'2016-04-25',NULL,38951.2),(26,242,'2016-04-26',NULL,52426.2),(27,242,'2016-04-27',NULL,57181.8),(28,242,'2016-04-28',NULL,58534.2),(29,242,'2016-04-29',NULL,54084.4),(30,242,'2016-04-30',0,0),(31,243,'2016-10-01',NULL,677216),(32,243,'2016-10-02',NULL,667753),(33,243,'2016-10-03',NULL,640752),(34,243,'2016-10-04',NULL,607052),(35,243,'2016-10-05',NULL,652465),(36,243,'2016-10-06',NULL,662726),(37,243,'2016-10-07',NULL,684877),(38,243,'2016-10-08',NULL,703266),(39,243,'2016-10-09',NULL,714769),(40,243,'2016-10-10',NULL,734888),(41,243,'2016-10-11',NULL,716129),(42,243,'2016-10-12',NULL,664962),(43,243,'2016-10-13',NULL,698373),(44,243,'2016-10-14',NULL,731472),(45,243,'2016-10-15',NULL,734996),(46,243,'2016-10-16',NULL,727059),(47,243,'2016-10-17',NULL,738709),(48,243,'2016-10-18',NULL,752200),(49,243,'2016-10-19',NULL,785322),(50,243,'2016-10-20',NULL,754831),(51,243,'2016-10-21',NULL,771267),(52,243,'2016-10-22',NULL,766334),(53,243,'2016-10-23',NULL,777861),(54,243,'2016-10-24',NULL,733276),(55,243,'2016-10-25',NULL,747711),(56,243,'2016-10-26',NULL,812006),(57,243,'2016-10-27',NULL,786335),(58,243,'2016-10-28',NULL,784472),(59,243,'2016-10-29',NULL,798213),(60,243,'2016-10-30',NULL,800603),(61,243,'2016-10-31',NULL,785552),(62,244,'2016-04-01',NULL,2947.47),(63,244,'2016-04-02',NULL,2933.49),(64,244,'2016-04-03',NULL,3578.29),(65,244,'2016-04-04',NULL,4334.75),(66,244,'2016-04-05',NULL,4309.29),(67,244,'2016-04-06',NULL,4884.21),(68,244,'2016-04-07',NULL,2593.22),(69,244,'2016-04-08',NULL,2540.14),(70,244,'2016-04-09',NULL,2503.66),(71,244,'2016-04-10',NULL,2190.77),(72,244,'2016-04-11',NULL,2290.34),(73,244,'2016-04-12',NULL,1906.73),(74,244,'2016-04-13',NULL,4344.92),(75,244,'2016-04-14',NULL,21418.2),(76,244,'2016-04-15',NULL,18338.2),(77,244,'2016-04-16',NULL,16686.8),(78,244,'2016-04-17',NULL,15782.8),(79,244,'2016-04-18',NULL,15691.3),(80,244,'2016-04-19',NULL,15530.1),(81,244,'2016-04-20',NULL,3214.18),(82,244,'2016-04-21',NULL,12942.6),(83,244,'2016-04-22',NULL,34046.9),(84,244,'2016-04-23',NULL,36777.7),(85,244,'2016-04-24',NULL,38805),(86,244,'2016-04-25',NULL,38951.2),(87,244,'2016-04-26',NULL,52426.2),(88,244,'2016-04-27',NULL,57181.8),(89,244,'2016-04-28',NULL,58534.2),(90,244,'2016-04-29',NULL,54084.4),(91,244,'2016-04-30',0,0),(92,245,'2016-10-01',NULL,677216),(93,245,'2016-10-02',NULL,667753),(94,245,'2016-10-03',NULL,640752),(95,245,'2016-10-04',NULL,607052),(96,245,'2016-10-05',NULL,652465),(97,245,'2016-10-06',NULL,662726),(98,245,'2016-10-07',NULL,684877),(99,245,'2016-10-08',NULL,703266),(100,245,'2016-10-09',NULL,714769),(101,245,'2016-10-10',NULL,734888),(102,245,'2016-10-11',NULL,716129),(103,245,'2016-10-12',NULL,664962),(104,245,'2016-10-13',NULL,698373),(105,245,'2016-10-14',NULL,731472),(106,245,'2016-10-15',NULL,734996),(107,245,'2016-10-16',NULL,727059),(108,245,'2016-10-17',NULL,738709),(109,245,'2016-10-18',NULL,752200),(110,245,'2016-10-19',NULL,785322),(111,245,'2016-10-20',NULL,754831),(112,245,'2016-10-21',NULL,771267),(113,245,'2016-10-22',NULL,766334),(114,245,'2016-10-23',NULL,777861),(115,245,'2016-10-24',NULL,733276),(116,245,'2016-10-25',NULL,747711),(117,245,'2016-10-26',NULL,812006),(118,245,'2016-10-27',NULL,786335),(119,245,'2016-10-28',NULL,784472),(120,245,'2016-10-29',NULL,798213),(121,245,'2016-10-30',NULL,800603),(122,245,'2016-10-31',NULL,785552),(123,246,'2016-04-01',NULL,2947.47),(124,246,'2016-04-02',NULL,2933.49),(125,246,'2016-04-03',NULL,3578.29),(126,246,'2016-04-04',NULL,4334.75),(127,246,'2016-04-05',NULL,4309.29),(128,246,'2016-04-06',NULL,4884.21),(129,246,'2016-04-07',NULL,2593.22),(130,246,'2016-04-08',NULL,2540.14),(131,246,'2016-04-09',NULL,2503.66),(132,246,'2016-04-10',NULL,2190.77),(133,246,'2016-04-11',NULL,2290.34),(134,246,'2016-04-12',NULL,1906.73),(135,246,'2016-04-13',NULL,4344.92),(136,246,'2016-04-14',NULL,21418.2),(137,246,'2016-04-15',NULL,18338.2),(138,246,'2016-04-16',NULL,16686.8),(139,246,'2016-04-17',NULL,15782.8),(140,246,'2016-04-18',NULL,15691.3),(141,246,'2016-04-19',NULL,15530.1),(142,246,'2016-04-20',NULL,3214.18),(143,246,'2016-04-21',NULL,12942.6),(144,246,'2016-04-22',NULL,34046.9),(145,246,'2016-04-23',NULL,36777.7),(146,246,'2016-04-24',NULL,38805),(147,246,'2016-04-25',NULL,38951.2),(148,246,'2016-04-26',NULL,52426.2),(149,246,'2016-04-27',NULL,57181.8),(150,246,'2016-04-28',NULL,58534.2),(151,246,'2016-04-29',NULL,54084.4),(152,246,'2016-04-30',0,0),(153,247,'2016-10-01',NULL,677216),(154,247,'2016-10-02',NULL,667753),(155,247,'2016-10-03',NULL,640752),(156,247,'2016-10-04',NULL,607052),(157,247,'2016-10-05',NULL,652465),(158,247,'2016-10-06',NULL,662726),(159,247,'2016-10-07',NULL,684877),(160,247,'2016-10-08',NULL,703266),(161,247,'2016-10-09',NULL,714769),(162,247,'2016-10-10',NULL,734888),(163,247,'2016-10-11',NULL,716129),(164,247,'2016-10-12',NULL,664962),(165,247,'2016-10-13',NULL,698373),(166,247,'2016-10-14',NULL,731472),(167,247,'2016-10-15',NULL,734996),(168,247,'2016-10-16',NULL,727059),(169,247,'2016-10-17',NULL,738709),(170,247,'2016-10-18',NULL,752200),(171,247,'2016-10-19',NULL,785322),(172,247,'2016-10-20',NULL,754831),(173,247,'2016-10-21',NULL,771267),(174,247,'2016-10-22',NULL,766334),(175,247,'2016-10-23',NULL,777861),(176,247,'2016-10-24',NULL,733276),(177,247,'2016-10-25',NULL,747711),(178,247,'2016-10-26',NULL,812006),(179,247,'2016-10-27',NULL,786335),(180,247,'2016-10-28',NULL,784472),(181,247,'2016-10-29',NULL,798213),(182,247,'2016-10-30',NULL,800603),(183,247,'2016-10-31',NULL,785552),(184,248,'2016-04-01',NULL,2947.47),(185,248,'2016-04-02',NULL,2933.49),(186,248,'2016-04-03',NULL,3578.29),(187,248,'2016-04-04',NULL,4334.75),(188,248,'2016-04-05',NULL,4309.29),(189,248,'2016-04-06',NULL,4884.21),(190,248,'2016-04-07',NULL,2593.22),(191,248,'2016-04-08',NULL,2540.14),(192,248,'2016-04-09',NULL,2503.66),(193,248,'2016-04-10',NULL,2190.77),(194,248,'2016-04-11',NULL,2290.34),(195,248,'2016-04-12',NULL,1906.73),(196,248,'2016-04-13',NULL,4344.92),(197,248,'2016-04-14',NULL,21418.2),(198,248,'2016-04-15',NULL,18338.2),(199,248,'2016-04-16',NULL,16686.8),(200,248,'2016-04-17',NULL,15782.8),(201,248,'2016-04-18',NULL,15691.3),(202,248,'2016-04-19',NULL,15530.1),(203,248,'2016-04-20',NULL,3214.18),(204,248,'2016-04-21',NULL,12942.6),(205,248,'2016-04-22',NULL,34046.9),(206,248,'2016-04-23',NULL,36777.7),(207,248,'2016-04-24',NULL,38805),(208,248,'2016-04-25',NULL,38951.2),(209,248,'2016-04-26',NULL,52426.2),(210,248,'2016-04-27',NULL,57181.8),(211,248,'2016-04-28',NULL,58534.2),(212,248,'2016-04-29',NULL,54084.4),(213,248,'2016-04-30',0,0),(214,249,'2016-04-01',NULL,2947.47),(215,249,'2016-04-02',NULL,2933.49),(216,249,'2016-04-03',NULL,3578.29),(217,249,'2016-04-04',NULL,4334.75),(218,249,'2016-04-05',NULL,4309.29),(219,249,'2016-04-06',NULL,4884.21),(220,249,'2016-04-07',NULL,2593.22),(221,249,'2016-04-08',NULL,2540.14),(222,249,'2016-04-09',NULL,2503.66),(223,249,'2016-04-10',NULL,2190.77),(224,249,'2016-04-11',NULL,2290.34),(225,249,'2016-04-12',NULL,1906.73),(226,249,'2016-04-13',NULL,4344.92),(227,249,'2016-04-14',NULL,21418.2),(228,249,'2016-04-15',NULL,18338.2),(229,249,'2016-04-16',NULL,16686.8),(230,249,'2016-04-17',NULL,15782.8),(231,249,'2016-04-18',NULL,15691.3),(232,249,'2016-04-19',NULL,15530.1),(233,249,'2016-04-20',NULL,3214.18),(234,249,'2016-04-21',NULL,12942.6),(235,249,'2016-04-22',NULL,34046.9),(236,249,'2016-04-23',NULL,36777.7),(237,249,'2016-04-24',NULL,38805),(238,249,'2016-04-25',NULL,38951.2),(239,249,'2016-04-26',NULL,52426.2),(240,249,'2016-04-27',NULL,57181.8),(241,249,'2016-04-28',NULL,58534.2),(242,249,'2016-04-29',NULL,54084.4),(243,249,'2016-04-30',0,0),(244,250,'2016-10-01',NULL,677216),(245,250,'2016-10-02',NULL,667753),(246,250,'2016-10-03',NULL,640752),(247,250,'2016-10-04',NULL,607052),(248,250,'2016-10-05',NULL,652465),(249,250,'2016-10-06',NULL,662726),(250,250,'2016-10-07',NULL,684877),(251,250,'2016-10-08',NULL,703266),(252,250,'2016-10-09',NULL,714769),(253,250,'2016-10-10',NULL,734888),(254,250,'2016-10-11',NULL,716129),(255,250,'2016-10-12',NULL,664962),(256,250,'2016-10-13',NULL,698373),(257,250,'2016-10-14',NULL,731472),(258,250,'2016-10-15',NULL,734996),(259,250,'2016-10-16',NULL,727059),(260,250,'2016-10-17',NULL,738709),(261,250,'2016-10-18',NULL,752200),(262,250,'2016-10-19',NULL,785322),(263,250,'2016-10-20',NULL,754831),(264,250,'2016-10-21',NULL,771267),(265,250,'2016-10-22',NULL,766334),(266,250,'2016-10-23',NULL,777861),(267,250,'2016-10-24',NULL,733276),(268,250,'2016-10-25',NULL,747711),(269,250,'2016-10-26',NULL,812006),(270,250,'2016-10-27',NULL,786335),(271,250,'2016-10-28',NULL,784472),(272,250,'2016-10-29',NULL,798213),(273,250,'2016-10-30',NULL,800603),(274,250,'2016-10-31',NULL,785552),(275,251,'2017-01-01',NULL,884220),(276,251,'2017-01-02',NULL,918886),(277,251,'2017-01-03',NULL,992720),(278,251,'2017-01-04',NULL,979447),(279,251,'2017-01-05',NULL,966928),(280,251,'2017-01-06',NULL,940198),(281,251,'2017-01-07',NULL,941489),(282,251,'2017-01-08',NULL,917361),(283,251,'2017-01-09',NULL,941063),(284,251,'2017-01-10',NULL,890281),(285,251,'2017-01-11',NULL,884463),(286,251,'2017-01-12',NULL,909957),(287,251,'2017-01-13',NULL,862574),(288,251,'2017-01-14',NULL,903189),(289,251,'2017-01-15',NULL,912555),(290,251,'2017-01-16',NULL,867844),(291,251,'2017-01-17',NULL,794699),(292,251,'2017-01-18',NULL,791639),(293,251,'2017-01-19',NULL,751700),(294,251,'2017-01-20',NULL,794102),(295,251,'2017-01-21',NULL,854156),(296,251,'2017-01-22',NULL,853435),(297,251,'2017-01-23',NULL,826635),(298,251,'2017-01-24',NULL,838189),(299,251,'2017-01-25',NULL,809708),(300,251,'2017-01-26',NULL,698067),(301,251,'2017-01-27',NULL,796712),(302,251,'2017-01-28',NULL,815406),(303,251,'2017-01-29',NULL,826017),(304,251,'2017-01-30',NULL,817543),(305,251,'2017-01-31',NULL,100191),(306,252,'2016-10-01',NULL,677216),(307,252,'2016-10-02',NULL,667753),(308,252,'2016-10-03',NULL,640752),(309,252,'2016-10-04',NULL,607052),(310,252,'2016-10-05',NULL,652465),(311,252,'2016-10-06',NULL,662726),(312,252,'2016-10-07',NULL,684877),(313,252,'2016-10-08',NULL,703266),(314,252,'2016-10-09',NULL,714769),(315,252,'2016-10-10',NULL,734888),(316,252,'2016-10-11',NULL,716129),(317,252,'2016-10-12',NULL,664962),(318,252,'2016-10-13',NULL,698373),(319,252,'2016-10-14',NULL,731472),(320,252,'2016-10-15',NULL,734996),(321,252,'2016-10-16',NULL,727059),(322,252,'2016-10-17',NULL,738709),(323,252,'2016-10-18',NULL,752200),(324,252,'2016-10-19',NULL,785322),(325,252,'2016-10-20',NULL,754831),(326,252,'2016-10-21',NULL,771267),(327,252,'2016-10-22',NULL,766334),(328,252,'2016-10-23',NULL,777861),(329,252,'2016-10-24',NULL,733276),(330,252,'2016-10-25',NULL,747711),(331,252,'2016-10-26',NULL,812006),(332,252,'2016-10-27',NULL,786335),(333,252,'2016-10-28',NULL,784472),(334,252,'2016-10-29',NULL,798213),(335,252,'2016-10-30',NULL,800603),(336,252,'2016-10-31',NULL,785552),(337,253,'2016-10-01',NULL,677216),(338,253,'2016-10-02',NULL,667753),(339,253,'2016-10-03',NULL,640752),(340,253,'2016-10-04',NULL,607052),(341,253,'2016-10-05',NULL,652465),(342,253,'2016-10-06',NULL,662726),(343,253,'2016-10-07',NULL,684877),(344,253,'2016-10-08',NULL,703266),(345,253,'2016-10-09',NULL,714769),(346,253,'2016-10-10',NULL,734888),(347,253,'2016-10-11',NULL,716129),(348,253,'2016-10-12',NULL,664962),(349,253,'2016-10-13',NULL,698373),(350,253,'2016-10-14',NULL,731472),(351,253,'2016-10-15',NULL,734996),(352,253,'2016-10-16',NULL,727059),(353,253,'2016-10-17',NULL,738709),(354,253,'2016-10-18',NULL,752200),(355,253,'2016-10-19',NULL,785322),(356,253,'2016-10-20',NULL,754831),(357,253,'2016-10-21',NULL,771267),(358,253,'2016-10-22',NULL,766334),(359,253,'2016-10-23',NULL,777861),(360,253,'2016-10-24',NULL,733276),(361,253,'2016-10-25',NULL,747711),(362,253,'2016-10-26',NULL,812006),(363,253,'2016-10-27',NULL,786335),(364,253,'2016-10-28',NULL,784472),(365,253,'2016-10-29',NULL,798213),(366,253,'2016-10-30',NULL,800603),(367,253,'2016-10-31',NULL,785552),(368,254,'2016-04-01',NULL,2947.47),(369,254,'2016-04-02',NULL,2933.49),(370,254,'2016-04-03',NULL,3578.29),(371,254,'2016-04-04',NULL,4334.75),(372,254,'2016-04-05',NULL,4309.29),(373,254,'2016-04-06',NULL,4884.21),(374,254,'2016-04-07',NULL,2593.22),(375,254,'2016-04-08',NULL,2540.14),(376,254,'2016-04-09',NULL,2503.66),(377,254,'2016-04-10',NULL,2190.77),(378,254,'2016-04-11',NULL,2290.34),(379,254,'2016-04-12',NULL,1906.73),(380,254,'2016-04-13',NULL,4344.92),(381,254,'2016-04-14',NULL,21418.2),(382,254,'2016-04-15',NULL,18338.2),(383,254,'2016-04-16',NULL,16686.8),(384,254,'2016-04-17',NULL,15782.8),(385,254,'2016-04-18',NULL,15691.3),(386,254,'2016-04-19',NULL,15530.1),(387,254,'2016-04-20',NULL,3214.18),(388,254,'2016-04-21',NULL,12942.6),(389,254,'2016-04-22',NULL,34046.9),(390,254,'2016-04-23',NULL,36777.7),(391,254,'2016-04-24',NULL,38805),(392,254,'2016-04-25',NULL,38951.2),(393,254,'2016-04-26',NULL,52426.2),(394,254,'2016-04-27',NULL,57181.8),(395,254,'2016-04-28',NULL,58534.2),(396,254,'2016-04-29',NULL,54084.4),(397,254,'2016-04-30',0,0),(398,255,'2016-10-01',NULL,677216),(399,255,'2016-10-02',NULL,667753),(400,255,'2016-10-03',NULL,640752),(401,255,'2016-10-04',NULL,607052),(402,255,'2016-10-05',NULL,652465),(403,255,'2016-10-06',NULL,662726),(404,255,'2016-10-07',NULL,684877),(405,255,'2016-10-08',NULL,703266),(406,255,'2016-10-09',NULL,714769),(407,255,'2016-10-10',NULL,734888),(408,255,'2016-10-11',NULL,716129),(409,255,'2016-10-12',NULL,664962),(410,255,'2016-10-13',NULL,698373),(411,255,'2016-10-14',NULL,731472),(412,255,'2016-10-15',NULL,734996),(413,255,'2016-10-16',NULL,727059),(414,255,'2016-10-17',NULL,738709),(415,255,'2016-10-18',NULL,752200),(416,255,'2016-10-19',NULL,785322),(417,255,'2016-10-20',NULL,754831),(418,255,'2016-10-21',NULL,771267),(419,255,'2016-10-22',NULL,766334),(420,255,'2016-10-23',NULL,777861),(421,255,'2016-10-24',NULL,733276),(422,255,'2016-10-25',NULL,747711),(423,255,'2016-10-26',NULL,812006),(424,255,'2016-10-27',NULL,786335),(425,255,'2016-10-28',NULL,784472),(426,255,'2016-10-29',NULL,798213),(427,255,'2016-10-30',NULL,800603),(428,255,'2016-10-31',NULL,785552),(429,256,'2016-04-01',NULL,2947.47),(430,256,'2016-04-02',NULL,2933.49),(431,256,'2016-04-03',NULL,3578.29),(432,256,'2016-04-04',NULL,4334.75),(433,256,'2016-04-05',NULL,4309.29),(434,256,'2016-04-06',NULL,4884.21),(435,256,'2016-04-07',NULL,2593.22),(436,256,'2016-04-08',NULL,2540.14),(437,256,'2016-04-09',NULL,2503.66),(438,256,'2016-04-10',NULL,2190.77),(439,256,'2016-04-11',NULL,2290.34),(440,256,'2016-04-12',NULL,1906.73),(441,256,'2016-04-13',NULL,4344.92),(442,256,'2016-04-14',NULL,21418.2),(443,256,'2016-04-15',NULL,18338.2),(444,256,'2016-04-16',NULL,16686.8),(445,256,'2016-04-17',NULL,15782.8),(446,256,'2016-04-18',NULL,15691.3),(447,256,'2016-04-19',NULL,15530.1),(448,256,'2016-04-20',NULL,3214.18),(449,256,'2016-04-21',NULL,12942.6),(450,256,'2016-04-22',NULL,34046.9),(451,256,'2016-04-23',NULL,36777.7),(452,256,'2016-04-24',NULL,38805),(453,256,'2016-04-25',NULL,38951.2),(454,256,'2016-04-26',NULL,52426.2),(455,256,'2016-04-27',NULL,57181.8),(456,256,'2016-04-28',NULL,58534.2),(457,256,'2016-04-29',NULL,54084.4),(458,256,'2016-04-30',0,0),(459,257,'2017-05-31',NULL,1019540),(460,257,'2017-06-01',NULL,996145),(461,257,'2017-06-02',NULL,997095),(462,257,'2017-06-03',NULL,1046620),(463,257,'2017-06-04',NULL,1043130),(464,257,'2017-06-05',NULL,1126700),(465,257,'2017-06-06',NULL,1087700),(466,257,'2017-06-07',NULL,1090870),(467,257,'2017-06-08',NULL,996888),(468,257,'2017-06-09',NULL,937610),(469,257,'2017-06-10',NULL,918002),(470,257,'2017-06-11',NULL,901317),(471,257,'2017-06-12',NULL,939845),(472,257,'2017-06-13',NULL,1020950),(473,257,'2017-06-14',NULL,1044420),(474,257,'2017-06-15',NULL,1005300),(475,257,'2017-06-16',NULL,1062960),(476,257,'2017-06-17',NULL,948915),(477,257,'2017-06-18',NULL,1012320),(478,257,'2017-06-19',NULL,982633),(479,257,'2017-06-20',NULL,999816),(480,257,'2017-06-21',NULL,963791),(481,257,'2017-06-22',NULL,945506),(482,257,'2017-06-23',NULL,1160800),(483,257,'2017-06-24',NULL,975545),(484,257,'2017-06-25',NULL,840804),(485,257,'2017-06-26',NULL,797291),(486,257,'2017-06-27',NULL,880796),(487,257,'2017-06-28',NULL,942476),(488,257,'2017-06-29',NULL,935154),(489,258,'2016-10-01',NULL,677216),(490,258,'2016-10-02',NULL,667753),(491,258,'2016-10-03',NULL,640752),(492,258,'2016-10-04',NULL,607052),(493,258,'2016-10-05',NULL,652465),(494,258,'2016-10-06',NULL,662726),(495,258,'2016-10-07',NULL,684877),(496,258,'2016-10-08',NULL,703266),(497,258,'2016-10-09',NULL,714769),(498,258,'2016-10-10',NULL,734888),(499,258,'2016-10-11',NULL,716129),(500,258,'2016-10-12',NULL,664962),(501,258,'2016-10-13',NULL,698373),(502,258,'2016-10-14',NULL,731472),(503,258,'2016-10-15',NULL,734996),(504,258,'2016-10-16',NULL,727059),(505,258,'2016-10-17',NULL,738709),(506,258,'2016-10-18',NULL,752200),(507,258,'2016-10-19',NULL,785322),(508,258,'2016-10-20',NULL,754831),(509,258,'2016-10-21',NULL,771267),(510,258,'2016-10-22',NULL,766334),(511,258,'2016-10-23',NULL,777861),(512,258,'2016-10-24',NULL,733276),(513,258,'2016-10-25',NULL,747711),(514,258,'2016-10-26',NULL,812006),(515,258,'2016-10-27',NULL,786335),(516,258,'2016-10-28',NULL,784472),(517,258,'2016-10-29',NULL,798213),(518,258,'2016-10-30',NULL,800603),(519,258,'2016-10-31',NULL,785552),(520,259,'2016-10-01',NULL,677216),(521,259,'2016-10-02',NULL,667753),(522,259,'2016-10-03',NULL,640752),(523,259,'2016-10-04',NULL,607052),(524,259,'2016-10-05',NULL,652465),(525,259,'2016-10-06',NULL,662726),(526,259,'2016-10-07',NULL,684877),(527,259,'2016-10-08',NULL,703266),(528,259,'2016-10-09',NULL,714769),(529,259,'2016-10-10',NULL,734888),(530,259,'2016-10-11',NULL,716129),(531,259,'2016-10-12',NULL,664962),(532,259,'2016-10-13',NULL,698373),(533,259,'2016-10-14',NULL,731472),(534,259,'2016-10-15',NULL,734996),(535,259,'2016-10-16',NULL,727059),(536,259,'2016-10-17',NULL,738709),(537,259,'2016-10-18',NULL,752200),(538,259,'2016-10-19',NULL,785322),(539,259,'2016-10-20',NULL,754831),(540,259,'2016-10-21',NULL,771267),(541,259,'2016-10-22',NULL,766334),(542,259,'2016-10-23',NULL,777861),(543,259,'2016-10-24',NULL,733276),(544,259,'2016-10-25',NULL,747711),(545,259,'2016-10-26',NULL,812006),(546,259,'2016-10-27',NULL,786335),(547,259,'2016-10-28',NULL,784472),(548,259,'2016-10-29',NULL,798213),(549,259,'2016-10-30',NULL,800603),(550,259,'2016-10-31',NULL,785552),(551,260,'2016-04-01',NULL,2947.47),(552,260,'2016-04-02',NULL,2933.49),(553,260,'2016-04-03',NULL,3578.29),(554,260,'2016-04-04',NULL,4334.75),(555,260,'2016-04-05',NULL,4309.29),(556,260,'2016-04-06',NULL,4884.21),(557,260,'2016-04-07',NULL,2593.22),(558,260,'2016-04-08',NULL,2540.14),(559,260,'2016-04-09',NULL,2503.66),(560,260,'2016-04-10',NULL,2190.77),(561,260,'2016-04-11',NULL,2290.34),(562,260,'2016-04-12',NULL,1906.73),(563,260,'2016-04-13',NULL,4344.92),(564,260,'2016-04-14',NULL,21418.2),(565,260,'2016-04-15',NULL,18338.2),(566,260,'2016-04-16',NULL,16686.8),(567,260,'2016-04-17',NULL,15782.8),(568,260,'2016-04-18',NULL,15691.3),(569,260,'2016-04-19',NULL,15530.1),(570,260,'2016-04-20',NULL,3214.18),(571,260,'2016-04-21',NULL,12942.6),(572,260,'2016-04-22',NULL,34046.9),(573,260,'2016-04-23',NULL,36777.7),(574,260,'2016-04-24',NULL,38805),(575,260,'2016-04-25',NULL,38951.2),(576,260,'2016-04-26',NULL,52426.2),(577,260,'2016-04-27',NULL,57181.8),(578,260,'2016-04-28',NULL,58534.2),(579,260,'2016-04-29',NULL,54084.4),(580,260,'2016-04-30',0,0),(581,261,'2016-04-01',NULL,2947.47),(582,261,'2016-04-02',NULL,2933.49),(583,261,'2016-04-03',NULL,3578.29),(584,261,'2016-04-04',NULL,4334.75),(585,261,'2016-04-05',NULL,4309.29),(586,261,'2016-04-06',NULL,4884.21),(587,261,'2016-04-07',NULL,2593.22),(588,261,'2016-04-08',NULL,2540.14),(589,261,'2016-04-09',NULL,2503.66),(590,261,'2016-04-10',NULL,2190.77),(591,261,'2016-04-11',NULL,2290.34),(592,261,'2016-04-12',NULL,1906.73),(593,261,'2016-04-13',NULL,4344.92),(594,261,'2016-04-14',NULL,21418.2),(595,261,'2016-04-15',NULL,18338.2),(596,261,'2016-04-16',NULL,16686.8),(597,261,'2016-04-17',NULL,15782.8),(598,261,'2016-04-18',NULL,15691.3),(599,261,'2016-04-19',NULL,15530.1),(600,261,'2016-04-20',NULL,3214.18),(601,261,'2016-04-21',NULL,12942.6),(602,261,'2016-04-22',NULL,34046.9),(603,261,'2016-04-23',NULL,36777.7),(604,261,'2016-04-24',NULL,38805),(605,261,'2016-04-25',NULL,38951.2),(606,261,'2016-04-26',NULL,52426.2),(607,261,'2016-04-27',NULL,57181.8),(608,261,'2016-04-28',NULL,58534.2),(609,261,'2016-04-29',NULL,54084.4),(610,261,'2016-04-30',0,0),(611,262,'2016-04-01',NULL,2947.47),(612,262,'2016-04-02',NULL,2933.49),(613,262,'2016-04-03',NULL,3578.29),(614,262,'2016-04-04',NULL,4334.75),(615,262,'2016-04-05',NULL,4309.29),(616,262,'2016-04-06',NULL,4884.21),(617,262,'2016-04-07',NULL,2593.22),(618,262,'2016-04-08',NULL,2540.14),(619,262,'2016-04-09',NULL,2503.66),(620,262,'2016-04-10',NULL,2190.77),(621,262,'2016-04-11',NULL,2290.34),(622,262,'2016-04-12',NULL,1906.73),(623,262,'2016-04-13',NULL,4344.92),(624,262,'2016-04-14',NULL,21418.2),(625,262,'2016-04-15',NULL,18338.2),(626,262,'2016-04-16',NULL,16686.8),(627,262,'2016-04-17',NULL,15782.8),(628,262,'2016-04-18',NULL,15691.3),(629,262,'2016-04-19',NULL,15530.1),(630,262,'2016-04-20',NULL,3214.18),(631,262,'2016-04-21',NULL,12942.6),(632,262,'2016-04-22',NULL,34046.9),(633,262,'2016-04-23',NULL,36777.7),(634,262,'2016-04-24',NULL,38805),(635,262,'2016-04-25',NULL,38951.2),(636,262,'2016-04-26',NULL,52426.2),(637,262,'2016-04-27',NULL,57181.8),(638,262,'2016-04-28',NULL,58534.2),(639,262,'2016-04-29',NULL,54084.4),(640,262,'2016-04-30',0,0),(641,263,'2016-04-01',NULL,2947.47),(642,263,'2016-04-02',NULL,2933.49),(643,263,'2016-04-03',NULL,3578.29),(644,263,'2016-04-04',NULL,4334.75),(645,263,'2016-04-05',NULL,4309.29),(646,263,'2016-04-06',NULL,4884.21),(647,263,'2016-04-07',NULL,2593.22),(648,263,'2016-04-08',NULL,2540.14),(649,263,'2016-04-09',NULL,2503.66),(650,263,'2016-04-10',NULL,2190.77),(651,263,'2016-04-11',NULL,2290.34),(652,263,'2016-04-12',NULL,1906.73),(653,263,'2016-04-13',NULL,4344.92),(654,263,'2016-04-14',NULL,21418.2),(655,263,'2016-04-15',NULL,18338.2),(656,263,'2016-04-16',NULL,16686.8),(657,263,'2016-04-17',NULL,15782.8),(658,263,'2016-04-18',NULL,15691.3),(659,263,'2016-04-19',NULL,15530.1),(660,263,'2016-04-20',NULL,3214.18),(661,263,'2016-04-21',NULL,12942.6),(662,263,'2016-04-22',NULL,34046.9),(663,263,'2016-04-23',NULL,36777.7),(664,263,'2016-04-24',NULL,38805),(665,263,'2016-04-25',NULL,38951.2),(666,263,'2016-04-26',NULL,52426.2),(667,263,'2016-04-27',NULL,57181.8),(668,263,'2016-04-28',NULL,58534.2),(669,263,'2016-04-29',NULL,54084.4),(670,263,'2016-04-30',0,0),(671,264,'2016-04-01',NULL,2947.47),(672,264,'2016-04-02',NULL,2933.49),(673,264,'2016-04-03',NULL,3578.29),(674,264,'2016-04-04',NULL,4334.75),(675,264,'2016-04-05',NULL,4309.29),(676,264,'2016-04-06',NULL,4884.21),(677,264,'2016-04-07',NULL,2593.22),(678,264,'2016-04-08',NULL,2540.14),(679,264,'2016-04-09',NULL,2503.66),(680,264,'2016-04-10',NULL,2190.77),(681,264,'2016-04-11',NULL,2290.34),(682,264,'2016-04-12',NULL,1906.73),(683,264,'2016-04-13',NULL,4344.92),(684,264,'2016-04-14',NULL,21418.2),(685,264,'2016-04-15',NULL,18338.2),(686,264,'2016-04-16',NULL,16686.8),(687,264,'2016-04-17',NULL,15782.8),(688,264,'2016-04-18',NULL,15691.3),(689,264,'2016-04-19',NULL,15530.1),(690,264,'2016-04-20',NULL,3214.18),(691,264,'2016-04-21',NULL,12942.6),(692,264,'2016-04-22',NULL,34046.9),(693,264,'2016-04-23',NULL,36777.7),(694,264,'2016-04-24',NULL,38805),(695,264,'2016-04-25',NULL,38951.2),(696,264,'2016-04-26',NULL,52426.2),(697,264,'2016-04-27',NULL,57181.8),(698,264,'2016-04-28',NULL,58534.2),(699,264,'2016-04-29',NULL,54084.4),(700,264,'2016-04-30',0,0),(701,265,'2016-10-01',NULL,677216),(702,265,'2016-10-02',NULL,667753),(703,265,'2016-10-03',NULL,640752),(704,265,'2016-10-04',NULL,607052),(705,265,'2016-10-05',NULL,652465),(706,265,'2016-10-06',NULL,662726),(707,265,'2016-10-07',NULL,684877),(708,265,'2016-10-08',NULL,703266),(709,265,'2016-10-09',NULL,714769),(710,265,'2016-10-10',NULL,734888),(711,265,'2016-10-11',NULL,716129),(712,265,'2016-10-12',NULL,664962),(713,265,'2016-10-13',NULL,698373),(714,265,'2016-10-14',NULL,731472),(715,265,'2016-10-15',NULL,734996),(716,265,'2016-10-16',NULL,727059),(717,265,'2016-10-17',NULL,738709),(718,265,'2016-10-18',NULL,752200),(719,265,'2016-10-19',NULL,785322),(720,265,'2016-10-20',NULL,754831),(721,265,'2016-10-21',NULL,771267),(722,265,'2016-10-22',NULL,766334),(723,265,'2016-10-23',NULL,777861),(724,265,'2016-10-24',NULL,733276),(725,265,'2016-10-25',NULL,747711),(726,265,'2016-10-26',NULL,812006),(727,265,'2016-10-27',NULL,786335),(728,265,'2016-10-28',NULL,784472),(729,265,'2016-10-29',NULL,798213),(730,265,'2016-10-30',NULL,800603),(731,265,'2016-10-31',NULL,785552),(732,266,'2018-02-01',NULL,1903460),(733,266,'2018-02-02',NULL,1912890),(734,266,'2018-02-03',NULL,1835660),(735,266,'2018-02-04',NULL,1818940),(736,266,'2018-02-05',NULL,1765430),(737,266,'2018-02-06',NULL,1858080),(738,266,'2018-02-07',NULL,1911570),(739,266,'2018-02-08',NULL,1992130),(740,266,'2018-02-09',NULL,1954020),(741,266,'2018-02-10',NULL,2026710),(742,266,'2018-02-11',NULL,2021790),(743,266,'2018-02-12',NULL,1866590),(744,266,'2018-02-13',NULL,1921790),(745,266,'2018-02-14',NULL,1929970),(746,266,'2018-02-15',NULL,1937860),(747,266,'2018-02-16',NULL,1919840),(748,266,'2018-02-17',NULL,1962580),(749,266,'2018-02-18',NULL,2023760),(750,266,'2018-02-19',NULL,2019250),(751,266,'2018-02-20',NULL,2007500),(752,266,'2018-02-21',NULL,1982650),(753,266,'2018-02-22',NULL,2030340),(754,266,'2018-02-23',NULL,1964120),(755,266,'2018-02-24',NULL,2116750),(756,266,'2018-02-25',NULL,2158280),(757,266,'2018-02-26',NULL,2033790),(758,266,'2018-02-27',NULL,1973070),(759,266,'2018-02-28',NULL,260847),(760,267,'2016-04-01',NULL,2947.47),(761,267,'2016-04-02',NULL,2933.49),(762,267,'2016-04-03',NULL,3578.29),(763,267,'2016-04-04',NULL,4334.75),(764,267,'2016-04-05',NULL,4309.29),(765,267,'2016-04-06',NULL,4884.21),(766,267,'2016-04-07',NULL,2593.22),(767,267,'2016-04-08',NULL,2540.14),(768,267,'2016-04-09',NULL,2503.66),(769,267,'2016-04-10',NULL,2190.77),(770,267,'2016-04-11',NULL,2290.34),(771,267,'2016-04-12',NULL,1906.73),(772,267,'2016-04-13',NULL,4344.92),(773,267,'2016-04-14',NULL,21418.2),(774,267,'2016-04-15',NULL,18338.2),(775,267,'2016-04-16',NULL,16686.8),(776,267,'2016-04-17',NULL,15782.8),(777,267,'2016-04-18',NULL,15691.3),(778,267,'2016-04-19',NULL,15530.1),(779,267,'2016-04-20',NULL,3214.18),(780,267,'2016-04-21',NULL,12942.6),(781,267,'2016-04-22',NULL,34046.9),(782,267,'2016-04-23',NULL,36777.7),(783,267,'2016-04-24',NULL,38805),(784,267,'2016-04-25',NULL,38951.2),(785,267,'2016-04-26',NULL,52426.2),(786,267,'2016-04-27',NULL,57181.8),(787,267,'2016-04-28',NULL,58534.2),(788,267,'2016-04-29',NULL,54084.4),(789,267,'2016-04-30',0,0),(790,268,'2016-04-01',NULL,2947.47),(791,268,'2016-04-02',NULL,2933.49),(792,268,'2016-04-03',NULL,3578.29),(793,268,'2016-04-04',NULL,4334.75),(794,268,'2016-04-05',NULL,4309.29),(795,268,'2016-04-06',NULL,4884.21),(796,268,'2016-04-07',NULL,2593.22),(797,268,'2016-04-08',NULL,2540.14),(798,268,'2016-04-09',NULL,2503.66),(799,268,'2016-04-10',NULL,2190.77),(800,268,'2016-04-11',NULL,2290.34),(801,268,'2016-04-12',NULL,1906.73),(802,268,'2016-04-13',NULL,4344.92),(803,268,'2016-04-14',NULL,21418.2),(804,268,'2016-04-15',NULL,18338.2),(805,268,'2016-04-16',NULL,16686.8),(806,268,'2016-04-17',NULL,15782.8),(807,268,'2016-04-18',NULL,15691.3),(808,268,'2016-04-19',NULL,15530.1),(809,268,'2016-04-20',NULL,3214.18),(810,268,'2016-04-21',NULL,12942.6),(811,268,'2016-04-22',NULL,34046.9),(812,268,'2016-04-23',NULL,36777.7),(813,268,'2016-04-24',NULL,38805),(814,268,'2016-04-25',NULL,38951.2),(815,268,'2016-04-26',NULL,52426.2),(816,268,'2016-04-27',NULL,57181.8),(817,268,'2016-04-28',NULL,58534.2),(818,268,'2016-04-29',NULL,54084.4),(819,268,'2016-04-30',0,0),(820,269,'2016-04-01',NULL,2947.47),(821,269,'2016-04-02',NULL,2933.49),(822,269,'2016-04-03',NULL,3578.29),(823,269,'2016-04-04',NULL,4334.75),(824,269,'2016-04-05',NULL,4309.29),(825,269,'2016-04-06',NULL,4884.21),(826,269,'2016-04-07',NULL,2593.22),(827,269,'2016-04-08',NULL,2540.14),(828,269,'2016-04-09',NULL,2503.66),(829,269,'2016-04-10',NULL,2190.77),(830,269,'2016-04-11',NULL,2290.34),(831,269,'2016-04-12',NULL,1906.73),(832,269,'2016-04-13',NULL,4344.92),(833,269,'2016-04-14',NULL,21418.2),(834,269,'2016-04-15',NULL,18338.2),(835,269,'2016-04-16',NULL,16686.8),(836,269,'2016-04-17',NULL,15782.8),(837,269,'2016-04-18',NULL,15691.3),(838,269,'2016-04-19',NULL,15530.1),(839,269,'2016-04-20',NULL,3214.18),(840,269,'2016-04-21',NULL,12942.6),(841,269,'2016-04-22',NULL,34046.9),(842,269,'2016-04-23',NULL,36777.7),(843,269,'2016-04-24',NULL,38805),(844,269,'2016-04-25',NULL,38951.2),(845,269,'2016-04-26',NULL,52426.2),(846,269,'2016-04-27',NULL,57181.8),(847,269,'2016-04-28',NULL,58534.2),(848,269,'2016-04-29',NULL,54084.4),(849,269,'2016-04-30',0,0),(850,270,'2016-10-01',NULL,677216),(851,270,'2016-10-02',NULL,667753),(852,270,'2016-10-03',NULL,640752),(853,270,'2016-10-04',NULL,607052),(854,270,'2016-10-05',NULL,652465),(855,270,'2016-10-06',NULL,662726),(856,270,'2016-10-07',NULL,684877),(857,270,'2016-10-08',NULL,703266),(858,270,'2016-10-09',NULL,714769),(859,270,'2016-10-10',NULL,734888),(860,270,'2016-10-11',NULL,716129),(861,270,'2016-10-12',NULL,664962),(862,270,'2016-10-13',NULL,698373),(863,270,'2016-10-14',NULL,731472),(864,270,'2016-10-15',NULL,734996),(865,270,'2016-10-16',NULL,727059),(866,270,'2016-10-17',NULL,738709),(867,270,'2016-10-18',NULL,752200),(868,270,'2016-10-19',NULL,785322),(869,270,'2016-10-20',NULL,754831),(870,270,'2016-10-21',NULL,771267),(871,270,'2016-10-22',NULL,766334),(872,270,'2016-10-23',NULL,777861),(873,270,'2016-10-24',NULL,733276),(874,270,'2016-10-25',NULL,747711),(875,270,'2016-10-26',NULL,812006),(876,270,'2016-10-27',NULL,786335),(877,270,'2016-10-28',NULL,784472),(878,270,'2016-10-29',NULL,798213),(879,270,'2016-10-30',NULL,800603),(880,270,'2016-10-31',NULL,785552),(881,271,'2018-02-01',NULL,1903460),(882,271,'2018-02-02',NULL,1912890),(883,271,'2018-02-03',NULL,1835660),(884,271,'2018-02-04',NULL,1818940),(885,271,'2018-02-05',NULL,1765430),(886,271,'2018-02-06',NULL,1858080),(887,271,'2018-02-07',NULL,1911570),(888,271,'2018-02-08',NULL,1992130),(889,271,'2018-02-09',NULL,1954020),(890,271,'2018-02-10',NULL,2026710),(891,271,'2018-02-11',NULL,2021790),(892,271,'2018-02-12',NULL,1866590),(893,271,'2018-02-13',NULL,1921790),(894,271,'2018-02-14',NULL,1929970),(895,271,'2018-02-15',NULL,1937860),(896,271,'2018-02-16',NULL,1919840),(897,271,'2018-02-17',NULL,1962580),(898,271,'2018-02-18',NULL,2023760),(899,271,'2018-02-19',NULL,2019250),(900,271,'2018-02-20',NULL,2007500),(901,271,'2018-02-21',NULL,1982650),(902,271,'2018-02-22',NULL,2030340),(903,271,'2018-02-23',NULL,1964120),(904,271,'2018-02-24',NULL,2116750),(905,271,'2018-02-25',NULL,2158280),(906,271,'2018-02-26',NULL,2033790),(907,271,'2018-02-27',NULL,1973070),(908,271,'2018-02-28',NULL,260847),(909,272,'2016-04-01',NULL,2947.47),(910,272,'2016-04-02',NULL,2933.49),(911,272,'2016-04-03',NULL,3578.29),(912,272,'2016-04-04',NULL,4334.75),(913,272,'2016-04-05',NULL,4309.29),(914,272,'2016-04-06',NULL,4884.21),(915,272,'2016-04-07',NULL,2593.22),(916,272,'2016-04-08',NULL,2540.14),(917,272,'2016-04-09',NULL,2503.66),(918,272,'2016-04-10',NULL,2190.77),(919,272,'2016-04-11',NULL,2290.34),(920,272,'2016-04-12',NULL,1906.73),(921,272,'2016-04-13',NULL,4344.92),(922,272,'2016-04-14',NULL,21418.2),(923,272,'2016-04-15',NULL,18338.2),(924,272,'2016-04-16',NULL,16686.8),(925,272,'2016-04-17',NULL,15782.8),(926,272,'2016-04-18',NULL,15691.3),(927,272,'2016-04-19',NULL,15530.1),(928,272,'2016-04-20',NULL,3214.18),(929,272,'2016-04-21',NULL,12942.6),(930,272,'2016-04-22',NULL,34046.9),(931,272,'2016-04-23',NULL,36777.7),(932,272,'2016-04-24',NULL,38805),(933,272,'2016-04-25',NULL,38951.2),(934,272,'2016-04-26',NULL,52426.2),(935,272,'2016-04-27',NULL,57181.8),(936,272,'2016-04-28',NULL,58534.2),(937,272,'2016-04-29',NULL,54084.4),(938,272,'2016-04-30',0,0),(939,273,'2016-04-01',NULL,2947.47),(940,273,'2016-04-02',NULL,2933.49),(941,273,'2016-04-03',NULL,3578.29),(942,273,'2016-04-04',NULL,4334.75),(943,273,'2016-04-05',NULL,4309.29),(944,273,'2016-04-06',NULL,4884.21),(945,273,'2016-04-07',NULL,2593.22),(946,273,'2016-04-08',NULL,2540.14),(947,273,'2016-04-09',NULL,2503.66),(948,273,'2016-04-10',NULL,2190.77),(949,273,'2016-04-11',NULL,2290.34),(950,273,'2016-04-12',NULL,1906.73),(951,273,'2016-04-13',NULL,4344.92),(952,273,'2016-04-14',NULL,21418.2),(953,273,'2016-04-15',NULL,18338.2),(954,273,'2016-04-16',NULL,16686.8),(955,273,'2016-04-17',NULL,15782.8),(956,273,'2016-04-18',NULL,15691.3),(957,273,'2016-04-19',NULL,15530.1),(958,273,'2016-04-20',NULL,3214.18),(959,273,'2016-04-21',NULL,12942.6),(960,273,'2016-04-22',NULL,34046.9),(961,273,'2016-04-23',NULL,36777.7),(962,273,'2016-04-24',NULL,38805),(963,273,'2016-04-25',NULL,38951.2),(964,273,'2016-04-26',NULL,52426.2),(965,273,'2016-04-27',NULL,57181.8),(966,273,'2016-04-28',NULL,58534.2),(967,273,'2016-04-29',NULL,54084.4),(968,273,'2016-04-30',0,0),(969,274,'2017-01-01',NULL,884220),(970,274,'2017-01-02',NULL,918886),(971,274,'2017-01-03',NULL,992720),(972,274,'2017-01-04',NULL,979447),(973,274,'2017-01-05',NULL,966928),(974,274,'2017-01-06',NULL,940198),(975,274,'2017-01-07',NULL,941489),(976,274,'2017-01-08',NULL,917361),(977,274,'2017-01-09',NULL,941063),(978,274,'2017-01-10',NULL,890281),(979,274,'2017-01-11',NULL,884463),(980,274,'2017-01-12',NULL,909957),(981,274,'2017-01-13',NULL,862574),(982,274,'2017-01-14',NULL,903189),(983,274,'2017-01-15',NULL,912555),(984,274,'2017-01-16',NULL,867844),(985,274,'2017-01-17',NULL,794699),(986,274,'2017-01-18',NULL,791639),(987,274,'2017-01-19',NULL,751700),(988,274,'2017-01-20',NULL,794102),(989,274,'2017-01-21',NULL,854156),(990,274,'2017-01-22',NULL,853435),(991,274,'2017-01-23',NULL,826635),(992,274,'2017-01-24',NULL,838189),(993,274,'2017-01-25',NULL,809708),(994,274,'2017-01-26',NULL,698067),(995,274,'2017-01-27',NULL,796712),(996,274,'2017-01-28',NULL,815406),(997,274,'2017-01-29',NULL,826017),(998,274,'2017-01-30',NULL,817543),(999,274,'2017-01-31',NULL,100191),(1000,275,'2017-01-01',NULL,884220),(1001,275,'2017-01-02',NULL,918886),(1002,275,'2017-01-03',NULL,992720),(1003,275,'2017-01-04',NULL,979447),(1004,275,'2017-01-05',NULL,966928),(1005,275,'2017-01-06',NULL,940198),(1006,275,'2017-01-07',NULL,941489),(1007,275,'2017-01-08',NULL,917361),(1008,275,'2017-01-09',NULL,941063),(1009,275,'2017-01-10',NULL,890281),(1010,275,'2017-01-11',NULL,884463),(1011,275,'2017-01-12',NULL,909957),(1012,275,'2017-01-13',NULL,862574),(1013,275,'2017-01-14',NULL,903189),(1014,275,'2017-01-15',NULL,912555),(1015,275,'2017-01-16',NULL,867844),(1016,275,'2017-01-17',NULL,794699),(1017,275,'2017-01-18',NULL,791639),(1018,275,'2017-01-19',NULL,751700),(1019,275,'2017-01-20',NULL,794102),(1020,275,'2017-01-21',NULL,854156),(1021,275,'2017-01-22',NULL,853435),(1022,275,'2017-01-23',NULL,826635),(1023,275,'2017-01-24',NULL,838189),(1024,275,'2017-01-25',NULL,809708),(1025,275,'2017-01-26',NULL,698067),(1026,275,'2017-01-27',NULL,796712),(1027,275,'2017-01-28',NULL,815406),(1028,275,'2017-01-29',NULL,826017),(1029,275,'2017-01-30',NULL,817543),(1030,275,'2017-01-31',NULL,100191),(1031,276,'2016-10-01',NULL,677216),(1032,276,'2016-10-02',NULL,667753),(1033,276,'2016-10-03',NULL,640752),(1034,276,'2016-10-04',NULL,607052),(1035,276,'2016-10-05',NULL,652465),(1036,276,'2016-10-06',NULL,662726),(1037,276,'2016-10-07',NULL,684877),(1038,276,'2016-10-08',NULL,703266),(1039,276,'2016-10-09',NULL,714769),(1040,276,'2016-10-10',NULL,734888),(1041,276,'2016-10-11',NULL,716129),(1042,276,'2016-10-12',NULL,664962),(1043,276,'2016-10-13',NULL,698373),(1044,276,'2016-10-14',NULL,731472),(1045,276,'2016-10-15',NULL,734996),(1046,276,'2016-10-16',NULL,727059),(1047,276,'2016-10-17',NULL,738709),(1048,276,'2016-10-18',NULL,752200),(1049,276,'2016-10-19',NULL,785322),(1050,276,'2016-10-20',NULL,754831),(1051,276,'2016-10-21',NULL,771267),(1052,276,'2016-10-22',NULL,766334),(1053,276,'2016-10-23',NULL,777861),(1054,276,'2016-10-24',NULL,733276),(1055,276,'2016-10-25',NULL,747711),(1056,276,'2016-10-26',NULL,812006),(1057,276,'2016-10-27',NULL,786335),(1058,276,'2016-10-28',NULL,784472),(1059,276,'2016-10-29',NULL,798213),(1060,276,'2016-10-30',NULL,800603),(1061,276,'2016-10-31',NULL,785552),(1062,277,'2017-01-01',NULL,884220),(1063,277,'2017-01-02',NULL,918886),(1064,277,'2017-01-03',NULL,992720),(1065,277,'2017-01-04',NULL,979447),(1066,277,'2017-01-05',NULL,966928),(1067,277,'2017-01-06',NULL,940198),(1068,277,'2017-01-07',NULL,941489),(1069,277,'2017-01-08',NULL,917361),(1070,277,'2017-01-09',NULL,941063),(1071,277,'2017-01-10',NULL,890281),(1072,277,'2017-01-11',NULL,884463),(1073,277,'2017-01-12',NULL,909957),(1074,277,'2017-01-13',NULL,862574),(1075,277,'2017-01-14',NULL,903189),(1076,277,'2017-01-15',NULL,912555),(1077,277,'2017-01-16',NULL,867844),(1078,277,'2017-01-17',NULL,794699),(1079,277,'2017-01-18',NULL,791639),(1080,277,'2017-01-19',NULL,751700),(1081,277,'2017-01-20',NULL,794102),(1082,277,'2017-01-21',NULL,854156),(1083,277,'2017-01-22',NULL,853435),(1084,277,'2017-01-23',NULL,826635),(1085,277,'2017-01-24',NULL,838189),(1086,277,'2017-01-25',NULL,809708),(1087,277,'2017-01-26',NULL,698067),(1088,277,'2017-01-27',NULL,796712),(1089,277,'2017-01-28',NULL,815406),(1090,277,'2017-01-29',NULL,826017),(1091,277,'2017-01-30',NULL,817543),(1092,277,'2017-01-31',NULL,100191),(1093,278,'2017-06-01',NULL,996145),(1094,278,'2017-06-02',NULL,997095),(1095,278,'2017-06-03',NULL,1046620),(1096,278,'2017-06-04',NULL,1043130),(1097,278,'2017-06-05',NULL,1126700),(1098,278,'2017-06-06',NULL,1087700),(1099,278,'2017-06-07',NULL,1090870),(1100,278,'2017-06-08',NULL,996888),(1101,278,'2017-06-09',NULL,937610),(1102,278,'2017-06-10',NULL,918002),(1103,278,'2017-06-11',NULL,901317),(1104,278,'2017-06-12',NULL,939845),(1105,278,'2017-06-13',NULL,1020950),(1106,278,'2017-06-14',NULL,1044420),(1107,278,'2017-06-15',NULL,1005300),(1108,278,'2017-06-16',NULL,1062960),(1109,278,'2017-06-17',NULL,948915),(1110,278,'2017-06-18',NULL,1012320),(1111,278,'2017-06-19',NULL,982633),(1112,278,'2017-06-20',NULL,999816),(1113,278,'2017-06-21',NULL,963791),(1114,278,'2017-06-22',NULL,945506),(1115,278,'2017-06-23',NULL,1160800),(1116,278,'2017-06-24',NULL,975545),(1117,278,'2017-06-25',NULL,840804),(1118,278,'2017-06-26',NULL,797291),(1119,278,'2017-06-27',NULL,880796),(1120,278,'2017-06-28',NULL,942476),(1121,278,'2017-06-29',NULL,935154),(1122,278,'2017-06-30',NULL,72696.4),(1123,279,'2016-10-01',NULL,677216),(1124,279,'2016-10-02',NULL,667753),(1125,279,'2016-10-03',NULL,640752),(1126,279,'2016-10-04',NULL,607052),(1127,279,'2016-10-05',NULL,652465),(1128,279,'2016-10-06',NULL,662726),(1129,279,'2016-10-07',NULL,684877),(1130,279,'2016-10-08',NULL,703266),(1131,279,'2016-10-09',NULL,714769),(1132,279,'2016-10-10',NULL,734888),(1133,279,'2016-10-11',NULL,716129),(1134,279,'2016-10-12',NULL,664962),(1135,279,'2016-10-13',NULL,698373),(1136,279,'2016-10-14',NULL,731472),(1137,279,'2016-10-15',NULL,734996),(1138,279,'2016-10-16',NULL,727059),(1139,279,'2016-10-17',NULL,738709),(1140,279,'2016-10-18',NULL,752200),(1141,279,'2016-10-19',NULL,785322),(1142,279,'2016-10-20',NULL,754831),(1143,279,'2016-10-21',NULL,771267),(1144,279,'2016-10-22',NULL,766334),(1145,279,'2016-10-23',NULL,777861),(1146,279,'2016-10-24',NULL,733276),(1147,279,'2016-10-25',NULL,747711),(1148,279,'2016-10-26',NULL,812006),(1149,279,'2016-10-27',NULL,786335),(1150,279,'2016-10-28',NULL,784472),(1151,279,'2016-10-29',NULL,798213),(1152,279,'2016-10-30',NULL,800603),(1153,279,'2016-10-31',NULL,785552),(1154,1,'2017-12-30',154,233162),(1155,1,'2017-12-31',153,462175),(1156,1,'2018-01-01',146,468822),(1157,1,'2018-01-02',175,502270),(1158,1,'2018-01-03',176,501763),(1159,1,'2018-01-04',179,491080),(1160,1,'2018-01-05',173,484214),(1161,1,'2018-01-06',156,467059),(1162,1,'2018-01-07',146,472585),(1163,1,'2018-01-08',170,474207),(1164,1,'2018-01-09',155,499832),(1165,1,'2018-01-10',169,489048),(1166,1,'2018-01-11',171,449390),(1167,1,'2018-01-12',168,474939),(1168,1,'2018-01-13',149,497237),(1169,1,'2018-01-14',149,524093),(1170,1,'2018-01-15',163,516398),(1171,1,'2018-01-16',166,486358),(1172,1,'2018-01-17',159,509252),(1173,1,'2018-01-18',155,482896),(1174,1,'2018-01-19',167,458968),(1175,1,'2018-01-20',151,494905),(1176,1,'2018-01-21',150,508074),(1177,1,'2018-01-22',162,483991),(1178,1,'2018-01-23',155,480044),(1179,1,'2018-01-24',166,487819),(1180,1,'2018-01-25',149,506710),(1181,1,'2018-01-26',159,466834),(1182,1,'2018-01-27',151,479977),(1183,1,'2018-01-28',129,494965),(1184,1,'2018-01-29',141,417314),(1185,2,'2018-01-31',163,1832430),(1186,2,'2018-02-01',150,1903460),(1187,2,'2018-02-02',153,1912890),(1188,2,'2018-02-03',146,1835660),(1189,2,'2018-02-04',130,1818940),(1190,2,'2018-02-05',131,1765430),(1191,2,'2018-02-06',148,1858080),(1192,2,'2018-02-07',150,1911570),(1193,2,'2018-02-08',143,1992130),(1194,2,'2018-02-09',138,1954020),(1195,2,'2018-02-10',148,2026710),(1196,2,'2018-02-11',131,2021790),(1197,2,'2018-02-12',147,1866590),(1198,2,'2018-02-13',146,1921790),(1199,2,'2018-02-14',151,1929970),(1200,2,'2018-02-15',138,1937860),(1201,2,'2018-02-16',146,1919840),(1202,2,'2018-02-17',153,1962580),(1203,2,'2018-02-18',144,2023760),(1204,2,'2018-02-19',171,2019250),(1205,2,'2018-02-20',173,2007500),(1206,2,'2018-02-21',180,1982650),(1207,2,'2018-02-22',185,2030340),(1208,2,'2018-02-23',147,1964120),(1209,2,'2018-02-24',146,2116750),(1210,2,'2018-02-25',142,2158280),(1211,2,'2018-02-26',173,2033790),(1212,2,'2018-02-27',169,1973070),(1213,3,'2018-08-31',292,2220690),(1214,3,'2018-09-01',273,2497210),(1215,3,'2018-09-02',256,2487460),(1216,3,'2018-09-03',269,2337940),(1217,3,'2018-09-04',277,2354130),(1218,3,'2018-09-05',258,2381670),(1219,3,'2018-09-06',256,2317290),(1220,3,'2018-09-07',272,1997600),(1221,3,'2018-09-08',242,2014770),(1222,3,'2018-09-09',237,2024640),(1223,3,'2018-09-10',265,2071330),(1224,3,'2018-09-11',254,2056410),(1225,3,'2018-09-12',267,2074210),(1226,3,'2018-09-13',293,2120400),(1227,3,'2018-09-14',290,2089080),(1228,3,'2018-09-15',250,2109010),(1229,3,'2018-09-16',236,2173960),(1230,3,'2018-09-17',252,2122010),(1231,3,'2018-09-18',247,2108590),(1232,3,'2018-09-19',261,2016400),(1233,3,'2018-09-20',259,2177940),(1234,3,'2018-09-21',270,2165090),(1235,3,'2018-09-22',264,2144200),(1236,3,'2018-09-23',246,2055140),(1237,3,'2018-09-24',279,2045560),(1238,3,'2018-09-25',294,1936190),(1239,3,'2018-09-26',281,1950620),(1240,3,'2018-09-27',276,1983480),(1241,3,'2018-09-28',276,1952190),(1242,3,'2018-09-29',241,1976450),(1243,3,'2018-09-30',236,2009680),(1244,4,'2018-03-01',154,2668020),(1245,4,'2018-03-02',155,2449810),(1246,4,'2018-03-03',146,2406200),(1247,4,'2018-03-04',161,2471820),(1248,4,'2018-03-05',155,2418470),(1249,4,'2018-03-06',140,2418930),(1250,4,'2018-03-07',163,2340060),(1251,4,'2018-03-08',147,2344350),(1252,4,'2018-03-09',138,2256410),(1253,4,'2018-03-10',154,2366120),(1254,4,'2018-03-11',139,2358310),(1255,4,'2018-03-12',140,2273850),(1256,4,'2018-03-13',135,2318180),(1257,4,'2018-03-14',156,2388930),(1258,4,'2018-03-15',133,2445270),(1259,4,'2018-03-16',160,2451620),(1260,4,'2018-03-17',142,2388030),(1261,4,'2018-03-18',136,2517690),(1262,4,'2018-03-19',151,2416700),(1263,4,'2018-03-20',151,2003430),(1264,4,'2018-03-21',147,2441680),(1265,4,'2018-03-22',139,2581250),(1266,4,'2018-03-23',131,2585390),(1267,4,'2018-03-24',116,2559000),(1268,4,'2018-03-25',123,2586410),(1269,4,'2018-03-26',132,2515620),(1270,4,'2018-03-27',147,2442890),(1271,4,'2018-03-28',158,2490680),(1272,4,'2018-03-29',140,2467860),(1273,4,'2018-03-30',148,2378230),(1274,4,'2018-03-31',130,2416040),(1275,5,'2016-12-31',164,779747),(1276,5,'2017-01-01',156,884220),(1277,5,'2017-01-02',188,918886),(1278,5,'2017-01-03',212,992720),(1279,5,'2017-01-04',208,979447),(1280,5,'2017-01-05',212,966928),(1281,5,'2017-01-06',186,940198),(1282,5,'2017-01-07',169,941489),(1283,5,'2017-01-08',174,917361),(1284,5,'2017-01-09',195,941063),(1285,5,'2017-01-10',188,890281),(1286,5,'2017-01-11',191,884463),(1287,5,'2017-01-12',225,909957),(1288,5,'2017-01-13',229,862574),(1289,5,'2017-01-14',183,903189),(1290,5,'2017-01-15',180,912555),(1291,5,'2017-01-16',244,867844),(1292,5,'2017-01-17',223,794699),(1293,5,'2017-01-18',225,791639),(1294,5,'2017-01-19',216,751700),(1295,5,'2017-01-20',210,794102),(1296,5,'2017-01-21',183,854156),(1297,5,'2017-01-22',157,853435),(1298,5,'2017-01-23',225,826635),(1299,5,'2017-01-24',234,838189),(1300,5,'2017-01-25',220,809708),(1301,5,'2017-01-26',217,698067),(1302,5,'2017-01-27',198,796712),(1303,5,'2017-01-28',169,815406),(1304,5,'2017-01-29',166,826017),(1305,5,'2017-01-30',227,817543),(1306,6,'2018-01-31',287,1832430),(1307,6,'2018-02-01',302,1903460),(1308,6,'2018-02-02',299,1912890),(1309,6,'2018-02-03',210,1835660),(1310,6,'2018-02-04',NULL,1818940),(1311,6,'2018-02-05',301,1765430),(1312,6,'2018-02-06',301,1858080),(1313,6,'2018-02-07',296,1911570),(1314,6,'2018-02-08',321,1992130),(1315,6,'2018-02-09',292,1954020),(1316,6,'2018-02-10',241,2026710),(1317,6,'2018-02-11',220,2021790),(1318,6,'2018-02-12',307,1866590),(1319,6,'2018-02-13',303,1921790),(1320,6,'2018-02-14',309,1929970),(1321,6,'2018-02-15',323,1937860),(1322,6,'2018-02-16',293,1919840),(1323,6,'2018-02-17',225,1962580),(1324,6,'2018-02-18',220,2023760),(1325,6,'2018-02-19',223,2019250),(1326,6,'2018-02-20',291,2007500),(1327,6,'2018-02-21',262,1982650),(1328,6,'2018-02-22',272,2030340),(1329,6,'2018-02-23',281,1964120),(1330,6,'2018-02-24',214,2116750),(1331,6,'2018-02-25',197,2158280),(1332,6,'2018-02-26',228,2033790),(1333,6,'2018-02-27',263,1973070),(1334,7,'2018-03-01',273,2668020),(1335,7,'2018-03-02',265,2449810),(1336,7,'2018-03-03',197,2406200),(1337,7,'2018-03-04',196,2471820),(1338,7,'2018-03-05',260,2418470),(1339,7,'2018-03-06',269,2418930),(1340,7,'2018-03-07',265,2340060),(1341,7,'2018-03-08',258,2344350),(1342,7,'2018-03-09',261,2256410),(1343,7,'2018-03-10',190,2366120),(1344,7,'2018-03-11',184,2358310),(1345,7,'2018-03-12',251,2273850),(1346,7,'2018-03-13',273,2318180),(1347,7,'2018-03-14',295,2388930),(1348,7,'2018-03-15',286,2445270),(1349,7,'2018-03-16',271,2451620),(1350,7,'2018-03-17',210,2388030),(1351,7,'2018-03-18',196,2517690),(1352,7,'2018-03-19',264,2416700),(1353,7,'2018-03-20',268,2003430),(1354,7,'2018-03-21',269,2441680),(1355,7,'2018-03-22',265,2581250),(1356,7,'2018-03-23',256,2585390),(1357,7,'2018-03-24',239,2559000),(1358,7,'2018-03-25',197,2586410),(1359,7,'2018-03-26',248,2515620),(1360,7,'2018-03-27',256,2442890),(1361,7,'2018-03-28',273,2490680),(1362,7,'2018-03-29',264,2467860),(1363,7,'2018-03-30',285,2378230),(1364,7,'2018-03-31',167,2416040),(1365,8,'2016-03-31',NULL,4629.29),(1366,8,'2016-04-01',NULL,2947.47),(1367,8,'2016-04-02',NULL,2933.49),(1368,8,'2016-04-03',NULL,3578.29),(1369,8,'2016-04-04',NULL,4334.75),(1370,8,'2016-04-05',NULL,4309.29),(1371,8,'2016-04-06',NULL,4884.21),(1372,8,'2016-04-07',NULL,2593.22),(1373,8,'2016-04-08',NULL,2540.14),(1374,8,'2016-04-09',NULL,2503.66),(1375,8,'2016-04-10',NULL,2190.77),(1376,8,'2016-04-11',NULL,2290.34),(1377,8,'2016-04-12',NULL,1906.73),(1378,8,'2016-04-13',NULL,4344.92),(1379,8,'2016-04-14',4,21418.2),(1380,8,'2016-04-15',NULL,18338.2),(1381,8,'2016-04-16',NULL,16686.8),(1382,8,'2016-04-17',NULL,15782.8),(1383,8,'2016-04-18',NULL,15691.3),(1384,8,'2016-04-19',NULL,15530.1),(1385,8,'2016-04-20',NULL,3214.18),(1386,8,'2016-04-21',NULL,12942.6),(1387,8,'2016-04-22',NULL,34046.9),(1388,8,'2016-04-23',NULL,36777.7),(1389,8,'2016-04-24',NULL,38805),(1390,8,'2016-04-25',NULL,38951.2),(1391,8,'2016-04-26',267,52426.2),(1392,8,'2016-04-27',286,57181.8),(1393,8,'2016-04-28',261,58534.2),(1394,8,'2016-04-29',263,54084.4),(1395,9,'2018-04-01',166,2488920),(1396,9,'2018-04-02',194,1928380),(1397,9,'2018-04-03',235,1885220),(1398,9,'2018-04-04',243,1959230),(1399,9,'2018-04-05',234,1936620),(1400,9,'2018-04-06',175,2051640),(1401,9,'2018-04-07',168,2064050),(1402,9,'2018-04-08',174,2174080),(1403,9,'2018-04-09',177,2094570),(1404,9,'2018-04-10',242,1950250),(1405,9,'2018-04-11',264,2062250),(1406,9,'2018-04-12',251,1985810),(1407,9,'2018-04-13',284,1871330),(1408,9,'2018-04-14',220,2044830),(1409,9,'2018-04-15',219,1976320),(1410,9,'2018-04-16',335,2020420),(1411,9,'2018-04-17',330,1924040),(1412,9,'2018-04-18',338,1971120),(1413,9,'2018-04-19',340,2039020),(1414,9,'2018-04-20',379,2105490),(1415,9,'2018-04-21',306,2121430),(1416,9,'2018-04-22',302,1960350),(1417,9,'2018-04-23',359,1911430),(1418,9,'2018-04-24',412,1983320),(1419,9,'2018-04-25',424,2120780),(1420,9,'2018-04-26',422,2133760),(1421,9,'2018-04-27',414,2139540),(1422,9,'2018-04-28',373,2035610),(1423,9,'2018-04-29',355,1978930),(1424,9,'2018-04-30',400,1989460),(1425,10,'2018-05-01',354,2653640),(1426,10,'2018-05-02',426,2072600),(1427,10,'2018-05-03',430,2040860),(1428,10,'2018-05-04',401,1997650),(1429,10,'2018-05-05',344,2120220),(1430,10,'2018-05-06',343,2193870),(1431,10,'2018-05-07',407,2044670),(1432,10,'2018-05-08',428,1973000),(1433,10,'2018-05-09',425,1996760),(1434,10,'2018-05-10',397,2022700),(1435,10,'2018-05-11',414,2051200),(1436,10,'2018-05-12',340,2137720),(1437,10,'2018-05-13',355,2098070),(1438,10,'2018-05-14',419,2115010),(1439,10,'2018-05-15',422,2107640),(1440,10,'2018-05-16',433,2109560),(1441,10,'2018-05-17',406,2094560),(1442,10,'2018-05-18',446,2205810),(1443,10,'2018-05-19',371,2057830),(1444,10,'2018-05-20',374,2184110),(1445,10,'2018-05-21',430,2081090),(1446,10,'2018-05-22',429,2083180),(1447,10,'2018-05-23',430,2011740),(1448,10,'2018-05-24',420,1963040),(1449,10,'2018-05-25',419,2200000),(1450,10,'2018-05-26',359,2436340),(1451,10,'2018-05-27',369,2429700),(1452,10,'2018-05-28',354,2288310),(1453,10,'2018-05-29',423,2174650),(1454,10,'2018-05-30',435,2205320),(1455,10,'2018-05-31',417,2252110),(1456,11,'2017-05-31',262,1019540),(1457,11,'2017-06-01',258,996145),(1458,11,'2017-06-02',245,997095),(1459,11,'2017-06-03',185,1046620),(1460,11,'2017-06-04',182,1043130),(1461,11,'2017-06-05',196,1126700),(1462,11,'2017-06-06',253,1087700),(1463,11,'2017-06-07',242,1090870),(1464,11,'2017-06-08',229,996888),(1465,11,'2017-06-09',233,937610),(1466,11,'2017-06-10',182,918002),(1467,11,'2017-06-11',195,901317),(1468,11,'2017-06-12',252,939845),(1469,11,'2017-06-13',256,1020950),(1470,11,'2017-06-14',262,1044420),(1471,11,'2017-06-15',253,1005300),(1472,11,'2017-06-16',247,1062960),(1473,11,'2017-06-17',188,948915),(1474,11,'2017-06-18',191,1012320),(1475,11,'2017-06-19',236,982633),(1476,11,'2017-06-20',261,999816),(1477,11,'2017-06-21',275,963791),(1478,11,'2017-06-22',242,945506),(1479,11,'2017-06-23',256,1160800),(1480,11,'2017-06-24',190,975545),(1481,11,'2017-06-25',190,840804),(1482,11,'2017-06-26',241,797291),(1483,11,'2017-06-27',230,880796),(1484,11,'2017-06-28',242,942476),(1485,11,'2017-06-29',232,935154),(1486,11,'2017-06-30',208,72696.4),(1487,12,'2018-06-01',451,2794170),(1488,12,'2018-06-02',373,2368580),(1489,12,'2018-06-03',357,2350130),(1490,12,'2018-06-04',404,2302360),(1491,12,'2018-06-05',441,2302120),(1492,12,'2018-06-06',414,2265660),(1493,12,'2018-06-07',413,2272510),(1494,12,'2018-06-08',409,2261850),(1495,12,'2018-06-09',347,2377530),(1496,12,'2018-06-10',387,2458000),(1497,12,'2018-06-11',433,2362600),(1498,12,'2018-06-12',434,2260570),(1499,12,'2018-06-13',409,2297640),(1500,12,'2018-06-14',419,2290770),(1501,12,'2018-06-15',434,2230970),(1502,12,'2018-06-16',365,2260650),(1503,12,'2018-06-17',375,2207650),(1504,12,'2018-06-18',414,2012450),(1505,12,'2018-06-19',415,2089060),(1506,12,'2018-06-20',433,2028770),(1507,12,'2018-06-21',424,2118140),(1508,12,'2018-06-22',413,2319910),(1509,12,'2018-06-23',354,2265850),(1510,12,'2018-06-24',362,2267330),(1511,12,'2018-06-25',423,2205040),(1512,12,'2018-06-26',404,2215970),(1513,12,'2018-06-27',412,2198230),(1514,12,'2018-06-28',435,4209650),(1515,12,'2018-06-29',423,3992400),(1516,12,'2018-06-30',380,3872230),(1517,13,'2018-07-01',354,2262890),(1518,13,'2018-07-02',439,2022790),(1519,13,'2018-07-03',436,2135070),(1520,13,'2018-07-04',451,2083700),(1521,13,'2018-07-05',424,2035330),(1522,13,'2018-07-06',426,2143780),(1523,13,'2018-07-07',365,2019640),(1524,13,'2018-07-08',375,2065400),(1525,13,'2018-07-09',500,2086540),(1526,13,'2018-07-10',534,1884200),(1527,13,'2018-07-11',515,1882330),(1528,13,'2018-07-12',449,1875890),(1529,13,'2018-07-13',446,1912430),(1530,13,'2018-07-14',392,1965030),(1531,13,'2018-07-15',380,1967570),(1532,13,'2018-07-16',429,1815420),(1533,13,'2018-07-17',431,1858140),(1534,13,'2018-07-18',490,1786080),(1535,13,'2018-07-19',450,1781270),(1536,13,'2018-07-20',475,1927380),(1537,13,'2018-07-21',366,1951150),(1538,13,'2018-07-22',337,1881250),(1539,13,'2018-07-23',356,1896910),(1540,13,'2018-07-24',390,1989470),(1541,13,'2018-07-25',379,2040460),(1542,13,'2018-07-26',369,1978160),(1543,13,'2018-07-27',390,1976120),(1544,13,'2018-07-28',323,2068040),(1545,13,'2018-07-29',272,1935090),(1546,13,'2018-07-30',362,1919900),(1547,13,'2018-07-31',360,1871380),(1548,14,'2018-08-31',385,2220690),(1549,14,'2018-09-01',356,2497210),(1550,14,'2018-09-02',342,2487460),(1551,14,'2018-09-03',385,2337940),(1552,14,'2018-09-04',386,2354130),(1553,14,'2018-09-05',359,2381670),(1554,14,'2018-09-06',375,2317290),(1555,14,'2018-09-07',380,1997600),(1556,14,'2018-09-08',356,2014770),(1557,14,'2018-09-09',338,2024640),(1558,14,'2018-09-10',387,2071330),(1559,14,'2018-09-11',386,2056410),(1560,14,'2018-09-12',404,2074210),(1561,14,'2018-09-13',390,2120400),(1562,14,'2018-09-14',461,2089080),(1563,14,'2018-09-15',415,2109010),(1564,14,'2018-09-16',411,2173960),(1565,14,'2018-09-17',478,2122010),(1566,14,'2018-09-18',500,2108590),(1567,14,'2018-09-19',455,2016400),(1568,14,'2018-09-20',479,2177940),(1569,14,'2018-09-21',581,2165090),(1570,14,'2018-09-22',365,2144200),(1571,14,'2018-09-23',369,2055140),(1572,14,'2018-09-24',422,2045560),(1573,14,'2018-09-25',426,1936190),(1574,14,'2018-09-26',431,1950620),(1575,14,'2018-09-27',393,1983480),(1576,14,'2018-09-28',396,1952190),(1577,14,'2018-09-29',348,1976450),(1578,14,'2018-09-30',245,2009680),(1579,15,'2016-09-30',225,613808),(1580,15,'2016-10-01',190,677216),(1581,15,'2016-10-02',220,667753),(1582,15,'2016-10-03',236,640752),(1583,15,'2016-10-04',192,607052),(1584,15,'2016-10-05',206,652465),(1585,15,'2016-10-06',209,662726),(1586,15,'2016-10-07',210,684877),(1587,15,'2016-10-08',195,703266),(1588,15,'2016-10-09',181,714769),(1589,15,'2016-10-10',194,734888),(1590,15,'2016-10-11',163,716129),(1591,15,'2016-10-12',192,664962),(1592,15,'2016-10-13',198,698373),(1593,15,'2016-10-14',214,731472),(1594,15,'2016-10-15',193,734996),(1595,15,'2016-10-16',182,727059),(1596,15,'2016-10-17',209,738709),(1597,15,'2016-10-18',197,752200),(1598,15,'2016-10-19',196,785322),(1599,15,'2016-10-20',206,754831),(1600,15,'2016-10-21',197,771267),(1601,15,'2016-10-22',172,766334),(1602,15,'2016-10-23',167,777861),(1603,15,'2016-10-24',203,733276),(1604,15,'2016-10-25',214,747711),(1605,15,'2016-10-26',207,812006),(1606,15,'2016-10-27',172,786335),(1607,15,'2016-10-28',111,784472),(1608,15,'2016-10-29',84,798213),(1609,15,'2016-10-30',107,800603),(1610,15,'2016-10-31',100,785552),(1611,16,'2016-12-31',57,779747),(1612,16,'2017-01-01',64,884220),(1613,16,'2017-01-02',58,918886),(1614,16,'2017-01-03',59,992720),(1615,16,'2017-01-04',63,979447),(1616,16,'2017-01-05',64,966928),(1617,16,'2017-01-06',64,940198),(1618,16,'2017-01-07',66,941489),(1619,16,'2017-01-08',64,917361),(1620,16,'2017-01-09',68,941063),(1621,16,'2017-01-10',63,890281),(1622,16,'2017-01-11',71,884463),(1623,16,'2017-01-12',63,909957),(1624,16,'2017-01-13',58,862574),(1625,16,'2017-01-14',58,903189),(1626,16,'2017-01-15',47,912555),(1627,16,'2017-01-16',54,867844),(1628,16,'2017-01-17',56,794699),(1629,16,'2017-01-18',68,791639),(1630,16,'2017-01-19',66,751700),(1631,16,'2017-01-20',64,794102),(1632,16,'2017-01-21',66,854156),(1633,16,'2017-01-22',67,853435),(1634,16,'2017-01-23',72,826635),(1635,16,'2017-01-24',73,838189),(1636,16,'2017-01-25',90,809708),(1637,16,'2017-01-26',83,698067),(1638,16,'2017-01-27',63,796712),(1639,16,'2017-01-28',64,815406),(1640,16,'2017-01-29',71,826017),(1641,16,'2017-01-30',75,817543),(1642,17,'2018-03-01',72,2668020),(1643,17,'2018-03-02',57,2449810),(1644,17,'2018-03-03',48,2406200),(1645,17,'2018-03-04',53,2471820),(1646,17,'2018-03-05',59,2418470),(1647,17,'2018-03-06',59,2418930),(1648,17,'2018-03-07',57,2340060),(1649,17,'2018-03-08',30,2344350),(1650,17,'2018-03-09',NULL,2256410),(1651,17,'2018-03-10',NULL,2366120),(1652,17,'2018-03-11',NULL,2358310),(1653,17,'2018-03-12',53,2273850),(1654,17,'2018-03-13',62,2318180),(1655,17,'2018-03-14',71,2388930),(1656,17,'2018-03-15',70,2445270),(1657,17,'2018-03-16',59,2451620),(1658,17,'2018-03-17',47,2388030),(1659,17,'2018-03-18',55,2517690),(1660,17,'2018-03-19',59,2416700),(1661,17,'2018-03-20',58,2003430),(1662,17,'2018-03-21',67,2441680),(1663,17,'2018-03-22',62,2581250),(1664,17,'2018-03-23',61,2585390),(1665,17,'2018-03-24',48,2559000),(1666,17,'2018-03-25',49,2586410),(1667,17,'2018-03-26',58,2515620),(1668,17,'2018-03-27',66,2442890),(1669,17,'2018-03-28',73,2490680),(1670,17,'2018-03-29',73,2467860),(1671,17,'2018-03-30',60,2378230),(1672,17,'2018-03-31',52,2416040),(1673,18,'2018-05-01',354,2653640),(1674,18,'2018-05-02',426,2072600),(1675,18,'2018-05-03',430,2040860),(1676,18,'2018-05-04',401,1997650),(1677,18,'2018-05-05',344,2120220),(1678,18,'2018-05-06',343,2193870),(1679,18,'2018-05-07',407,2044670),(1680,18,'2018-05-08',428,1973000),(1681,18,'2018-05-09',425,1996760),(1682,18,'2018-05-10',397,2022700),(1683,18,'2018-05-11',414,2051200),(1684,18,'2018-05-12',340,2137720),(1685,18,'2018-05-13',355,2098070),(1686,18,'2018-05-14',419,2115010),(1687,18,'2018-05-15',422,2107640),(1688,18,'2018-05-16',433,2109560),(1689,18,'2018-05-17',406,2094560),(1690,18,'2018-05-18',446,2205810),(1691,18,'2018-05-19',371,2057830),(1692,18,'2018-05-20',374,2184110),(1693,18,'2018-05-21',430,2081090),(1694,18,'2018-05-22',429,2083180),(1695,18,'2018-05-23',430,2011740),(1696,18,'2018-05-24',420,1963040),(1697,18,'2018-05-25',419,2200000),(1698,18,'2018-05-26',359,2436340),(1699,18,'2018-05-27',369,2429700),(1700,18,'2018-05-28',354,2288310),(1701,18,'2018-05-29',423,2174650),(1702,18,'2018-05-30',435,2205320),(1703,18,'2018-05-31',417,2252110),(1704,19,'2017-05-31',130,1019540),(1705,19,'2017-06-01',129,996145),(1706,19,'2017-06-02',119,997095),(1707,19,'2017-06-03',99,1046620),(1708,19,'2017-06-04',96,1043130),(1709,19,'2017-06-05',106,1126700),(1710,19,'2017-06-06',101,1087700),(1711,19,'2017-06-07',92,1090870),(1712,19,'2017-06-08',106,996888),(1713,19,'2017-06-09',97,937610),(1714,19,'2017-06-10',90,918002),(1715,19,'2017-06-11',85,901317),(1716,19,'2017-06-12',107,939845),(1717,19,'2017-06-13',92,1020950),(1718,19,'2017-06-14',87,1044420),(1719,19,'2017-06-15',83,1005300),(1720,19,'2017-06-16',90,1062960),(1721,19,'2017-06-17',78,948915),(1722,19,'2017-06-18',75,1012320),(1723,19,'2017-06-19',78,982633),(1724,19,'2017-06-20',77,999816),(1725,19,'2017-06-21',90,963791),(1726,19,'2017-06-22',98,945506),(1727,19,'2017-06-23',87,1160800),(1728,19,'2017-06-24',71,975545),(1729,19,'2017-06-25',77,840804),(1730,19,'2017-06-26',76,797291),(1731,19,'2017-06-27',76,880796),(1732,19,'2017-06-28',90,942476),(1733,19,'2017-06-29',86,935154),(1734,19,'2017-06-30',NULL,72696.4),(1735,20,'2018-06-01',81,2794170),(1736,20,'2018-06-02',71,2368580),(1737,20,'2018-06-03',69,2350130),(1738,20,'2018-06-04',80,2302360),(1739,20,'2018-06-05',76,2302120),(1740,20,'2018-06-06',74,2265660),(1741,20,'2018-06-07',82,2272510),(1742,20,'2018-06-08',70,2261850),(1743,20,'2018-06-09',64,2377530),(1744,20,'2018-06-10',68,2458000),(1745,20,'2018-06-11',73,2362600),(1746,20,'2018-06-12',75,2260570),(1747,20,'2018-06-13',80,2297640),(1748,20,'2018-06-14',87,2290770),(1749,20,'2018-06-15',88,2230970),(1750,20,'2018-06-16',68,2260650),(1751,20,'2018-06-17',63,2207650),(1752,20,'2018-06-18',77,2012450),(1753,20,'2018-06-19',73,2089060),(1754,20,'2018-06-20',80,2028770),(1755,20,'2018-06-21',52,2118140),(1756,20,'2018-06-22',68,2319910),(1757,20,'2018-06-23',47,2265850),(1758,20,'2018-06-24',60,2267330),(1759,20,'2018-06-25',72,2205040),(1760,20,'2018-06-26',56,2215970),(1761,20,'2018-06-27',54,2198230),(1762,20,'2018-06-28',62,4209650),(1763,20,'2018-06-29',71,3992400),(1764,20,'2018-06-30',61,3872230),(1765,21,'2018-07-01',58,2262890),(1766,21,'2018-07-02',70,2022790),(1767,21,'2018-07-03',70,2135070),(1768,21,'2018-07-04',72,2083700),(1769,21,'2018-07-05',82,2035330),(1770,21,'2018-07-06',76,2143780),(1771,21,'2018-07-07',69,2019640),(1772,21,'2018-07-08',73,2065400),(1773,21,'2018-07-09',85,2086540),(1774,21,'2018-07-10',89,1884200),(1775,21,'2018-07-11',93,1882330),(1776,21,'2018-07-12',88,1875890),(1777,21,'2018-07-13',72,1912430),(1778,21,'2018-07-14',72,1965030),(1779,21,'2018-07-15',69,1967570),(1780,21,'2018-07-16',78,1815420),(1781,21,'2018-07-17',76,1858140),(1782,21,'2018-07-18',80,1786080),(1783,21,'2018-07-19',93,1781270),(1784,21,'2018-07-20',71,1927380),(1785,21,'2018-07-21',68,1951150),(1786,21,'2018-07-22',65,1881250),(1787,21,'2018-07-23',72,1896910),(1788,21,'2018-07-24',80,1989470),(1789,21,'2018-07-25',81,2040460),(1790,21,'2018-07-26',77,1978160),(1791,21,'2018-07-27',75,1976120),(1792,21,'2018-07-28',72,2068040),(1793,21,'2018-07-29',73,1935090),(1794,21,'2018-07-30',85,1919900),(1795,21,'2018-07-31',88,1871380),(1796,22,'2018-08-31',88,2220690),(1797,22,'2018-09-01',87,2497210),(1798,22,'2018-09-02',82,2487460),(1799,22,'2018-09-03',99,2337940),(1800,22,'2018-09-04',86,2354130),(1801,22,'2018-09-05',94,2381670),(1802,22,'2018-09-06',87,2317290),(1803,22,'2018-09-07',87,1997600),(1804,22,'2018-09-08',76,2014770),(1805,22,'2018-09-09',76,2024640),(1806,22,'2018-09-10',92,2071330),(1807,22,'2018-09-11',94,2056410),(1808,22,'2018-09-12',99,2074210),(1809,22,'2018-09-13',100,2120400),(1810,22,'2018-09-14',104,2089080),(1811,22,'2018-09-15',103,2109010),(1812,22,'2018-09-16',100,2173960),(1813,22,'2018-09-17',103,2122010),(1814,22,'2018-09-18',109,2108590),(1815,22,'2018-09-19',101,2016400),(1816,22,'2018-09-20',103,2177940),(1817,22,'2018-09-21',90,2165090),(1818,22,'2018-09-22',89,2144200),(1819,22,'2018-09-23',83,2055140),(1820,22,'2018-09-24',97,2045560),(1821,22,'2018-09-25',94,1936190),(1822,22,'2018-09-26',95,1950620),(1823,22,'2018-09-27',89,1983480),(1824,22,'2018-09-28',86,1952190),(1825,22,'2018-09-29',78,1976450),(1826,22,'2018-09-30',97,2009680),(1827,23,'2018-04-01',53,2488920),(1828,23,'2018-04-02',64,1928380),(1829,23,'2018-04-03',61,1885220),(1830,23,'2018-04-04',69,1959230),(1831,23,'2018-04-05',62,1936620),(1832,23,'2018-04-06',51,2051640),(1833,23,'2018-04-07',49,2064050),(1834,23,'2018-04-08',55,2174080),(1835,23,'2018-04-09',51,2094570),(1836,23,'2018-04-10',63,1950250),(1837,23,'2018-04-11',76,2062250),(1838,23,'2018-04-12',67,1985810),(1839,23,'2018-04-13',70,1871330),(1840,23,'2018-04-14',58,2044830),(1841,23,'2018-04-15',51,1976320),(1842,23,'2018-04-16',69,2020420),(1843,23,'2018-04-17',66,1924040),(1844,23,'2018-04-18',76,1971120),(1845,23,'2018-04-19',85,2039020),(1846,23,'2018-04-20',71,2105490),(1847,23,'2018-04-21',61,2121430),(1848,23,'2018-04-22',61,1960350),(1849,23,'2018-04-23',73,1911430),(1850,23,'2018-04-24',67,1983320),(1851,23,'2018-04-25',82,2120780),(1852,23,'2018-04-26',78,2133760),(1853,23,'2018-04-27',69,2139540),(1854,23,'2018-04-28',63,2035610),(1855,23,'2018-04-29',61,1978930),(1856,23,'2018-04-30',67,1989460),(1857,24,'2017-12-31',127,462175),(1858,24,'2018-01-01',125,468822),(1859,24,'2018-01-02',129,502270),(1860,24,'2018-01-03',150,501763),(1861,24,'2018-01-04',147,491080),(1862,24,'2018-01-05',145,484214),(1863,24,'2018-01-06',131,467059),(1864,24,'2018-01-07',128,472585),(1865,24,'2018-01-08',148,474207),(1866,24,'2018-01-09',145,499832),(1867,24,'2018-01-10',146,489048),(1868,24,'2018-01-11',141,449390),(1869,24,'2018-01-12',142,474939),(1870,24,'2018-01-13',118,497237),(1871,24,'2018-01-14',115,524093),(1872,24,'2018-01-15',130,516398),(1873,24,'2018-01-16',138,486358),(1874,24,'2018-01-17',140,509252),(1875,24,'2018-01-18',139,482896),(1876,24,'2018-01-19',122,458968),(1877,24,'2018-01-20',105,494905),(1878,24,'2018-01-21',105,508074),(1879,24,'2018-01-22',113,483991),(1880,24,'2018-01-23',122,480044),(1881,24,'2018-01-24',129,487819),(1882,24,'2018-01-25',115,506710),(1883,24,'2018-01-26',119,466834),(1884,24,'2018-01-27',107,479977),(1885,24,'2018-01-28',113,494965),(1886,24,'2018-01-29',125,417314),(1887,24,'2018-01-30',127,216507),(1888,24,'2018-01-31',131,1832430),(1889,25,'2018-02-01',123,1903460),(1890,25,'2018-02-02',128,1912890),(1891,25,'2018-02-03',111,1835660),(1892,25,'2018-02-04',103,1818940),(1893,25,'2018-02-05',116,1765430),(1894,25,'2018-02-06',112,1858080),(1895,25,'2018-02-07',114,1911570),(1896,25,'2018-02-08',118,1992130),(1897,25,'2018-02-09',120,1954020),(1898,25,'2018-02-10',112,2026710),(1899,25,'2018-02-11',107,2021790),(1900,25,'2018-02-12',130,1866590),(1901,25,'2018-02-13',119,1921790),(1902,25,'2018-02-14',120,1929970),(1903,25,'2018-02-15',119,1937860),(1904,25,'2018-02-16',119,1919840),(1905,25,'2018-02-17',113,1962580),(1906,25,'2018-02-18',115,2023760),(1907,25,'2018-02-19',143,2019250),(1908,25,'2018-02-20',132,2007500),(1909,25,'2018-02-21',128,1982650),(1910,25,'2018-02-22',132,2030340),(1911,25,'2018-02-23',127,1964120),(1912,25,'2018-02-24',117,2116750),(1913,25,'2018-02-25',116,2158280),(1914,25,'2018-02-26',138,2033790),(1915,25,'2018-02-27',130,1973070),(1916,26,'2018-03-01',132,2668020),(1917,26,'2018-03-02',135,2449810),(1918,26,'2018-03-03',123,2406200),(1919,26,'2018-03-04',123,2471820),(1920,26,'2018-03-05',119,2418470),(1921,26,'2018-03-06',125,2418930),(1922,26,'2018-03-07',123,2340060),(1923,26,'2018-03-08',125,2344350),(1924,26,'2018-03-09',125,2256410),(1925,26,'2018-03-10',117,2366120),(1926,26,'2018-03-11',112,2358310),(1927,26,'2018-03-12',127,2273850),(1928,26,'2018-03-13',128,2318180),(1929,26,'2018-03-14',119,2388930),(1930,26,'2018-03-15',118,2445270),(1931,26,'2018-03-16',126,2451620),(1932,26,'2018-03-17',113,2388030),(1933,26,'2018-03-18',106,2517690),(1934,26,'2018-03-19',122,2416700),(1935,26,'2018-03-20',135,2003430),(1936,26,'2018-03-21',150,2441680),(1937,26,'2018-03-22',139,2581250),(1938,26,'2018-03-23',145,2585390),(1939,26,'2018-03-24',124,2559000),(1940,26,'2018-03-25',119,2586410),(1941,26,'2018-03-26',136,2515620),(1942,26,'2018-03-27',135,2442890),(1943,26,'2018-03-28',138,2490680),(1944,26,'2018-03-29',141,2467860),(1945,26,'2018-03-30',138,2378230),(1946,26,'2018-03-31',130,2416040),(1947,27,'2018-08-31',124,2220690),(1948,27,'2018-09-01',115,2497210),(1949,27,'2018-09-02',112,2487460),(1950,27,'2018-09-03',128,2337940),(1951,27,'2018-09-04',134,2354130),(1952,27,'2018-09-05',127,2381670),(1953,27,'2018-09-06',125,2317290),(1954,27,'2018-09-07',138,1997600),(1955,27,'2018-09-08',124,2014770),(1956,27,'2018-09-09',122,2024640),(1957,27,'2018-09-10',142,2071330),(1958,27,'2018-09-11',132,2056410),(1959,27,'2018-09-12',139,2074210),(1960,27,'2018-09-13',120,2120400),(1961,27,'2018-09-14',120,2089080),(1962,27,'2018-09-15',106,2109010),(1963,27,'2018-09-16',114,2173960),(1964,27,'2018-09-17',125,2122010),(1965,27,'2018-09-18',132,2108590),(1966,27,'2018-09-19',136,2016400),(1967,27,'2018-09-20',132,2177940),(1968,27,'2018-09-21',138,2165090),(1969,27,'2018-09-22',133,2144200),(1970,27,'2018-09-23',154,2055140),(1971,27,'2018-09-24',157,2045560),(1972,27,'2018-09-25',177,1936190),(1973,27,'2018-09-26',195,1950620),(1974,27,'2018-09-27',188,1983480),(1975,27,'2018-09-28',185,1952190),(1976,27,'2018-09-29',158,1976450),(1977,27,'2018-09-30',146,2009680),(1978,28,'2016-12-31',228,779747),(1979,28,'2017-01-01',227,884220),(1980,28,'2017-01-02',302,918886),(1981,28,'2017-01-03',322,992720),(1982,28,'2017-01-04',353,979447),(1983,28,'2017-01-05',359,966928),(1984,28,'2017-01-06',234,940198),(1985,28,'2017-01-07',233,941489),(1986,28,'2017-01-08',234,917361),(1987,28,'2017-01-09',321,941063),(1988,28,'2017-01-10',294,890281),(1989,28,'2017-01-11',213,884463),(1990,28,'2017-01-12',252,909957),(1991,28,'2017-01-13',310,862574),(1992,28,'2017-01-14',209,903189),(1993,28,'2017-01-15',219,912555),(1994,28,'2017-01-16',335,867844),(1995,28,'2017-01-17',348,794699),(1996,28,'2017-01-18',326,791639),(1997,28,'2017-01-19',303,751700),(1998,28,'2017-01-20',309,794102),(1999,28,'2017-01-21',219,854156),(2000,28,'2017-01-22',208,853435),(2001,28,'2017-01-23',319,826635),(2002,28,'2017-01-24',353,838189),(2003,28,'2017-01-25',380,809708),(2004,28,'2017-01-26',341,698067),(2005,28,'2017-01-27',356,796712),(2006,28,'2017-01-28',243,815406),(2007,28,'2017-01-29',204,826017),(2008,28,'2017-01-30',334,817543),(2009,29,'2018-01-31',502,1832430),(2010,29,'2018-02-01',522,1903460),(2011,29,'2018-02-02',503,1912890),(2012,29,'2018-02-03',415,1835660),(2013,29,'2018-02-04',414,1818940),(2014,29,'2018-02-05',489,1765430),(2015,29,'2018-02-06',512,1858080),(2016,29,'2018-02-07',493,1911570),(2017,29,'2018-02-08',495,1992130),(2018,29,'2018-02-09',493,1954020),(2019,29,'2018-02-10',426,2026710),(2020,29,'2018-02-11',424,2021790),(2021,29,'2018-02-12',494,1866590),(2022,29,'2018-02-13',502,1921790),(2023,29,'2018-02-14',503,1929970),(2024,29,'2018-02-15',518,1937860),(2025,29,'2018-02-16',521,1919840),(2026,29,'2018-02-17',425,1962580),(2027,29,'2018-02-18',426,2023760),(2028,29,'2018-02-19',441,2019250),(2029,29,'2018-02-20',531,2007500),(2030,29,'2018-02-21',563,1982650),(2031,29,'2018-02-22',518,2030340),(2032,29,'2018-02-23',529,1964120),(2033,29,'2018-02-24',426,2116750),(2034,29,'2018-02-25',440,2158280),(2035,29,'2018-02-26',506,2033790),(2036,29,'2018-02-27',560,1973070),(2037,30,'2018-03-01',538,2668020),(2038,30,'2018-03-02',526,2449810),(2039,30,'2018-03-03',436,2406200),(2040,30,'2018-03-04',438,2471820),(2041,30,'2018-03-05',538,2418470),(2042,30,'2018-03-06',556,2418930),(2043,30,'2018-03-07',548,2340060),(2044,30,'2018-03-08',571,2344350),(2045,30,'2018-03-09',543,2256410),(2046,30,'2018-03-10',469,2366120),(2047,30,'2018-03-11',453,2358310),(2048,30,'2018-03-12',544,2273850),(2049,30,'2018-03-13',584,2318180),(2050,30,'2018-03-14',567,2388930),(2051,30,'2018-03-15',539,2445270),(2052,30,'2018-03-16',533,2451620),(2053,30,'2018-03-17',507,2388030),(2054,30,'2018-03-18',434,2517690),(2055,30,'2018-03-19',563,2416700),(2056,30,'2018-03-20',535,2003430),(2057,30,'2018-03-21',585,2441680),(2058,30,'2018-03-22',565,2581250),(2059,30,'2018-03-23',551,2585390),(2060,30,'2018-03-24',500,2559000),(2061,30,'2018-03-25',455,2586410),(2062,30,'2018-03-26',542,2515620),(2063,30,'2018-03-27',561,2442890),(2064,30,'2018-03-28',535,2490680),(2065,30,'2018-03-29',575,2467860),(2066,30,'2018-03-30',544,2378230),(2067,30,'2018-03-31',431,2416040),(2068,31,'2016-03-31',NULL,4629.29),(2069,31,'2016-04-01',NULL,2947.47),(2070,31,'2016-04-02',NULL,2933.49),(2071,31,'2016-04-03',NULL,3578.29),(2072,31,'2016-04-04',NULL,4334.75),(2073,31,'2016-04-05',NULL,4309.29),(2074,31,'2016-04-06',NULL,4884.21),(2075,31,'2016-04-07',NULL,2593.22),(2076,31,'2016-04-08',NULL,2540.14),(2077,31,'2016-04-09',NULL,2503.66),(2078,31,'2016-04-10',NULL,2190.77),(2079,31,'2016-04-11',NULL,2290.34),(2080,31,'2016-04-12',NULL,1906.73),(2081,31,'2016-04-13',NULL,4344.92),(2082,31,'2016-04-14',NULL,21418.2),(2083,31,'2016-04-15',NULL,18338.2),(2084,31,'2016-04-16',NULL,16686.8),(2085,31,'2016-04-17',NULL,15782.8),(2086,31,'2016-04-18',7,15691.3),(2087,31,'2016-04-19',NULL,15530.1),(2088,31,'2016-04-20',NULL,3214.18),(2089,31,'2016-04-21',217,12942.6),(2090,31,'2016-04-22',592,34046.9),(2091,31,'2016-04-23',621,36777.7),(2092,31,'2016-04-24',627,38805),(2093,31,'2016-04-25',632,38951.2),(2094,31,'2016-04-26',635,52426.2),(2095,31,'2016-04-27',623,57181.8),(2096,31,'2016-04-28',625,58534.2),(2097,31,'2016-04-29',607,54084.4),(2098,32,'2018-04-01',409,2488920),(2099,32,'2018-04-02',517,1928380),(2100,32,'2018-04-03',506,1885220),(2101,32,'2018-04-04',563,1959230),(2102,32,'2018-04-05',524,1936620),(2103,32,'2018-04-06',474,2051640),(2104,32,'2018-04-07',483,2064050),(2105,32,'2018-04-08',473,2174080),(2106,32,'2018-04-09',448,2094570),(2107,32,'2018-04-10',555,1950250),(2108,32,'2018-04-11',563,2062250),(2109,32,'2018-04-12',563,1985810),(2110,32,'2018-04-13',573,1871330),(2111,32,'2018-04-14',470,2044830),(2112,32,'2018-04-15',479,1976320),(2113,32,'2018-04-16',608,2020420),(2114,32,'2018-04-17',542,1924040),(2115,32,'2018-04-18',576,1971120),(2116,32,'2018-04-19',593,2039020),(2117,32,'2018-04-20',683,2105490),(2118,32,'2018-04-21',642,2121430),(2119,32,'2018-04-22',620,1960350),(2120,32,'2018-04-23',707,1911430),(2121,32,'2018-04-24',736,1983320),(2122,32,'2018-04-25',794,2120780),(2123,32,'2018-04-26',788,2133760),(2124,32,'2018-04-27',817,2139540),(2125,32,'2018-04-28',757,2035610),(2126,32,'2018-04-29',826,1978930),(2127,32,'2018-04-30',883,1989460),(2128,33,'2018-05-01',831,2653640),(2129,33,'2018-05-02',861,2072600),(2130,33,'2018-05-03',876,2040860),(2131,33,'2018-05-04',850,1997650),(2132,33,'2018-05-05',807,2120220),(2133,33,'2018-05-06',779,2193870),(2134,33,'2018-05-07',817,2044670),(2135,33,'2018-05-08',843,1973000),(2136,33,'2018-05-09',932,1996760),(2137,33,'2018-05-10',912,2022700),(2138,33,'2018-05-11',918,2051200),(2139,33,'2018-05-12',753,2137720),(2140,33,'2018-05-13',773,2098070),(2141,33,'2018-05-14',866,2115010),(2142,33,'2018-05-15',900,2107640),(2143,33,'2018-05-16',900,2109560),(2144,33,'2018-05-17',910,2094560),(2145,33,'2018-05-18',923,2205810),(2146,33,'2018-05-19',820,2057830),(2147,33,'2018-05-20',809,2184110),(2148,33,'2018-05-21',915,2081090),(2149,33,'2018-05-22',912,2083180),(2150,33,'2018-05-23',884,2011740),(2151,33,'2018-05-24',858,1963040),(2152,33,'2018-05-25',901,2200000),(2153,33,'2018-05-26',852,2436340),(2154,33,'2018-05-27',846,2429700),(2155,33,'2018-05-28',837,2288310),(2156,33,'2018-05-29',915,2174650),(2157,33,'2018-05-30',915,2205320),(2158,33,'2018-05-31',936,2252110),(2159,34,'2017-05-31',435,1019540),(2160,34,'2017-06-01',412,996145),(2161,34,'2017-06-02',403,997095),(2162,34,'2017-06-03',319,1046620),(2163,34,'2017-06-04',293,1043130),(2164,34,'2017-06-05',293,1126700),(2165,34,'2017-06-06',412,1087700),(2166,34,'2017-06-07',436,1090870),(2167,34,'2017-06-08',426,996888),(2168,34,'2017-06-09',430,937610),(2169,34,'2017-06-10',283,918002),(2170,34,'2017-06-11',322,901317),(2171,34,'2017-06-12',418,939845),(2172,34,'2017-06-13',470,1020950),(2173,34,'2017-06-14',433,1044420),(2174,34,'2017-06-15',409,1005300),(2175,34,'2017-06-16',439,1062960),(2176,34,'2017-06-17',298,948915),(2177,34,'2017-06-18',280,1012320),(2178,34,'2017-06-19',424,982633),(2179,34,'2017-06-20',464,999816),(2180,34,'2017-06-21',449,963791),(2181,34,'2017-06-22',380,945506),(2182,34,'2017-06-23',429,1160800),(2183,34,'2017-06-24',319,975545),(2184,34,'2017-06-25',306,840804),(2185,34,'2017-06-26',419,797291),(2186,34,'2017-06-27',431,880796),(2187,34,'2017-06-28',425,942476),(2188,34,'2017-06-29',426,935154),(2189,35,'2018-06-01',980,2794170),(2190,35,'2018-06-02',878,2368580),(2191,35,'2018-06-03',870,2350130),(2192,35,'2018-06-04',910,2302360),(2193,35,'2018-06-05',914,2302120),(2194,35,'2018-06-06',907,2265660),(2195,35,'2018-06-07',953,2272510),(2196,35,'2018-06-08',929,2261850),(2197,35,'2018-06-09',825,2377530),(2198,35,'2018-06-10',886,2458000),(2199,35,'2018-06-11',947,2362600),(2200,35,'2018-06-12',914,2260570),(2201,35,'2018-06-13',907,2297640),(2202,35,'2018-06-14',886,2290770),(2203,35,'2018-06-15',881,2230970),(2204,35,'2018-06-16',772,2260650),(2205,35,'2018-06-17',786,2207650),(2206,35,'2018-06-18',876,2012450),(2207,35,'2018-06-19',889,2089060),(2208,35,'2018-06-20',866,2028770),(2209,35,'2018-06-21',881,2118140),(2210,35,'2018-06-22',863,2319910),(2211,35,'2018-06-23',811,2265850),(2212,35,'2018-06-24',898,2267330),(2213,35,'2018-06-25',1046,2205040),(2214,35,'2018-06-26',980,2215970),(2215,35,'2018-06-27',955,2198230),(2216,35,'2018-06-28',926,4209650),(2217,35,'2018-06-29',870,3992400),(2218,35,'2018-06-30',737,3872230),(2219,36,'2018-07-01',754,2262890),(2220,36,'2018-07-02',828,2022790),(2221,36,'2018-07-03',831,2135070),(2222,36,'2018-07-04',864,2083700),(2223,36,'2018-07-05',835,2035330),(2224,36,'2018-07-06',834,2143780),(2225,36,'2018-07-07',724,2019640),(2226,36,'2018-07-08',749,2065400),(2227,36,'2018-07-09',807,2086540),(2228,36,'2018-07-10',730,1884200),(2229,36,'2018-07-11',737,1882330),(2230,36,'2018-07-12',741,1875890),(2231,36,'2018-07-13',717,1912430),(2232,36,'2018-07-14',642,1965030),(2233,36,'2018-07-15',609,1967570),(2234,36,'2018-07-16',723,1815420),(2235,36,'2018-07-17',738,1858140),(2236,36,'2018-07-18',704,1786080),(2237,36,'2018-07-19',657,1781270),(2238,36,'2018-07-20',689,1927380),(2239,36,'2018-07-21',619,1951150),(2240,36,'2018-07-22',596,1881250),(2241,36,'2018-07-23',697,1896910),(2242,36,'2018-07-24',672,1989470),(2243,36,'2018-07-25',642,2040460),(2244,36,'2018-07-26',544,1978160),(2245,36,'2018-07-27',581,1976120),(2246,36,'2018-07-28',509,2068040),(2247,36,'2018-07-29',481,1935090),(2248,36,'2018-07-30',581,1919900),(2249,36,'2018-07-31',564,1871380),(2250,37,'2018-08-31',589,2220690),(2251,37,'2018-09-01',454,2497210),(2252,37,'2018-09-02',481,2487460),(2253,37,'2018-09-03',693,2337940),(2254,37,'2018-09-04',636,2354130),(2255,37,'2018-09-05',603,2381670),(2256,37,'2018-09-06',589,2317290),(2257,37,'2018-09-07',611,1997600),(2258,37,'2018-09-08',471,2014770),(2259,37,'2018-09-09',489,2024640),(2260,37,'2018-09-10',555,2071330),(2261,37,'2018-09-11',556,2056410),(2262,37,'2018-09-12',567,2074210),(2263,37,'2018-09-13',556,2120400),(2264,37,'2018-09-14',619,2089080),(2265,37,'2018-09-15',527,2109010),(2266,37,'2018-09-16',529,2173960),(2267,37,'2018-09-17',643,2122010),(2268,37,'2018-09-18',649,2108590),(2269,37,'2018-09-19',619,2016400),(2270,37,'2018-09-20',621,2177940),(2271,37,'2018-09-21',607,2165090),(2272,37,'2018-09-22',531,2144200),(2273,37,'2018-09-23',552,2055140),(2274,37,'2018-09-24',651,2045560),(2275,37,'2018-09-25',679,1936190),(2276,37,'2018-09-26',681,1950620),(2277,37,'2018-09-27',653,1983480),(2278,37,'2018-09-28',643,1952190),(2279,37,'2018-09-29',553,1976450),(2280,37,'2018-09-30',564,2009680),(2281,38,'2016-09-30',492,613808),(2282,38,'2016-10-01',408,677216),(2283,38,'2016-10-02',395,667753),(2284,38,'2016-10-03',488,640752),(2285,38,'2016-10-04',486,607052),(2286,38,'2016-10-05',537,652465),(2287,38,'2016-10-06',486,662726),(2288,38,'2016-10-07',512,684877),(2289,38,'2016-10-08',409,703266),(2290,38,'2016-10-09',411,714769),(2291,38,'2016-10-10',503,734888),(2292,38,'2016-10-11',486,716129),(2293,38,'2016-10-12',489,664962),(2294,38,'2016-10-13',483,698373),(2295,38,'2016-10-14',495,731472),(2296,38,'2016-10-15',397,734996),(2297,38,'2016-10-16',403,727059),(2298,38,'2016-10-17',490,738709),(2299,38,'2016-10-18',484,752200),(2300,38,'2016-10-19',445,785322),(2301,38,'2016-10-20',446,754831),(2302,38,'2016-10-21',460,771267),(2303,38,'2016-10-22',359,766334),(2304,38,'2016-10-23',359,777861),(2305,38,'2016-10-24',446,733276),(2306,38,'2016-10-25',439,747711),(2307,38,'2016-10-26',392,812006),(2308,38,'2016-10-27',406,786335),(2309,38,'2016-10-28',338,784472),(2310,38,'2016-10-29',331,798213),(2311,38,'2016-10-30',350,800603),(2312,38,'2016-10-31',439,785552),(2313,39,'2017-12-30',71,233162),(2314,39,'2017-12-31',73,462175),(2315,39,'2018-01-01',85,468822),(2316,39,'2018-01-02',90,502270),(2317,39,'2018-01-03',87,501763),(2318,39,'2018-01-04',85,491080),(2319,39,'2018-01-05',91,484214),(2320,39,'2018-01-06',73,467059),(2321,39,'2018-01-07',69,472585),(2322,39,'2018-01-08',75,474207),(2323,39,'2018-01-09',82,499832),(2324,39,'2018-01-10',81,489048),(2325,39,'2018-01-11',82,449390),(2326,39,'2018-01-12',81,474939),(2327,39,'2018-01-13',69,497237),(2328,39,'2018-01-14',70,524093),(2329,39,'2018-01-15',76,516398),(2330,39,'2018-01-16',89,486358),(2331,39,'2018-01-17',84,509252),(2332,39,'2018-01-18',71,482896),(2333,39,'2018-01-19',69,458968),(2334,39,'2018-01-20',55,494905),(2335,39,'2018-01-21',58,508074),(2336,39,'2018-01-22',70,483991),(2337,39,'2018-01-23',71,480044),(2338,39,'2018-01-24',71,487819),(2339,39,'2018-01-25',71,506710),(2340,39,'2018-01-26',68,466834),(2341,39,'2018-01-27',63,479977),(2342,39,'2018-01-28',61,494965),(2343,39,'2018-01-29',74,417314),(2344,40,'2018-01-31',77,1832430),(2345,40,'2018-02-01',77,1903460),(2346,40,'2018-02-02',77,1912890),(2347,40,'2018-02-03',62,1835660),(2348,40,'2018-02-04',65,1818940),(2349,40,'2018-02-05',77,1765430),(2350,40,'2018-02-06',81,1858080),(2351,40,'2018-02-07',73,1911570),(2352,40,'2018-02-08',70,1992130),(2353,40,'2018-02-09',70,1954020),(2354,40,'2018-02-10',70,2026710),(2355,40,'2018-02-11',69,2021790),(2356,40,'2018-02-12',84,1866590),(2357,40,'2018-02-13',86,1921790),(2358,40,'2018-02-14',82,1929970),(2359,40,'2018-02-15',84,1937860),(2360,40,'2018-02-16',82,1919840),(2361,40,'2018-02-17',69,1962580),(2362,40,'2018-02-18',65,2023760),(2363,40,'2018-02-19',75,2019250),(2364,40,'2018-02-20',76,2007500),(2365,40,'2018-02-21',73,1982650),(2366,40,'2018-02-22',81,2030340),(2367,40,'2018-02-23',76,1964120),(2368,40,'2018-02-24',70,2116750),(2369,40,'2018-02-25',66,2158280),(2370,40,'2018-02-26',81,2033790),(2371,40,'2018-02-27',81,1973070),(2372,41,'2018-03-01',78,2668020),(2373,41,'2018-03-02',81,2449810),(2374,41,'2018-03-03',68,2406200),(2375,41,'2018-03-04',62,2471820),(2376,41,'2018-03-05',83,2418470),(2377,41,'2018-03-06',74,2418930),(2378,41,'2018-03-07',72,2340060),(2379,41,'2018-03-08',76,2344350),(2380,41,'2018-03-09',73,2256410),(2381,41,'2018-03-10',50,2366120),(2382,41,'2018-03-11',49,2358310),(2383,41,'2018-03-12',70,2273850),(2384,41,'2018-03-13',71,2318180),(2385,41,'2018-03-14',70,2388930),(2386,41,'2018-03-15',73,2445270),(2387,41,'2018-03-16',71,2451620),(2388,41,'2018-03-17',58,2388030),(2389,41,'2018-03-18',61,2517690),(2390,41,'2018-03-19',72,2416700),(2391,41,'2018-03-20',71,2003430),(2392,41,'2018-03-21',74,2441680),(2393,41,'2018-03-22',71,2581250),(2394,41,'2018-03-23',72,2585390),(2395,41,'2018-03-24',57,2559000),(2396,41,'2018-03-25',53,2586410),(2397,41,'2018-03-26',70,2515620),(2398,41,'2018-03-27',70,2442890),(2399,41,'2018-03-28',75,2490680),(2400,41,'2018-03-29',67,2467860),(2401,41,'2018-03-30',62,2378230),(2402,41,'2018-03-31',41,2416040),(2403,42,'2018-08-31',7,2220690),(2404,42,'2018-09-01',6,2497210),(2405,42,'2018-09-02',6,2487460),(2406,42,'2018-09-03',6,2337940),(2407,42,'2018-09-04',6,2354130),(2408,42,'2018-09-05',6,2381670),(2409,42,'2018-09-06',6,2317290),(2410,42,'2018-09-07',6,1997600),(2411,42,'2018-09-08',7,2014770),(2412,42,'2018-09-09',6,2024640),(2413,42,'2018-09-10',6,2071330),(2414,42,'2018-09-11',6,2056410),(2415,42,'2018-09-12',6,2074210),(2416,42,'2018-09-13',8,2120400),(2417,42,'2018-09-14',6,2089080),(2418,42,'2018-09-15',6,2109010),(2419,42,'2018-09-16',6,2173960),(2420,42,'2018-09-17',6,2122010),(2421,42,'2018-09-18',6,2108590),(2422,42,'2018-09-19',6,2016400),(2423,42,'2018-09-20',17,2177940),(2424,42,'2018-09-21',17,2165090),(2425,42,'2018-09-22',10,2144200),(2426,42,'2018-09-23',13,2055140),(2427,42,'2018-09-24',6,2045560),(2428,42,'2018-09-25',6,1936190),(2429,42,'2018-09-26',6,1950620),(2430,42,'2018-09-27',6,1983480),(2431,42,'2018-09-28',6,1952190),(2432,42,'2018-09-29',6,1976450),(2433,42,'2018-09-30',6,2009680),(2434,43,'2018-03-01',199,2668020),(2435,43,'2018-03-02',199,2449810),(2436,43,'2018-03-03',146,2406200),(2437,43,'2018-03-04',142,2471820),(2438,43,'2018-03-05',186,2418470),(2439,43,'2018-03-06',218,2418930),(2440,43,'2018-03-07',195,2340060),(2441,43,'2018-03-08',197,2344350),(2442,43,'2018-03-09',206,2256410),(2443,43,'2018-03-10',145,2366120),(2444,43,'2018-03-11',149,2358310),(2445,43,'2018-03-12',210,2273850),(2446,43,'2018-03-13',204,2318180),(2447,43,'2018-03-14',188,2388930),(2448,43,'2018-03-15',191,2445270),(2449,43,'2018-03-16',202,2451620),(2450,43,'2018-03-17',161,2388030),(2451,43,'2018-03-18',164,2517690),(2452,43,'2018-03-19',195,2416700),(2453,43,'2018-03-20',186,2003430),(2454,43,'2018-03-21',185,2441680),(2455,43,'2018-03-22',195,2581250),(2456,43,'2018-03-23',192,2585390),(2457,43,'2018-03-24',145,2559000),(2458,43,'2018-03-25',146,2586410),(2459,43,'2018-03-26',176,2515620),(2460,43,'2018-03-27',188,2442890),(2461,43,'2018-03-28',184,2490680),(2462,43,'2018-03-29',179,2467860),(2463,43,'2018-03-30',173,2378230),(2464,43,'2018-03-31',131,2416040),(2465,44,'2018-04-01',128,2488920),(2466,44,'2018-04-02',167,1928380),(2467,44,'2018-04-03',175,1885220),(2468,44,'2018-04-04',180,1959230),(2469,44,'2018-04-05',170,1936620),(2470,44,'2018-04-06',147,2051640),(2471,44,'2018-04-07',143,2064050),(2472,44,'2018-04-08',145,2174080),(2473,44,'2018-04-09',147,2094570),(2474,44,'2018-04-10',188,1950250),(2475,44,'2018-04-11',186,2062250),(2476,44,'2018-04-12',179,1985810),(2477,44,'2018-04-13',195,1871330),(2478,44,'2018-04-14',168,2044830),(2479,44,'2018-04-15',163,1976320),(2480,44,'2018-04-16',199,2020420),(2481,44,'2018-04-17',204,1924040),(2482,44,'2018-04-18',251,1971120),(2483,44,'2018-04-19',247,2039020),(2484,44,'2018-04-20',262,2105490),(2485,44,'2018-04-21',210,2121430),(2486,44,'2018-04-22',203,1960350),(2487,44,'2018-04-23',235,1911430),(2488,44,'2018-04-24',228,1983320),(2489,44,'2018-04-25',235,2120780),(2490,44,'2018-04-26',252,2133760),(2491,44,'2018-04-27',242,2139540),(2492,44,'2018-04-28',194,2035610),(2493,44,'2018-04-29',207,1978930),(2494,44,'2018-04-30',247,1989460),(2495,45,'2018-05-01',202,2653640),(2496,45,'2018-05-02',246,2072600),(2497,45,'2018-05-03',228,2040860),(2498,45,'2018-05-04',250,1997650),(2499,45,'2018-05-05',198,2120220),(2500,45,'2018-05-06',199,2193870),(2501,45,'2018-05-07',235,2044670),(2502,45,'2018-05-08',243,1973000),(2503,45,'2018-05-09',241,1996760),(2504,45,'2018-05-10',247,2022700),(2505,45,'2018-05-11',269,2051200),(2506,45,'2018-05-12',239,2137720),(2507,45,'2018-05-13',233,2098070),(2508,45,'2018-05-14',264,2115010),(2509,45,'2018-05-15',268,2107640),(2510,45,'2018-05-16',256,2109560),(2511,45,'2018-05-17',252,2094560),(2512,45,'2018-05-18',261,2205810),(2513,45,'2018-05-19',234,2057830),(2514,45,'2018-05-20',233,2184110),(2515,45,'2018-05-21',269,2081090),(2516,45,'2018-05-22',265,2083180),(2517,45,'2018-05-23',252,2011740),(2518,45,'2018-05-24',253,1963040),(2519,45,'2018-05-25',243,2200000),(2520,45,'2018-05-26',233,2436340),(2521,45,'2018-05-27',212,2429700),(2522,45,'2018-05-28',217,2288310),(2523,45,'2018-05-29',244,2174650),(2524,45,'2018-05-30',228,2205320),(2525,45,'2018-05-31',225,2252110),(2526,46,'2018-06-01',241,2794170),(2527,46,'2018-06-02',234,2368580),(2528,46,'2018-06-03',224,2350130),(2529,46,'2018-06-04',278,2302360),(2530,46,'2018-06-05',248,2302120),(2531,46,'2018-06-06',227,2265660),(2532,46,'2018-06-07',238,2272510),(2533,46,'2018-06-08',254,2261850),(2534,46,'2018-06-09',215,2377530),(2535,46,'2018-06-10',218,2458000),(2536,46,'2018-06-11',260,2362600),(2537,46,'2018-06-12',247,2260570),(2538,46,'2018-06-13',236,2297640),(2539,46,'2018-06-14',251,2290770),(2540,46,'2018-06-15',228,2230970),(2541,46,'2018-06-16',219,2260650),(2542,46,'2018-06-17',219,2207650),(2543,46,'2018-06-18',259,2012450),(2544,46,'2018-06-19',267,2089060),(2545,46,'2018-06-20',262,2028770),(2546,46,'2018-06-21',254,2118140),(2547,46,'2018-06-22',261,2319910),(2548,46,'2018-06-23',215,2265850),(2549,46,'2018-06-24',206,2267330),(2550,46,'2018-06-25',251,2205040),(2551,46,'2018-06-26',254,2215970),(2552,46,'2018-06-27',264,2198230),(2553,46,'2018-06-28',264,4209650),(2554,46,'2018-06-29',260,3992400),(2555,46,'2018-06-30',218,3872230),(2556,47,'2018-07-01',210,2262890),(2557,47,'2018-07-02',247,2022790),(2558,47,'2018-07-03',254,2135070),(2559,47,'2018-07-04',250,2083700),(2560,47,'2018-07-05',242,2035330),(2561,47,'2018-07-06',238,2143780),(2562,47,'2018-07-07',206,2019640),(2563,47,'2018-07-08',204,2065400),(2564,47,'2018-07-09',245,2086540),(2565,47,'2018-07-10',225,1884200),(2566,47,'2018-07-11',242,1882330),(2567,47,'2018-07-12',233,1875890),(2568,47,'2018-07-13',216,1912430),(2569,47,'2018-07-14',193,1965030),(2570,47,'2018-07-15',199,1967570),(2571,47,'2018-07-16',243,1815420),(2572,47,'2018-07-17',226,1858140),(2573,47,'2018-07-18',219,1786080),(2574,47,'2018-07-19',224,1781270),(2575,47,'2018-07-20',232,1927380),(2576,47,'2018-07-21',198,1951150),(2577,47,'2018-07-22',194,1881250),(2578,47,'2018-07-23',218,1896910),(2579,47,'2018-07-24',239,1989470),(2580,47,'2018-07-25',206,2040460),(2581,47,'2018-07-26',214,1978160),(2582,47,'2018-07-27',198,1976120),(2583,47,'2018-07-28',183,2068040),(2584,47,'2018-07-29',172,1935090),(2585,47,'2018-07-30',204,1919900),(2586,47,'2018-07-31',201,1871380),(2587,48,'2018-09-01',167,2497210),(2588,48,'2018-09-02',160,2487460),(2589,48,'2018-09-03',209,2337940),(2590,48,'2018-09-04',203,2354130),(2591,48,'2018-09-05',199,2381670),(2592,48,'2018-09-06',220,2317290),(2593,48,'2018-09-07',215,1997600),(2594,48,'2018-09-08',193,2014770),(2595,48,'2018-09-09',192,2024640),(2596,48,'2018-09-10',230,2071330),(2597,48,'2018-09-11',224,2056410),(2598,48,'2018-09-12',217,2074210),(2599,48,'2018-09-13',229,2120400),(2600,48,'2018-09-14',232,2089080),(2601,48,'2018-09-15',181,2109010),(2602,48,'2018-09-16',182,2173960),(2603,48,'2018-09-17',230,2122010),(2604,48,'2018-09-18',235,2108590),(2605,48,'2018-09-19',235,2016400),(2606,48,'2018-09-20',230,2177940),(2607,48,'2018-09-21',215,2165090),(2608,48,'2018-09-22',188,2144200),(2609,48,'2018-09-23',192,2055140),(2610,48,'2018-09-24',224,2045560),(2611,48,'2018-09-25',223,1936190),(2612,48,'2018-09-26',224,1950620),(2613,48,'2018-09-27',222,1983480),(2614,48,'2018-09-28',241,1952190),(2615,48,'2018-09-29',197,1976450),(2616,48,'2018-09-30',201,2009680),(2617,49,'2016-09-30',70,613808),(2618,49,'2016-10-01',64,677216),(2619,49,'2016-10-02',68,667753),(2620,49,'2016-10-03',80,640752),(2621,49,'2016-10-04',77,607052),(2622,49,'2016-10-05',77,652465),(2623,49,'2016-10-06',74,662726),(2624,49,'2016-10-07',83,684877),(2625,49,'2016-10-08',65,703266),(2626,49,'2016-10-09',61,714769),(2627,49,'2016-10-10',85,734888),(2628,49,'2016-10-11',86,716129),(2629,49,'2016-10-12',69,664962),(2630,49,'2016-10-13',72,698373),(2631,49,'2016-10-14',74,731472),(2632,49,'2016-10-15',58,734996),(2633,49,'2016-10-16',54,727059),(2634,49,'2016-10-17',72,738709),(2635,49,'2016-10-18',76,752200),(2636,49,'2016-10-19',77,785322),(2637,49,'2016-10-20',81,754831),(2638,49,'2016-10-21',91,771267),(2639,49,'2016-10-22',60,766334),(2640,49,'2016-10-23',67,777861),(2641,49,'2016-10-24',78,733276),(2642,49,'2016-10-25',78,747711),(2643,49,'2016-10-26',84,812006),(2644,49,'2016-10-27',80,786335),(2645,49,'2016-10-28',64,784472),(2646,49,'2016-10-29',63,798213),(2647,49,'2016-10-30',65,800603),(2648,49,'2016-10-31',81,785552),(2649,50,'2016-12-31',552,779747),(2650,50,'2017-01-01',613,884220),(2651,50,'2017-01-02',719,918886),(2652,50,'2017-01-03',746,992720),(2653,50,'2017-01-04',730,979447),(2654,50,'2017-01-05',700,966928),(2655,50,'2017-01-06',617,940198),(2656,50,'2017-01-07',559,941489),(2657,50,'2017-01-08',565,917361),(2658,50,'2017-01-09',654,941063),(2659,50,'2017-01-10',632,890281),(2660,50,'2017-01-11',636,884463),(2661,50,'2017-01-12',686,909957),(2662,50,'2017-01-13',662,862574),(2663,50,'2017-01-14',623,903189),(2664,50,'2017-01-15',679,912555),(2665,50,'2017-01-16',693,867844),(2666,50,'2017-01-17',668,794699),(2667,50,'2017-01-18',695,791639),(2668,50,'2017-01-19',706,751700),(2669,50,'2017-01-20',654,794102),(2670,50,'2017-01-21',611,854156),(2671,50,'2017-01-22',600,853435),(2672,50,'2017-01-23',665,826635),(2673,50,'2017-01-24',665,838189),(2674,50,'2017-01-25',700,809708),(2675,50,'2017-01-26',660,698067),(2676,50,'2017-01-27',640,796712),(2677,50,'2017-01-28',620,815406),(2678,50,'2017-01-29',623,826017),(2679,50,'2017-01-30',707,817543),(2680,51,'2018-03-01',921,2668020),(2681,51,'2018-03-02',931,2449810),(2682,51,'2018-03-03',826,2406200),(2683,51,'2018-03-04',778,2471820),(2684,51,'2018-03-05',918,2418470),(2685,51,'2018-03-06',920,2418930),(2686,51,'2018-03-07',870,2340060),(2687,51,'2018-03-08',819,2344350),(2688,51,'2018-03-09',850,2256410),(2689,51,'2018-03-10',728,2366120),(2690,51,'2018-03-11',702,2358310),(2691,51,'2018-03-12',844,2273850),(2692,51,'2018-03-13',816,2318180),(2693,51,'2018-03-14',823,2388930),(2694,51,'2018-03-15',801,2445270),(2695,51,'2018-03-16',786,2451620),(2696,51,'2018-03-17',697,2388030),(2697,51,'2018-03-18',669,2517690),(2698,51,'2018-03-19',786,2416700),(2699,51,'2018-03-20',767,2003430),(2700,51,'2018-03-21',832,2441680),(2701,51,'2018-03-22',840,2581250),(2702,51,'2018-03-23',782,2585390),(2703,51,'2018-03-24',658,2559000),(2704,51,'2018-03-25',692,2586410),(2705,51,'2018-03-26',781,2515620),(2706,51,'2018-03-27',786,2442890),(2707,51,'2018-03-28',813,2490680),(2708,51,'2018-03-29',814,2467860),(2709,51,'2018-03-30',832,2378230),(2710,51,'2018-03-31',697,2416040),(2711,52,'2018-06-01',829,2794170),(2712,52,'2018-06-02',781,2368580),(2713,52,'2018-06-03',714,2350130),(2714,52,'2018-06-04',849,2302360),(2715,52,'2018-06-05',881,2302120),(2716,52,'2018-06-06',832,2265660),(2717,52,'2018-06-07',841,2272510),(2718,52,'2018-06-08',852,2261850),(2719,52,'2018-06-09',720,2377530),(2720,52,'2018-06-10',832,2458000),(2721,52,'2018-06-11',966,2362600),(2722,52,'2018-06-12',889,2260570),(2723,52,'2018-06-13',909,2297640),(2724,52,'2018-06-14',852,2290770),(2725,52,'2018-06-15',866,2230970),(2726,52,'2018-06-16',741,2260650),(2727,52,'2018-06-17',687,2207650),(2728,52,'2018-06-18',863,2012450),(2729,52,'2018-06-19',895,2089060),(2730,52,'2018-06-20',747,2028770),(2731,52,'2018-06-21',744,2118140),(2732,52,'2018-06-22',757,2319910),(2733,52,'2018-06-23',605,2265850),(2734,52,'2018-06-24',616,2267330),(2735,52,'2018-06-25',792,2205040),(2736,52,'2018-06-26',781,2215970),(2737,52,'2018-06-27',792,2198230),(2738,52,'2018-06-28',798,4209650),(2739,52,'2018-06-29',763,3992400),(2740,52,'2018-06-30',678,3872230),(2741,53,'2018-07-01',639,2262890),(2742,53,'2018-07-02',804,2022790),(2743,53,'2018-07-03',744,2135070),(2744,53,'2018-07-04',786,2083700),(2745,53,'2018-07-05',794,2035330),(2746,53,'2018-07-06',756,2143780),(2747,53,'2018-07-07',638,2019640),(2748,53,'2018-07-08',631,2065400),(2749,53,'2018-07-09',754,2086540),(2750,53,'2018-07-10',697,1884200),(2751,53,'2018-07-11',710,1882330),(2752,53,'2018-07-12',726,1875890),(2753,53,'2018-07-13',707,1912430),(2754,53,'2018-07-14',628,1965030),(2755,53,'2018-07-15',592,1967570),(2756,53,'2018-07-16',687,1815420),(2757,53,'2018-07-17',653,1858140),(2758,53,'2018-07-18',636,1786080),(2759,53,'2018-07-19',662,1781270),(2760,53,'2018-07-20',643,1927380),(2761,53,'2018-07-21',560,1951150),(2762,53,'2018-07-22',572,1881250),(2763,53,'2018-07-23',692,1896910),(2764,53,'2018-07-24',653,1989470),(2765,53,'2018-07-25',653,2040460),(2766,53,'2018-07-26',643,1978160),(2767,53,'2018-07-27',679,1976120),(2768,53,'2018-07-28',580,2068040),(2769,53,'2018-07-29',608,1935090),(2770,53,'2018-07-30',651,1919900),(2771,53,'2018-07-31',679,1871380),(2772,54,'2018-01-31',958,1832430),(2773,54,'2018-02-01',958,1903460),(2774,54,'2018-02-02',915,1912890),(2775,54,'2018-02-03',797,1835660),(2776,54,'2018-02-04',797,1818940),(2777,54,'2018-02-05',956,1765430),(2778,54,'2018-02-06',926,1858080),(2779,54,'2018-02-07',907,1911570),(2780,54,'2018-02-08',966,1992130),(2781,54,'2018-02-09',979,1954020),(2782,54,'2018-02-10',721,2026710),(2783,54,'2018-02-11',764,2021790),(2784,54,'2018-02-12',936,1866590),(2785,54,'2018-02-13',893,1921790),(2786,54,'2018-02-14',940,1929970),(2787,54,'2018-02-15',860,1937860),(2788,54,'2018-02-16',816,1919840),(2789,54,'2018-02-17',759,1962580),(2790,54,'2018-02-18',763,2023760),(2791,54,'2018-02-19',714,2019250),(2792,54,'2018-02-20',826,2007500),(2793,54,'2018-02-21',904,1982650),(2794,54,'2018-02-22',906,2030340),(2795,54,'2018-02-23',900,1964120),(2796,54,'2018-02-24',786,2116750),(2797,54,'2018-02-25',749,2158280),(2798,54,'2018-02-26',912,2033790),(2799,54,'2018-02-27',918,1973070),(2800,55,'2018-04-01',664,2488920),(2801,55,'2018-04-02',734,1928380),(2802,55,'2018-04-03',788,1885220),(2803,55,'2018-04-04',823,1959230),(2804,55,'2018-04-05',811,1936620),(2805,55,'2018-04-06',658,2051640),(2806,55,'2018-04-07',672,2064050),(2807,55,'2018-04-08',685,2174080),(2808,55,'2018-04-09',717,2094570),(2809,55,'2018-04-10',734,1950250),(2810,55,'2018-04-11',733,2062250),(2811,55,'2018-04-12',804,1985810),(2812,55,'2018-04-13',803,1871330),(2813,55,'2018-04-14',737,2044830),(2814,55,'2018-04-15',728,1976320),(2815,55,'2018-04-16',857,2020420),(2816,55,'2018-04-17',867,1924040),(2817,55,'2018-04-18',866,1971120),(2818,55,'2018-04-19',861,2039020),(2819,55,'2018-04-20',829,2105490),(2820,55,'2018-04-21',690,2121430),(2821,55,'2018-04-22',636,1960350),(2822,55,'2018-04-23',900,1911430),(2823,55,'2018-04-24',920,1983320),(2824,55,'2018-04-25',858,2120780),(2825,55,'2018-04-26',811,2133760),(2826,55,'2018-04-27',879,2139540),(2827,55,'2018-04-28',686,2035610),(2828,55,'2018-04-29',693,1978930),(2829,55,'2018-04-30',846,1989460),(2830,56,'2018-05-01',717,2653640),(2831,56,'2018-05-02',807,2072600),(2832,56,'2018-05-03',852,2040860),(2833,56,'2018-05-04',854,1997650),(2834,56,'2018-05-05',687,2120220),(2835,56,'2018-05-06',658,2193870),(2836,56,'2018-05-07',825,2044670),(2837,56,'2018-05-08',835,1973000),(2838,56,'2018-05-09',852,1996760),(2839,56,'2018-05-10',895,2022700),(2840,56,'2018-05-11',840,2051200),(2841,56,'2018-05-12',700,2137720),(2842,56,'2018-05-13',681,2098070),(2843,56,'2018-05-14',860,2115010),(2844,56,'2018-05-15',822,2107640),(2845,56,'2018-05-16',866,2109560),(2846,56,'2018-05-17',857,2094560),(2847,56,'2018-05-18',872,2205810),(2848,56,'2018-05-19',704,2057830),(2849,56,'2018-05-20',814,2184110),(2850,56,'2018-05-21',803,2081090),(2851,56,'2018-05-22',831,2083180),(2852,56,'2018-05-23',858,2011740),(2853,56,'2018-05-24',817,1963040),(2854,56,'2018-05-25',769,2200000),(2855,56,'2018-05-26',702,2436340),(2856,56,'2018-05-27',706,2429700),(2857,56,'2018-05-28',675,2288310),(2858,56,'2018-05-29',763,2174650),(2859,56,'2018-05-30',786,2205320),(2860,56,'2018-05-31',814,2252110),(2861,57,'2018-08-31',658,2220690),(2862,57,'2018-09-01',605,2497210),(2863,57,'2018-09-02',579,2487460),(2864,57,'2018-09-03',676,2337940),(2865,57,'2018-09-04',649,2354130),(2866,57,'2018-09-05',667,2381670),(2867,57,'2018-09-06',646,2317290),(2868,57,'2018-09-07',636,1997600),(2869,57,'2018-09-08',599,2014770),(2870,57,'2018-09-09',560,2024640),(2871,57,'2018-09-10',653,2071330),(2872,57,'2018-09-11',702,2056410),(2873,57,'2018-09-12',645,2074210),(2874,57,'2018-09-13',662,2120400),(2875,57,'2018-09-14',819,2089080),(2876,57,'2018-09-15',759,2109010),(2877,57,'2018-09-16',693,2173960),(2878,57,'2018-09-17',782,2122010),(2879,57,'2018-09-18',749,2108590),(2880,57,'2018-09-19',720,2016400),(2881,57,'2018-09-20',721,2177940),(2882,57,'2018-09-21',710,2165090),(2883,57,'2018-09-22',639,2144200),(2884,57,'2018-09-23',628,2055140),(2885,57,'2018-09-24',766,2045560),(2886,57,'2018-09-25',717,1936190),(2887,57,'2018-09-26',668,1950620),(2888,57,'2018-09-27',654,1983480),(2889,57,'2018-09-28',724,1952190),(2890,57,'2018-09-29',565,1976450),(2891,57,'2018-09-30',575,2009680),(2892,58,'2018-01-31',168,1832430),(2893,58,'2018-02-01',184,1903460),(2894,58,'2018-02-02',170,1912890),(2895,58,'2018-02-03',153,1835660),(2896,58,'2018-02-04',159,1818940),(2897,58,'2018-02-05',166,1765430),(2898,58,'2018-02-06',176,1858080),(2899,58,'2018-02-07',173,1911570),(2900,58,'2018-02-08',193,1992130),(2901,58,'2018-02-09',176,1954020),(2902,58,'2018-02-10',156,2026710),(2903,58,'2018-02-11',158,2021790),(2904,58,'2018-02-12',168,1866590),(2905,58,'2018-02-13',184,1921790),(2906,58,'2018-02-14',188,1929970),(2907,58,'2018-02-15',184,1937860),(2908,58,'2018-02-16',185,1919840),(2909,58,'2018-02-17',147,1962580),(2910,58,'2018-02-18',149,2023760),(2911,58,'2018-02-19',147,2019250),(2912,58,'2018-02-20',166,2007500),(2913,58,'2018-02-21',187,1982650),(2914,58,'2018-02-22',172,2030340),(2915,58,'2018-02-23',171,1964120),(2916,58,'2018-02-24',159,2116750),(2917,58,'2018-02-25',155,2158280),(2918,58,'2018-02-26',169,2033790),(2919,58,'2018-02-27',181,1973070),(2920,59,'2018-03-01',172,2668020),(2921,59,'2018-03-02',168,2449810),(2922,59,'2018-03-03',160,2406200),(2923,59,'2018-03-04',158,2471820),(2924,59,'2018-03-05',173,2418470),(2925,59,'2018-03-06',179,2418930),(2926,59,'2018-03-07',184,2340060),(2927,59,'2018-03-08',175,2344350),(2928,59,'2018-03-09',176,2256410),(2929,59,'2018-03-10',160,2366120),(2930,59,'2018-03-11',156,2358310),(2931,59,'2018-03-12',182,2273850),(2932,59,'2018-03-13',198,2318180),(2933,59,'2018-03-14',171,2388930),(2934,59,'2018-03-15',177,2445270),(2935,59,'2018-03-16',182,2451620),(2936,59,'2018-03-17',164,2388030),(2937,59,'2018-03-18',169,2517690),(2938,59,'2018-03-19',183,2416700),(2939,59,'2018-03-20',186,2003430),(2940,59,'2018-03-21',292,2441680),(2941,59,'2018-03-22',292,2581250),(2942,59,'2018-03-23',283,2585390),(2943,59,'2018-03-24',252,2559000),(2944,59,'2018-03-25',248,2586410),(2945,59,'2018-03-26',272,2515620),(2946,59,'2018-03-27',269,2442890),(2947,59,'2018-03-28',273,2490680),(2948,59,'2018-03-29',267,2467860),(2949,59,'2018-03-30',270,2378230),(2950,59,'2018-03-31',247,2416040),(2951,60,'2018-04-01',250,2488920),(2952,60,'2018-04-02',262,1928380),(2953,60,'2018-04-03',250,1885220),(2954,60,'2018-04-04',258,1959230),(2955,60,'2018-04-05',253,1936620),(2956,60,'2018-04-06',245,2051640),(2957,60,'2018-04-07',238,2064050),(2958,60,'2018-04-08',230,2174080),(2959,60,'2018-04-09',237,2094570),(2960,60,'2018-04-10',250,1950250),(2961,60,'2018-04-11',258,2062250),(2962,60,'2018-04-12',255,1985810),(2963,60,'2018-04-13',261,1871330),(2964,60,'2018-04-14',239,2044830),(2965,60,'2018-04-15',242,1976320),(2966,60,'2018-04-16',253,2020420),(2967,60,'2018-04-17',263,1924040),(2968,60,'2018-04-18',252,1971120),(2969,60,'2018-04-19',252,2039020),(2970,60,'2018-04-20',267,2105490),(2971,60,'2018-04-21',243,2121430),(2972,60,'2018-04-22',236,1960350),(2973,60,'2018-04-23',248,1911430),(2974,60,'2018-04-24',232,1983320),(2975,60,'2018-04-25',225,2120780),(2976,60,'2018-04-26',243,2133760),(2977,60,'2018-04-27',241,2139540),(2978,60,'2018-04-28',217,2035610),(2979,60,'2018-04-29',218,1978930),(2980,60,'2018-04-30',225,1989460),(2981,61,'2018-05-01',227,2653640),(2982,61,'2018-05-02',233,2072600),(2983,61,'2018-05-03',237,2040860),(2984,61,'2018-05-04',241,1997650),(2985,61,'2018-05-05',213,2120220),(2986,61,'2018-05-06',201,2193870),(2987,61,'2018-05-07',208,2044670),(2988,61,'2018-05-08',204,1973000),(2989,61,'2018-05-09',216,1996760),(2990,61,'2018-05-10',229,2022700),(2991,61,'2018-05-11',232,2051200),(2992,61,'2018-05-12',215,2137720),(2993,61,'2018-05-13',212,2098070),(2994,61,'2018-05-14',222,2115010),(2995,61,'2018-05-15',236,2107640),(2996,61,'2018-05-16',234,2109560),(2997,61,'2018-05-17',244,2094560),(2998,61,'2018-05-18',246,2205810),(2999,61,'2018-05-19',220,2057830),(3000,61,'2018-05-20',219,2184110),(3001,61,'2018-05-21',248,2081090),(3002,61,'2018-05-22',223,2083180),(3003,61,'2018-05-23',237,2011740),(3004,61,'2018-05-24',234,1963040),(3005,61,'2018-05-25',241,2200000),(3006,61,'2018-05-26',217,2436340),(3007,61,'2018-05-27',228,2429700),(3008,61,'2018-05-28',224,2288310),(3009,61,'2018-05-29',248,2174650),(3010,61,'2018-05-30',241,2205320),(3011,61,'2018-05-31',244,2252110),(3012,62,'2018-06-01',248,2794170),(3013,62,'2018-06-02',197,2368580),(3014,62,'2018-06-03',220,2350130),(3015,62,'2018-06-04',244,2302360),(3016,62,'2018-06-05',245,2302120),(3017,62,'2018-06-06',239,2265660),(3018,62,'2018-06-07',258,2272510),(3019,62,'2018-06-08',256,2261850),(3020,62,'2018-06-09',230,2377530),(3021,62,'2018-06-10',239,2458000),(3022,62,'2018-06-11',251,2362600),(3023,62,'2018-06-12',248,2260570),(3024,62,'2018-06-13',268,2297640),(3025,62,'2018-06-14',264,2290770),(3026,62,'2018-06-15',261,2230970),(3027,62,'2018-06-16',234,2260650),(3028,62,'2018-06-17',243,2207650),(3029,62,'2018-06-18',256,2012450),(3030,62,'2018-06-19',245,2089060),(3031,62,'2018-06-20',259,2028770),(3032,62,'2018-06-21',256,2118140),(3033,62,'2018-06-22',262,2319910),(3034,62,'2018-06-23',248,2265850),(3035,62,'2018-06-24',230,2267330),(3036,62,'2018-06-25',252,2205040),(3037,62,'2018-06-26',239,2215970),(3038,62,'2018-06-27',241,2198230),(3039,62,'2018-06-28',232,4209650),(3040,62,'2018-06-29',220,3992400),(3041,62,'2018-06-30',222,3872230),(3042,63,'2018-07-01',223,2262890),(3043,63,'2018-07-02',232,2022790),(3044,63,'2018-07-03',228,2135070),(3045,63,'2018-07-04',239,2083700),(3046,63,'2018-07-05',227,2035330),(3047,63,'2018-07-06',222,2143780),(3048,63,'2018-07-07',208,2019640),(3049,63,'2018-07-08',201,2065400),(3050,63,'2018-07-09',217,2086540),(3051,63,'2018-07-10',217,1884200),(3052,63,'2018-07-11',238,1882330),(3053,63,'2018-07-12',228,1875890),(3054,63,'2018-07-13',222,1912430),(3055,63,'2018-07-14',199,1965030),(3056,63,'2018-07-15',193,1967570),(3057,63,'2018-07-16',197,1815420),(3058,63,'2018-07-17',207,1858140),(3059,63,'2018-07-18',210,1786080),(3060,63,'2018-07-19',212,1781270),(3061,63,'2018-07-20',203,1927380),(3062,63,'2018-07-21',188,1951150),(3063,63,'2018-07-22',193,1881250),(3064,63,'2018-07-23',219,1896910),(3065,63,'2018-07-24',192,1989470),(3066,63,'2018-07-25',206,2040460),(3067,63,'2018-07-26',197,1978160),(3068,63,'2018-07-27',209,1976120),(3069,63,'2018-07-28',196,2068040),(3070,63,'2018-07-29',201,1935090),(3071,63,'2018-07-30',214,1919900),(3072,63,'2018-07-31',224,1871380),(3073,64,'2018-08-31',210,2220690),(3074,64,'2018-09-01',187,2497210),(3075,64,'2018-09-02',183,2487460),(3076,64,'2018-09-03',197,2337940),(3077,64,'2018-09-04',199,2354130),(3078,64,'2018-09-05',212,2381670),(3079,64,'2018-09-06',206,2317290),(3080,64,'2018-09-07',204,1997600),(3081,64,'2018-09-08',205,2014770),(3082,64,'2018-09-09',206,2024640),(3083,64,'2018-09-10',220,2071330),(3084,64,'2018-09-11',224,2056410),(3085,64,'2018-09-12',219,2074210),(3086,64,'2018-09-13',209,2120400),(3087,64,'2018-09-14',226,2089080),(3088,64,'2018-09-15',198,2109010),(3089,64,'2018-09-16',203,2173960),(3090,64,'2018-09-17',226,2122010),(3091,64,'2018-09-18',230,2108590),(3092,64,'2018-09-19',223,2016400),(3093,64,'2018-09-20',234,2177940),(3094,64,'2018-09-21',255,2165090),(3095,64,'2018-09-22',216,2144200),(3096,64,'2018-09-23',227,2055140),(3097,64,'2018-09-24',247,2045560),(3098,64,'2018-09-25',227,1936190),(3099,64,'2018-09-26',241,1950620),(3100,64,'2018-09-27',244,1983480),(3101,64,'2018-09-28',241,1952190),(3102,64,'2018-09-29',205,1976450),(3103,64,'2018-09-30',214,2009680),(3104,65,'2018-03-01',90,2668020),(3105,65,'2018-03-02',90,2449810),(3106,65,'2018-03-03',67,2406200),(3107,65,'2018-03-04',44,2471820),(3108,65,'2018-03-05',89,2418470),(3109,65,'2018-03-06',94,2418930),(3110,65,'2018-03-07',88,2340060),(3111,65,'2018-03-08',101,2344350),(3112,65,'2018-03-09',104,2256410),(3113,65,'2018-03-10',57,2366120),(3114,65,'2018-03-11',48,2358310),(3115,65,'2018-03-12',98,2273850),(3116,65,'2018-03-13',110,2318180),(3117,65,'2018-03-14',90,2388930),(3118,65,'2018-03-15',95,2445270),(3119,65,'2018-03-16',83,2451620),(3120,65,'2018-03-17',46,2388030),(3121,65,'2018-03-18',53,2517690),(3122,65,'2018-03-19',85,2416700),(3123,65,'2018-03-20',58,2003430),(3124,65,'2018-03-21',83,2441680),(3125,65,'2018-03-22',88,2581250),(3126,65,'2018-03-23',104,2585390),(3127,65,'2018-03-24',50,2559000),(3128,65,'2018-03-25',63,2586410),(3129,65,'2018-03-26',94,2515620),(3130,65,'2018-03-27',105,2442890),(3131,65,'2018-03-28',88,2490680),(3132,65,'2018-03-29',103,2467860),(3133,65,'2018-03-30',86,2378230),(3134,65,'2018-03-31',53,2416040),(3135,66,'2018-04-01',59,2488920),(3136,66,'2018-04-02',94,1928380),(3137,66,'2018-04-03',86,1885220),(3138,66,'2018-04-04',97,1959230),(3139,66,'2018-04-05',84,1936620),(3140,66,'2018-04-06',66,2051640),(3141,66,'2018-04-07',48,2064050),(3142,66,'2018-04-08',62,2174080),(3143,66,'2018-04-09',58,2094570),(3144,66,'2018-04-10',81,1950250),(3145,66,'2018-04-11',83,2062250),(3146,66,'2018-04-12',75,1985810),(3147,66,'2018-04-13',71,1871330),(3148,66,'2018-04-14',57,2044830),(3149,66,'2018-04-15',46,1976320),(3150,66,'2018-04-16',98,2020420),(3151,66,'2018-04-17',71,1924040),(3152,66,'2018-04-18',85,1971120),(3153,66,'2018-04-19',101,2039020),(3154,66,'2018-04-20',129,2105490),(3155,66,'2018-04-21',65,2121430),(3156,66,'2018-04-22',71,1960350),(3157,66,'2018-04-23',104,1911430),(3158,66,'2018-04-24',89,1983320),(3159,66,'2018-04-25',109,2120780),(3160,66,'2018-04-26',117,2133760),(3161,66,'2018-04-27',103,2139540),(3162,66,'2018-04-28',63,2035610),(3163,66,'2018-04-29',75,1978930),(3164,66,'2018-04-30',113,1989460),(3165,67,'2018-05-01',77,2653640),(3166,67,'2018-05-02',113,2072600),(3167,67,'2018-05-03',123,2040860),(3168,67,'2018-05-04',124,1997650),(3169,67,'2018-05-05',81,2120220),(3170,67,'2018-05-06',98,2193870),(3171,67,'2018-05-07',133,2044670),(3172,67,'2018-05-08',138,1973000),(3173,67,'2018-05-09',130,1996760),(3174,67,'2018-05-10',142,2022700),(3175,67,'2018-05-11',129,2051200),(3176,67,'2018-05-12',97,2137720),(3177,67,'2018-05-13',84,2098070),(3178,67,'2018-05-14',129,2115010),(3179,67,'2018-05-15',141,2107640),(3180,67,'2018-05-16',153,2109560),(3181,67,'2018-05-17',127,2094560),(3182,67,'2018-05-18',134,2205810),(3183,67,'2018-05-19',95,2057830),(3184,67,'2018-05-20',98,2184110),(3185,67,'2018-05-21',131,2081090),(3186,67,'2018-05-22',131,2083180),(3187,67,'2018-05-23',155,2011740),(3188,67,'2018-05-24',163,1963040),(3189,67,'2018-05-25',164,2200000),(3190,67,'2018-05-26',138,2436340),(3191,67,'2018-05-27',115,2429700),(3192,67,'2018-05-28',129,2288310),(3193,67,'2018-05-29',146,2174650),(3194,67,'2018-05-30',155,2205320),(3195,67,'2018-05-31',161,2252110),(3196,68,'2018-06-01',173,2794170),(3197,68,'2018-06-02',135,2368580),(3198,68,'2018-06-03',126,2350130),(3199,68,'2018-06-04',163,2302360),(3200,68,'2018-06-05',199,2302120),(3201,68,'2018-06-06',208,2265660),(3202,68,'2018-06-07',187,2272510),(3203,68,'2018-06-08',169,2261850),(3204,68,'2018-06-09',135,2377530),(3205,68,'2018-06-10',124,2458000),(3206,68,'2018-06-11',129,2362600),(3207,68,'2018-06-12',158,2260570),(3208,68,'2018-06-13',173,2297640),(3209,68,'2018-06-14',184,2290770),(3210,68,'2018-06-15',156,2230970),(3211,68,'2018-06-16',117,2260650),(3212,68,'2018-06-17',129,2207650),(3213,68,'2018-06-18',157,2012450),(3214,68,'2018-06-19',145,2089060),(3215,68,'2018-06-20',146,2028770),(3216,68,'2018-06-21',172,2118140),(3217,68,'2018-06-22',175,2319910),(3218,68,'2018-06-23',125,2265850),(3219,68,'2018-06-24',127,2267330),(3220,68,'2018-06-25',166,2205040),(3221,68,'2018-06-26',170,2215970),(3222,68,'2018-06-27',159,2198230),(3223,68,'2018-06-28',142,4209650),(3224,68,'2018-06-29',128,3992400),(3225,68,'2018-06-30',119,3872230),(3226,69,'2018-07-01',104,2262890),(3227,69,'2018-07-02',134,2022790),(3228,69,'2018-07-03',149,2135070),(3229,69,'2018-07-04',136,2083700),(3230,69,'2018-07-05',181,2035330),(3231,69,'2018-07-06',160,2143780),(3232,69,'2018-07-07',118,2019640),(3233,69,'2018-07-08',111,2065400),(3234,69,'2018-07-09',146,2086540),(3235,69,'2018-07-10',149,1884200),(3236,69,'2018-07-11',155,1882330),(3237,69,'2018-07-12',174,1875890),(3238,69,'2018-07-13',149,1912430),(3239,69,'2018-07-14',109,1965030),(3240,69,'2018-07-15',107,1967570),(3241,69,'2018-07-16',138,1815420),(3242,69,'2018-07-17',145,1858140),(3243,69,'2018-07-18',136,1786080),(3244,69,'2018-07-19',156,1781270),(3245,69,'2018-07-20',156,1927380),(3246,69,'2018-07-21',117,1951150),(3247,69,'2018-07-22',109,1881250),(3248,69,'2018-07-23',155,1896910),(3249,69,'2018-07-24',171,1989470),(3250,69,'2018-07-25',172,2040460),(3251,69,'2018-07-26',172,1978160),(3252,69,'2018-07-27',182,1976120),(3253,69,'2018-07-28',114,2068040),(3254,69,'2018-07-29',114,1935090),(3255,69,'2018-07-30',151,1919900),(3256,69,'2018-07-31',161,1871380),(3257,70,'2018-09-01',112,2497210),(3258,70,'2018-09-02',103,2487460),(3259,70,'2018-09-03',155,2337940),(3260,70,'2018-09-04',176,2354130),(3261,70,'2018-09-05',145,2381670),(3262,70,'2018-09-06',138,2317290),(3263,70,'2018-09-07',223,1997600),(3264,70,'2018-09-08',230,2014770),(3265,70,'2018-09-09',136,2024640),(3266,70,'2018-09-10',164,2071330),(3267,70,'2018-09-11',216,2056410),(3268,70,'2018-09-12',188,2074210),(3269,70,'2018-09-13',237,2120400),(3270,70,'2018-09-14',207,2089080),(3271,70,'2018-09-15',223,2109010),(3272,70,'2018-09-16',97,2173960),(3273,70,'2018-09-17',261,2122010),(3274,70,'2018-09-18',194,2108590),(3275,70,'2018-09-19',159,2016400),(3276,70,'2018-09-20',181,2177940),(3277,70,'2018-09-21',199,2165090),(3278,70,'2018-09-22',139,2144200),(3279,70,'2018-09-23',119,2055140),(3280,70,'2018-09-24',197,2045560),(3281,70,'2018-09-25',238,1936190),(3282,70,'2018-09-26',210,1950620),(3283,70,'2018-09-27',236,1983480),(3284,70,'2018-09-28',151,1952190),(3285,70,'2018-09-29',109,1976450),(3286,70,'2018-09-30',103,2009680),(3287,71,'2017-12-31',83,462175),(3288,71,'2018-01-01',90,468822),(3289,71,'2018-01-02',93,502270),(3290,71,'2018-01-03',84,501763),(3291,71,'2018-01-04',81,491080),(3292,71,'2018-01-05',99,484214),(3293,71,'2018-01-06',94,467059),(3294,71,'2018-01-07',85,472585),(3295,71,'2018-01-08',106,474207),(3296,71,'2018-01-09',108,499832),(3297,71,'2018-01-10',103,489048),(3298,71,'2018-01-11',101,449390),(3299,71,'2018-01-12',101,474939),(3300,71,'2018-01-13',99,497237),(3301,71,'2018-01-14',97,524093),(3302,71,'2018-01-15',109,516398),(3303,71,'2018-01-16',108,486358),(3304,71,'2018-01-17',123,509252),(3305,71,'2018-01-18',125,482896),(3306,71,'2018-01-19',118,458968),(3307,71,'2018-01-20',122,494905),(3308,71,'2018-01-21',109,508074),(3309,71,'2018-01-22',122,483991),(3310,71,'2018-01-23',109,480044),(3311,71,'2018-01-24',123,487819),(3312,71,'2018-01-25',128,506710),(3313,71,'2018-01-26',126,466834),(3314,71,'2018-01-27',103,479977),(3315,71,'2018-01-28',108,494965),(3316,71,'2018-01-29',105,417314),(3317,71,'2018-01-30',116,216507),(3318,71,'2018-01-31',133,1832430),(3319,72,'2018-02-01',145,1903460),(3320,72,'2018-02-02',123,1912890),(3321,72,'2018-02-03',118,1835660),(3322,72,'2018-02-04',122,1818940),(3323,72,'2018-02-05',92,1765430),(3324,72,'2018-02-06',99,1858080),(3325,72,'2018-02-07',92,1911570),(3326,72,'2018-02-08',98,1992130),(3327,72,'2018-02-09',119,1954020),(3328,72,'2018-02-10',108,2026710),(3329,72,'2018-02-11',108,2021790),(3330,72,'2018-02-12',108,1866590),(3331,72,'2018-02-13',111,1921790),(3332,72,'2018-02-14',105,1929970),(3333,72,'2018-02-15',100,1937860),(3334,72,'2018-02-16',125,1919840),(3335,72,'2018-02-17',120,1962580),(3336,72,'2018-02-18',118,2023760),(3337,72,'2018-02-19',135,2019250),(3338,72,'2018-02-20',125,2007500),(3339,72,'2018-02-21',125,1982650),(3340,72,'2018-02-22',117,2030340),(3341,72,'2018-02-23',118,1964120),(3342,72,'2018-02-24',117,2116750),(3343,72,'2018-02-25',135,2158280),(3344,72,'2018-02-26',126,2033790),(3345,72,'2018-02-27',126,1973070),(3346,73,'2018-03-01',126,2668020),(3347,73,'2018-03-02',142,2449810),(3348,73,'2018-03-03',128,2406200),(3349,73,'2018-03-04',127,2471820),(3350,73,'2018-03-05',142,2418470),(3351,73,'2018-03-06',136,2418930),(3352,73,'2018-03-07',122,2340060),(3353,73,'2018-03-08',105,2344350),(3354,73,'2018-03-09',111,2256410),(3355,73,'2018-03-10',91,2366120),(3356,73,'2018-03-11',93,2358310),(3357,73,'2018-03-12',120,2273850),(3358,73,'2018-03-13',117,2318180),(3359,73,'2018-03-14',131,2388930),(3360,73,'2018-03-15',140,2445270),(3361,73,'2018-03-16',115,2451620),(3362,73,'2018-03-17',99,2388030),(3363,73,'2018-03-18',103,2517690),(3364,73,'2018-03-19',108,2416700),(3365,73,'2018-03-20',104,2003430),(3366,73,'2018-03-21',95,2441680),(3367,73,'2018-03-22',77,2581250),(3368,73,'2018-03-23',90,2585390),(3369,73,'2018-03-24',80,2559000),(3370,73,'2018-03-25',92,2586410),(3371,73,'2018-03-26',111,2515620),(3372,73,'2018-03-27',122,2442890),(3373,73,'2018-03-28',111,2490680),(3374,73,'2018-03-29',110,2467860),(3375,73,'2018-03-30',105,2378230),(3376,73,'2018-03-31',95,2416040),(3377,74,'2018-08-31',160,2220690),(3378,74,'2018-09-01',126,2497210),(3379,74,'2018-09-02',130,2487460),(3380,74,'2018-09-03',142,2337940),(3381,74,'2018-09-04',131,2354130),(3382,74,'2018-09-05',129,2381670),(3383,74,'2018-09-06',139,2317290),(3384,74,'2018-09-07',140,1997600),(3385,74,'2018-09-08',126,2014770),(3386,74,'2018-09-09',144,2024640),(3387,74,'2018-09-10',156,2071330),(3388,74,'2018-09-11',143,2056410),(3389,74,'2018-09-12',147,2074210),(3390,74,'2018-09-13',139,2120400),(3391,74,'2018-09-14',154,2089080),(3392,74,'2018-09-15',116,2109010),(3393,74,'2018-09-16',106,2173960),(3394,74,'2018-09-17',149,2122010),(3395,74,'2018-09-18',125,2108590),(3396,74,'2018-09-19',130,2016400),(3397,74,'2018-09-20',143,2177940),(3398,74,'2018-09-21',129,2165090),(3399,74,'2018-09-22',105,2144200),(3400,74,'2018-09-23',125,2055140),(3401,74,'2018-09-24',139,2045560),(3402,74,'2018-09-25',142,1936190),(3403,74,'2018-09-26',145,1950620),(3404,74,'2018-09-27',131,1983480),(3405,74,'2018-09-28',126,1952190),(3406,74,'2018-09-29',88,1976450),(3407,74,'2018-09-30',89,2009680),(3408,75,'2017-01-01',354,884220),(3409,75,'2017-01-02',397,918886),(3410,75,'2017-01-03',420,992720),(3411,75,'2017-01-04',445,979447),(3412,75,'2017-01-05',420,966928),(3413,75,'2017-01-06',365,940198),(3414,75,'2017-01-07',362,941489),(3415,75,'2017-01-08',352,917361),(3416,75,'2017-01-09',420,941063),(3417,75,'2017-01-10',199,890281),(3418,75,'2017-01-11',365,884463),(3419,75,'2017-01-12',444,909957),(3420,75,'2017-01-13',459,862574),(3421,75,'2017-01-14',389,903189),(3422,75,'2017-01-15',344,912555),(3423,75,'2017-01-16',429,867844),(3424,75,'2017-01-17',425,794699),(3425,75,'2017-01-18',409,791639),(3426,75,'2017-01-19',397,751700),(3427,75,'2017-01-20',433,794102),(3428,75,'2017-01-21',348,854156),(3429,75,'2017-01-22',341,853435),(3430,75,'2017-01-23',433,826635),(3431,75,'2017-01-24',415,838189),(3432,75,'2017-01-25',540,809708),(3433,75,'2017-01-26',561,698067),(3434,75,'2017-01-27',422,796712),(3435,75,'2017-01-28',330,815406),(3436,75,'2017-01-29',337,826017),(3437,75,'2017-01-30',403,817543),(3438,75,'2017-01-31',436,100191),(3439,NULL,'2018-02-01',381,1903460),(3440,NULL,'2018-02-02',371,1912890),(3441,NULL,'2018-02-03',326,1835660),(3442,NULL,'2018-02-04',299,1818940),(3443,NULL,'2018-02-05',357,1765430),(3444,NULL,'2018-02-06',356,1858080),(3445,NULL,'2018-02-07',386,1911570),(3446,NULL,'2018-02-08',377,1992130),(3447,NULL,'2018-02-09',412,1954020),(3448,NULL,'2018-02-10',333,2026710),(3449,NULL,'2018-02-11',331,2021790),(3450,NULL,'2018-02-12',404,1866590),(3451,NULL,'2018-02-13',433,1921790),(3452,NULL,'2018-02-14',429,1929970),(3453,NULL,'2018-02-15',404,1937860),(3454,NULL,'2018-02-16',415,1919840),(3455,NULL,'2018-02-17',344,1962580),(3456,NULL,'2018-02-18',349,2023760),(3457,NULL,'2018-02-19',355,2019250),(3458,NULL,'2018-02-20',436,2007500),(3459,NULL,'2018-02-21',438,1982650),(3460,NULL,'2018-02-22',449,2030340),(3461,NULL,'2018-02-23',451,1964120),(3462,NULL,'2018-02-24',346,2116750),(3463,NULL,'2018-02-25',371,2158280),(3464,NULL,'2018-02-26',428,2033790),(3465,NULL,'2018-02-27',440,1973070),(3466,NULL,'2018-02-28',436,260847),(3467,76,'2018-04-01',316,2488920),(3468,76,'2018-04-02',395,1928380),(3469,76,'2018-04-03',387,1885220),(3470,76,'2018-04-04',451,1959230),(3471,76,'2018-04-05',438,1936620),(3472,76,'2018-04-06',350,2051640),(3473,76,'2018-04-07',369,2064050),(3474,76,'2018-04-08',355,2174080),(3475,76,'2018-04-09',355,2094570),(3476,76,'2018-04-10',403,1950250),(3477,76,'2018-04-11',403,2062250),(3478,76,'2018-04-12',407,1985810),(3479,76,'2018-04-13',393,1871330),(3480,76,'2018-04-14',322,2044830),(3481,76,'2018-04-15',346,1976320),(3482,76,'2018-04-16',428,2020420),(3483,76,'2018-04-17',431,1924040),(3484,76,'2018-04-18',436,1971120),(3485,76,'2018-04-19',402,2039020),(3486,76,'2018-04-20',408,2105490),(3487,76,'2018-04-21',346,2121430),(3488,76,'2018-04-22',350,1960350),(3489,76,'2018-04-23',407,1911430),(3490,76,'2018-04-24',406,1983320),(3491,76,'2018-04-25',386,2120780),(3492,76,'2018-04-26',402,2133760),(3493,76,'2018-04-27',378,2139540),(3494,76,'2018-04-28',312,2035610),(3495,76,'2018-04-29',327,1978930),(3496,76,'2018-04-30',379,1989460),(3497,77,'2018-05-01',335,2653640),(3498,77,'2018-05-02',372,2072600),(3499,77,'2018-05-03',419,2040860),(3500,77,'2018-05-04',424,1997650),(3501,77,'2018-05-05',322,2120220),(3502,77,'2018-05-06',350,2193870),(3503,77,'2018-05-07',391,2044670),(3504,77,'2018-05-08',393,1973000),(3505,77,'2018-05-09',393,1996760),(3506,77,'2018-05-10',413,2022700),(3507,77,'2018-05-11',395,2051200),(3508,77,'2018-05-12',320,2137720),(3509,77,'2018-05-13',340,2098070),(3510,77,'2018-05-14',431,2115010),(3511,77,'2018-05-15',409,2107640),(3512,77,'2018-05-16',423,2109560),(3513,77,'2018-05-17',404,2094560),(3514,77,'2018-05-18',408,2205810),(3515,77,'2018-05-19',342,2057830),(3516,77,'2018-05-20',353,2184110),(3517,77,'2018-05-21',380,2081090),(3518,77,'2018-05-22',389,2083180),(3519,77,'2018-05-23',389,2011740),(3520,77,'2018-05-24',395,1963040),(3521,77,'2018-05-25',372,2200000),(3522,77,'2018-05-26',302,2436340),(3523,77,'2018-05-27',314,2429700),(3524,77,'2018-05-28',340,2288310),(3525,77,'2018-05-29',406,2174650),(3526,77,'2018-05-30',391,2205320),(3527,77,'2018-05-31',398,2252110),(3528,78,'2017-06-01',219,996145),(3529,78,'2017-06-02',219,997095),(3530,78,'2017-06-03',147,1046620),(3531,78,'2017-06-04',144,1043130),(3532,78,'2017-06-05',146,1126700),(3533,78,'2017-06-06',235,1087700),(3534,78,'2017-06-07',226,1090870),(3535,78,'2017-06-08',214,996888),(3536,78,'2017-06-09',198,937610),(3537,78,'2017-06-10',128,918002),(3538,78,'2017-06-11',118,901317),(3539,78,'2017-06-12',203,939845),(3540,78,'2017-06-13',195,1020950),(3541,78,'2017-06-14',216,1044420),(3542,78,'2017-06-15',212,1005300),(3543,78,'2017-06-16',205,1062960),(3544,78,'2017-06-17',NULL,948915),(3545,78,'2017-06-18',NULL,1012320),(3546,78,'2017-06-19',NULL,982633),(3547,78,'2017-06-20',172,999816),(3548,78,'2017-06-21',204,963791),(3549,78,'2017-06-22',212,945506),(3550,78,'2017-06-23',220,1160800),(3551,78,'2017-06-24',168,975545),(3552,78,'2017-06-25',168,840804),(3553,78,'2017-06-26',230,797291),(3554,78,'2017-06-27',310,880796),(3555,78,'2017-06-28',310,942476),(3556,78,'2017-06-29',290,935154),(3557,78,'2017-06-30',278,72696.4),(3558,79,'2018-06-01',386,2794170),(3559,79,'2018-06-02',314,2368580),(3560,79,'2018-06-03',337,2350130),(3561,79,'2018-06-04',439,2302360),(3562,79,'2018-06-05',415,2302120),(3563,79,'2018-06-06',423,2265660),(3564,79,'2018-06-07',389,2272510),(3565,79,'2018-06-08',412,2261850),(3566,79,'2018-06-09',363,2377530),(3567,79,'2018-06-10',468,2458000),(3568,79,'2018-06-11',480,2362600),(3569,79,'2018-06-12',436,2260570),(3570,79,'2018-06-13',417,2297640),(3571,79,'2018-06-14',408,2290770),(3572,79,'2018-06-15',424,2230970),(3573,79,'2018-06-16',359,2260650),(3574,79,'2018-06-17',338,2207650),(3575,79,'2018-06-18',440,2012450),(3576,79,'2018-06-19',451,2089060),(3577,79,'2018-06-20',435,2028770),(3578,79,'2018-06-21',435,2118140),(3579,79,'2018-06-22',465,2319910),(3580,79,'2018-06-23',381,2265850),(3581,79,'2018-06-24',384,2267330),(3582,79,'2018-06-25',449,2205040),(3583,79,'2018-06-26',443,2215970),(3584,79,'2018-06-27',414,2198230),(3585,79,'2018-06-28',354,4209650),(3586,79,'2018-06-29',327,3992400),(3587,79,'2018-06-30',319,3872230),(3588,80,'2018-07-01',333,2262890),(3589,80,'2018-07-02',378,2022790),(3590,80,'2018-07-03',393,2135070),(3591,80,'2018-07-04',425,2083700),(3592,80,'2018-07-05',433,2035330),(3593,80,'2018-07-06',386,2143780),(3594,80,'2018-07-07',356,2019640),(3595,80,'2018-07-08',340,2065400),(3596,80,'2018-07-09',420,2086540),(3597,80,'2018-07-10',439,1884200),(3598,80,'2018-07-11',434,1882330),(3599,80,'2018-07-12',438,1875890),(3600,80,'2018-07-13',401,1912430),(3601,80,'2018-07-14',347,1965030),(3602,80,'2018-07-15',337,1967570),(3603,80,'2018-07-16',392,1815420),(3604,80,'2018-07-17',444,1858140),(3605,80,'2018-07-18',415,1786080),(3606,80,'2018-07-19',424,1781270),(3607,80,'2018-07-20',417,1927380),(3608,80,'2018-07-21',369,1951150),(3609,80,'2018-07-22',363,1881250),(3610,80,'2018-07-23',412,1896910),(3611,80,'2018-07-24',441,1989470),(3612,80,'2018-07-25',439,2040460),(3613,80,'2018-07-26',440,1978160),(3614,80,'2018-07-27',455,1976120),(3615,80,'2018-07-28',389,2068040),(3616,80,'2018-07-29',469,1935090),(3617,80,'2018-07-30',466,1919900),(3618,80,'2018-07-31',478,1871380),(3619,81,'2018-09-01',407,2497210),(3620,81,'2018-09-02',473,2487460),(3621,81,'2018-09-03',509,2337940),(3622,81,'2018-09-04',448,2354130),(3623,81,'2018-09-05',440,2381670),(3624,81,'2018-09-06',439,2317290),(3625,81,'2018-09-07',429,1997600),(3626,81,'2018-09-08',366,2014770),(3627,81,'2018-09-09',402,2024640),(3628,81,'2018-09-10',426,2071330),(3629,81,'2018-09-11',407,2056410),(3630,81,'2018-09-12',398,2074210),(3631,81,'2018-09-13',360,2120400),(3632,81,'2018-09-14',299,2089080),(3633,81,'2018-09-15',367,2109010),(3634,81,'2018-09-16',308,2173960),(3635,81,'2018-09-17',365,2122010),(3636,81,'2018-09-18',365,2108590),(3637,81,'2018-09-19',393,2016400),(3638,81,'2018-09-20',390,2177940),(3639,81,'2018-09-21',423,2165090),(3640,81,'2018-09-22',347,2144200),(3641,81,'2018-09-23',344,2055140),(3642,81,'2018-09-24',392,2045560),(3643,81,'2018-09-25',385,1936190),(3644,81,'2018-09-26',350,1950620),(3645,81,'2018-09-27',375,1983480),(3646,81,'2018-09-28',335,1952190),(3647,81,'2018-09-29',306,1976450),(3648,81,'2018-09-30',315,2009680),(3649,82,'2016-09-30',NULL,613808),(3650,82,'2016-10-01',NULL,677216),(3651,82,'2016-10-02',NULL,667753),(3652,82,'2016-10-03',NULL,640752),(3653,82,'2016-10-04',NULL,607052),(3654,82,'2016-10-05',314,652465),(3655,82,'2016-10-06',368,662726),(3656,82,'2016-10-07',375,684877),(3657,82,'2016-10-08',344,703266),(3658,82,'2016-10-09',343,714769),(3659,82,'2016-10-10',371,734888),(3660,82,'2016-10-11',367,716129),(3661,82,'2016-10-12',404,664962),(3662,82,'2016-10-13',408,698373),(3663,82,'2016-10-14',395,731472),(3664,82,'2016-10-15',369,734996),(3665,82,'2016-10-16',334,727059),(3666,82,'2016-10-17',400,738709),(3667,82,'2016-10-18',375,752200),(3668,82,'2016-10-19',397,785322),(3669,82,'2016-10-20',402,754831),(3670,82,'2016-10-21',409,771267),(3671,82,'2016-10-22',381,766334),(3672,82,'2016-10-23',353,777861),(3673,82,'2016-10-24',395,733276),(3674,82,'2016-10-25',440,747711),(3675,82,'2016-10-26',423,812006),(3676,82,'2016-10-27',455,786335),(3677,82,'2016-10-28',380,784472),(3678,82,'2016-10-29',380,798213),(3679,82,'2016-10-30',373,800603),(3680,82,'2016-10-31',435,785552),(3681,83,'2018-03-01',439,2668020),(3682,83,'2018-03-02',424,2449810),(3683,83,'2018-03-03',340,2406200),(3684,83,'2018-03-04',331,2471820),(3685,83,'2018-03-05',440,2418470),(3686,83,'2018-03-06',430,2418930),(3687,83,'2018-03-07',436,2340060),(3688,83,'2018-03-08',435,2344350),(3689,83,'2018-03-09',409,2256410),(3690,83,'2018-03-10',365,2366120),(3691,83,'2018-03-11',373,2358310),(3692,83,'2018-03-12',465,2273850),(3693,83,'2018-03-13',455,2318180),(3694,83,'2018-03-14',454,2388930),(3695,83,'2018-03-15',464,2445270),(3696,83,'2018-03-16',475,2451620),(3697,83,'2018-03-17',420,2388030),(3698,83,'2018-03-18',431,2517690),(3699,83,'2018-03-19',494,2416700),(3700,83,'2018-03-20',456,2003430),(3701,83,'2018-03-21',446,2441680),(3702,83,'2018-03-22',479,2581250),(3703,83,'2018-03-23',464,2585390),(3704,83,'2018-03-24',401,2559000),(3705,83,'2018-03-25',385,2586410),(3706,83,'2018-03-26',443,2515620),(3707,83,'2018-03-27',440,2442890),(3708,83,'2018-03-28',428,2490680),(3709,83,'2018-03-29',428,2467860),(3710,83,'2018-03-30',423,2378230),(3711,83,'2018-03-31',386,2416040),(3712,84,'2018-05-01',386,2653640),(3713,84,'2018-05-02',436,2072600),(3714,84,'2018-05-03',507,2040860),(3715,84,'2018-05-04',439,1997650),(3716,84,'2018-05-05',378,2120220),(3717,84,'2018-05-06',380,2193870),(3718,84,'2018-05-07',451,2044670),(3719,84,'2018-05-08',426,1973000),(3720,84,'2018-05-09',426,1996760),(3721,84,'2018-05-10',443,2022700),(3722,84,'2018-05-11',420,2051200),(3723,84,'2018-05-12',367,2137720),(3724,84,'2018-05-13',386,2098070),(3725,84,'2018-05-14',428,2115010),(3726,84,'2018-05-15',408,2107640),(3727,84,'2018-05-16',480,2109560),(3728,84,'2018-05-17',478,2094560),(3729,84,'2018-05-18',503,2205810),(3730,84,'2018-05-19',453,2057830),(3731,84,'2018-05-20',439,2184110),(3732,84,'2018-05-21',497,2081090),(3733,84,'2018-05-22',490,2083180),(3734,84,'2018-05-23',450,2011740),(3735,84,'2018-05-24',463,1963040),(3736,84,'2018-05-25',469,2200000),(3737,84,'2018-05-26',433,2436340),(3738,84,'2018-05-27',425,2429700),(3739,84,'2018-05-28',420,2288310),(3740,84,'2018-05-29',459,2174650),(3741,84,'2018-05-30',451,2205320),(3742,84,'2018-05-31',474,2252110),(3743,85,'2017-05-31',403,1019540),(3744,85,'2017-06-01',406,996145),(3745,85,'2017-06-02',396,997095),(3746,85,'2017-06-03',355,1046620),(3747,85,'2017-06-04',352,1043130),(3748,85,'2017-06-05',349,1126700),(3749,85,'2017-06-06',392,1087700),(3750,85,'2017-06-07',441,1090870),(3751,85,'2017-06-08',451,996888),(3752,85,'2017-06-09',457,937610),(3753,85,'2017-06-10',391,918002),(3754,85,'2017-06-11',393,901317),(3755,85,'2017-06-12',444,939845),(3756,85,'2017-06-13',466,1020950),(3757,85,'2017-06-14',403,1044420),(3758,85,'2017-06-15',403,1005300),(3759,85,'2017-06-16',422,1062960),(3760,85,'2017-06-17',371,948915),(3761,85,'2017-06-18',359,1012320),(3762,85,'2017-06-19',418,982633),(3763,85,'2017-06-20',404,999816),(3764,85,'2017-06-21',407,963791),(3765,85,'2017-06-22',420,945506),(3766,85,'2017-06-23',418,1160800),(3767,85,'2017-06-24',347,975545),(3768,85,'2017-06-25',360,840804),(3769,85,'2017-06-26',397,797291),(3770,85,'2017-06-27',436,880796),(3771,85,'2017-06-28',383,942476),(3772,85,'2017-06-29',369,935154),(3773,86,'2018-06-01',494,2794170),(3774,86,'2018-06-02',438,2368580),(3775,86,'2018-06-03',450,2350130),(3776,86,'2018-06-04',546,2302360),(3777,86,'2018-06-05',506,2302120),(3778,86,'2018-06-06',502,2265660),(3779,86,'2018-06-07',489,2272510),(3780,86,'2018-06-08',471,2261850),(3781,86,'2018-06-09',438,2377530),(3782,86,'2018-06-10',494,2458000),(3783,86,'2018-06-11',537,2362600),(3784,86,'2018-06-12',513,2260570),(3785,86,'2018-06-13',446,2297640),(3786,86,'2018-06-14',481,2290770),(3787,86,'2018-06-15',420,2230970),(3788,86,'2018-06-16',389,2260650),(3789,86,'2018-06-17',373,2207650),(3790,86,'2018-06-18',408,2012450),(3791,86,'2018-06-19',417,2089060),(3792,86,'2018-06-20',420,2028770),(3793,86,'2018-06-21',418,2118140),(3794,86,'2018-06-22',425,2319910),(3795,86,'2018-06-23',389,2265850),(3796,86,'2018-06-24',398,2267330),(3797,86,'2018-06-25',445,2205040),(3798,86,'2018-06-26',446,2215970),(3799,86,'2018-06-27',444,2198230),(3800,86,'2018-06-28',428,4209650),(3801,86,'2018-06-29',453,3992400),(3802,86,'2018-06-30',415,3872230),(3803,87,'2018-01-31',403,1832430),(3804,87,'2018-02-01',408,1903460),(3805,87,'2018-02-02',415,1912890),(3806,87,'2018-02-03',342,1835660),(3807,87,'2018-02-04',357,1818940),(3808,87,'2018-02-05',425,1765430),(3809,87,'2018-02-06',413,1858080),(3810,87,'2018-02-07',397,1911570),(3811,87,'2018-02-08',413,1992130),(3812,87,'2018-02-09',393,1954020),(3813,87,'2018-02-10',323,2026710),(3814,87,'2018-02-11',337,2021790),(3815,87,'2018-02-12',444,1866590),(3816,87,'2018-02-13',413,1921790),(3817,87,'2018-02-14',415,1929970),(3818,87,'2018-02-15',400,1937860),(3819,87,'2018-02-16',391,1919840),(3820,87,'2018-02-17',316,1962580),(3821,87,'2018-02-18',328,2023760),(3822,87,'2018-02-19',316,2019250),(3823,87,'2018-02-20',387,2007500),(3824,87,'2018-02-21',393,1982650),(3825,87,'2018-02-22',426,2030340),(3826,87,'2018-02-23',409,1964120),(3827,87,'2018-02-24',314,2116750),(3828,87,'2018-02-25',322,2158280),(3829,87,'2018-02-26',408,2033790),(3830,87,'2018-02-27',428,1973070),(3831,88,'2018-04-01',389,2488920),(3832,88,'2018-04-02',451,1928380),(3833,88,'2018-04-03',415,1885220),(3834,88,'2018-04-04',493,1959230),(3835,88,'2018-04-05',485,1936620),(3836,88,'2018-04-06',419,2051640),(3837,88,'2018-04-07',393,2064050),(3838,88,'2018-04-08',403,2174080),(3839,88,'2018-04-09',422,2094570),(3840,88,'2018-04-10',450,1950250),(3841,88,'2018-04-11',453,2062250),(3842,88,'2018-04-12',476,1985810),(3843,88,'2018-04-13',441,1871330),(3844,88,'2018-04-14',368,2044830),(3845,88,'2018-04-15',369,1976320),(3846,88,'2018-04-16',425,2020420),(3847,88,'2018-04-17',453,1924040),(3848,88,'2018-04-18',423,1971120),(3849,88,'2018-04-19',431,2039020),(3850,88,'2018-04-20',420,2105490),(3851,88,'2018-04-21',359,2121430),(3852,88,'2018-04-22',379,1960350),(3853,88,'2018-04-23',426,1911430),(3854,88,'2018-04-24',424,1983320),(3855,88,'2018-04-25',426,2120780),(3856,88,'2018-04-26',460,2133760),(3857,88,'2018-04-27',461,2139540),(3858,88,'2018-04-28',386,2035610),(3859,88,'2018-04-29',391,1978930),(3860,88,'2018-04-30',439,1989460),(3861,89,'2018-07-01',411,2262890),(3862,89,'2018-07-02',445,2022790),(3863,89,'2018-07-03',457,2135070),(3864,89,'2018-07-04',441,2083700),(3865,89,'2018-07-05',468,2035330),(3866,89,'2018-07-06',424,2143780),(3867,89,'2018-07-07',397,2019640),(3868,89,'2018-07-08',383,2065400),(3869,89,'2018-07-09',418,2086540),(3870,89,'2018-07-10',428,1884200),(3871,89,'2018-07-11',425,1882330),(3872,89,'2018-07-12',448,1875890),(3873,89,'2018-07-13',435,1912430),(3874,89,'2018-07-14',379,1965030),(3875,89,'2018-07-15',384,1967570),(3876,89,'2018-07-16',420,1815420),(3877,89,'2018-07-17',441,1858140),(3878,89,'2018-07-18',422,1786080),(3879,89,'2018-07-19',440,1781270),(3880,89,'2018-07-20',440,1927380),(3881,89,'2018-07-21',420,1951150),(3882,89,'2018-07-22',426,1881250),(3883,89,'2018-07-23',470,1896910),(3884,89,'2018-07-24',451,1989470),(3885,89,'2018-07-25',466,2040460),(3886,89,'2018-07-26',450,1978160),(3887,89,'2018-07-27',430,1976120),(3888,89,'2018-07-28',413,2068040),(3889,89,'2018-07-29',414,1935090),(3890,89,'2018-07-30',460,1919900),(3891,89,'2018-07-31',516,1871380),(3892,90,'2018-08-31',537,2220690),(3893,90,'2018-09-01',483,2497210),(3894,90,'2018-09-02',490,2487460),(3895,90,'2018-09-03',518,2337940),(3896,90,'2018-09-04',525,2354130),(3897,90,'2018-09-05',522,2381670),(3898,90,'2018-09-06',563,2317290),(3899,90,'2018-09-07',560,1997600),(3900,90,'2018-09-08',499,2014770),(3901,90,'2018-09-09',461,2024640),(3902,90,'2018-09-10',556,2071330),(3903,90,'2018-09-11',585,2056410),(3904,90,'2018-09-12',595,2074210),(3905,90,'2018-09-13',580,2120400),(3906,90,'2018-09-14',640,2089080),(3907,90,'2018-09-15',516,2109010),(3908,90,'2018-09-16',356,2173960),(3909,90,'2018-09-17',550,2122010),(3910,90,'2018-09-18',567,2108590),(3911,90,'2018-09-19',535,2016400),(3912,90,'2018-09-20',560,2177940),(3913,90,'2018-09-21',550,2165090),(3914,90,'2018-09-22',503,2144200),(3915,90,'2018-09-23',499,2055140),(3916,90,'2018-09-24',559,2045560),(3917,90,'2018-09-25',540,1936190),(3918,90,'2018-09-26',516,1950620),(3919,90,'2018-09-27',500,1983480),(3920,90,'2018-09-28',526,1952190),(3921,90,'2018-09-29',479,1976450),(3922,90,'2018-09-30',509,2009680),(3923,91,'2017-12-31',369,462175),(3924,91,'2018-01-01',393,468822),(3925,91,'2018-01-02',415,502270),(3926,91,'2018-01-03',422,501763),(3927,91,'2018-01-04',426,491080),(3928,91,'2018-01-05',422,484214),(3929,91,'2018-01-06',400,467059),(3930,91,'2018-01-07',391,472585),(3931,91,'2018-01-08',402,474207),(3932,91,'2018-01-09',383,499832),(3933,91,'2018-01-10',402,489048),(3934,91,'2018-01-11',380,449390),(3935,91,'2018-01-12',361,474939),(3936,91,'2018-01-13',375,497237),(3937,91,'2018-01-14',360,524093),(3938,91,'2018-01-15',397,516398),(3939,91,'2018-01-16',355,486358),(3940,91,'2018-01-17',375,509252),(3941,91,'2018-01-18',357,482896),(3942,91,'2018-01-19',367,458968),(3943,91,'2018-01-20',335,494905),(3944,91,'2018-01-21',346,508074),(3945,91,'2018-01-22',349,483991),(3946,91,'2018-01-23',367,480044),(3947,91,'2018-01-24',397,487819),(3948,91,'2018-01-25',377,506710),(3949,91,'2018-01-26',363,466834),(3950,91,'2018-01-27',344,479977),(3951,91,'2018-01-28',357,494965),(3952,91,'2018-01-29',375,417314),(3953,91,'2018-01-30',361,216507),(3954,92,'2018-01-31',338,1832430),(3955,92,'2018-02-01',366,1903460),(3956,92,'2018-02-02',359,1912890),(3957,92,'2018-02-03',353,1835660),(3958,92,'2018-02-04',342,1818940),(3959,92,'2018-02-05',349,1765430),(3960,92,'2018-02-06',363,1858080),(3961,92,'2018-02-07',331,1911570),(3962,92,'2018-02-08',355,1992130),(3963,92,'2018-02-09',341,1954020),(3964,92,'2018-02-10',326,2026710),(3965,92,'2018-02-11',338,2021790),(3966,92,'2018-02-12',348,1866590),(3967,92,'2018-02-13',341,1921790),(3968,92,'2018-02-14',335,1929970),(3969,92,'2018-02-15',324,1937860),(3970,92,'2018-02-16',321,1919840),(3971,92,'2018-02-17',324,1962580),(3972,92,'2018-02-18',327,2023760),(3973,92,'2018-02-19',349,2019250),(3974,92,'2018-02-20',349,2007500),(3975,92,'2018-02-21',347,1982650),(3976,92,'2018-02-22',321,2030340),(3977,92,'2018-02-23',327,1964120),(3978,92,'2018-02-24',321,2116750),(3979,92,'2018-02-25',299,2158280),(3980,92,'2018-02-26',324,2033790),(3981,92,'2018-02-27',330,1973070),(3982,93,'2018-03-01',341,2668020),(3983,93,'2018-03-02',324,2449810),(3984,93,'2018-03-03',305,2406200),(3985,93,'2018-03-04',317,2471820),(3986,93,'2018-03-05',303,2418470),(3987,93,'2018-03-06',308,2418930),(3988,93,'2018-03-07',292,2340060),(3989,93,'2018-03-08',306,2344350),(3990,93,'2018-03-09',294,2256410),(3991,93,'2018-03-10',310,2366120),(3992,93,'2018-03-11',305,2358310),(3993,93,'2018-03-12',324,2273850),(3994,93,'2018-03-13',322,2318180),(3995,93,'2018-03-14',309,2388930),(3996,93,'2018-03-15',317,2445270),(3997,93,'2018-03-16',337,2451620),(3998,93,'2018-03-17',308,2388030),(3999,93,'2018-03-18',303,2517690),(4000,93,'2018-03-19',306,2416700),(4001,93,'2018-03-20',338,2003430),(4002,93,'2018-03-21',342,2441680),(4003,93,'2018-03-22',320,2581250),(4004,93,'2018-03-23',316,2585390),(4005,93,'2018-03-24',319,2559000),(4006,93,'2018-03-25',324,2586410),(4007,93,'2018-03-26',320,2515620),(4008,93,'2018-03-27',309,2442890),(4009,93,'2018-03-28',319,2490680),(4010,93,'2018-03-29',314,2467860),(4011,93,'2018-03-30',316,2378230),(4012,93,'2018-03-31',306,2416040),(4013,94,'2018-08-31',183,2220690),(4014,94,'2018-09-01',113,2497210),(4015,94,'2018-09-02',140,2487460),(4016,94,'2018-09-03',144,2337940),(4017,94,'2018-09-04',161,2354130),(4018,94,'2018-09-05',155,2381670),(4019,94,'2018-09-06',170,2317290),(4020,94,'2018-09-07',157,1997600),(4021,94,'2018-09-08',136,2014770),(4022,94,'2018-09-09',128,2024640),(4023,94,'2018-09-10',156,2071330),(4024,94,'2018-09-11',151,2056410),(4025,94,'2018-09-12',145,2074210),(4026,94,'2018-09-13',253,2120400),(4027,94,'2018-09-14',320,2089080),(4028,94,'2018-09-15',321,2109010),(4029,94,'2018-09-16',287,2173960),(4030,94,'2018-09-17',293,2122010),(4031,94,'2018-09-18',291,2108590),(4032,94,'2018-09-19',299,2016400),(4033,94,'2018-09-20',298,2177940),(4034,94,'2018-09-21',294,2165090),(4035,94,'2018-09-22',286,2144200),(4036,94,'2018-09-23',264,2055140),(4037,94,'2018-09-24',294,2045560),(4038,94,'2018-09-25',314,1936190),(4039,94,'2018-09-26',296,1950620),(4040,94,'2018-09-27',300,1983480),(4041,94,'2018-09-28',283,1952190),(4042,94,'2018-09-29',272,1976450),(4043,94,'2018-09-30',276,2009680),(4044,95,'2016-12-31',166,779747),(4045,95,'2017-01-01',167,884220),(4046,95,'2017-01-02',194,918886),(4047,95,'2017-01-03',195,992720),(4048,95,'2017-01-04',179,979447),(4049,95,'2017-01-05',204,966928),(4050,95,'2017-01-06',156,940198),(4051,95,'2017-01-07',166,941489),(4052,95,'2017-01-08',164,917361),(4053,95,'2017-01-09',164,941063),(4054,95,'2017-01-10',150,890281),(4055,95,'2017-01-11',169,884463),(4056,95,'2017-01-12',184,909957),(4057,95,'2017-01-13',192,862574),(4058,95,'2017-01-14',163,903189),(4059,95,'2017-01-15',166,912555),(4060,95,'2017-01-16',168,867844),(4061,95,'2017-01-17',175,794699),(4062,95,'2017-01-18',173,791639),(4063,95,'2017-01-19',166,751700),(4064,95,'2017-01-20',185,794102),(4065,95,'2017-01-21',164,854156),(4066,95,'2017-01-22',175,853435),(4067,95,'2017-01-23',179,826635),(4068,95,'2017-01-24',177,838189),(4069,95,'2017-01-25',157,809708),(4070,95,'2017-01-26',147,698067),(4071,95,'2017-01-27',212,796712),(4072,95,'2017-01-28',181,815406),(4073,95,'2017-01-29',181,826017),(4074,95,'2017-01-30',191,817543),(4075,96,'2018-05-01',434,2653640),(4076,96,'2018-05-02',525,2072600),(4077,96,'2018-05-03',517,2040860),(4078,96,'2018-05-04',500,1997650),(4079,96,'2018-05-05',436,2120220),(4080,96,'2018-05-06',440,2193870),(4081,96,'2018-05-07',516,2044670),(4082,96,'2018-05-08',478,1973000),(4083,96,'2018-05-09',493,1996760),(4084,96,'2018-05-10',466,2022700),(4085,96,'2018-05-11',507,2051200),(4086,96,'2018-05-12',418,2137720),(4087,96,'2018-05-13',392,2098070),(4088,96,'2018-05-14',490,2115010),(4089,96,'2018-05-15',473,2107640),(4090,96,'2018-05-16',494,2109560),(4091,96,'2018-05-17',444,2094560),(4092,96,'2018-05-18',500,2205810),(4093,96,'2018-05-19',430,2057830),(4094,96,'2018-05-20',415,2184110),(4095,96,'2018-05-21',490,2081090),(4096,96,'2018-05-22',478,2083180),(4097,96,'2018-05-23',464,2011740),(4098,96,'2018-05-24',NULL,1963040),(4099,96,'2018-05-25',441,2200000),(4100,96,'2018-05-26',404,2436340),(4101,96,'2018-05-27',414,2429700),(4102,96,'2018-05-28',403,2288310),(4103,96,'2018-05-29',449,2174650),(4104,96,'2018-05-30',493,2205320),(4105,96,'2018-05-31',470,2252110),(4106,97,'2016-09-30',328,613808),(4107,97,'2016-10-01',300,677216),(4108,97,'2016-10-02',299,667753),(4109,97,'2016-10-03',343,640752),(4110,97,'2016-10-04',313,607052),(4111,97,'2016-10-05',314,652465),(4112,97,'2016-10-06',309,662726),(4113,97,'2016-10-07',307,684877),(4114,97,'2016-10-08',285,703266),(4115,97,'2016-10-09',288,714769),(4116,97,'2016-10-10',321,734888),(4117,97,'2016-10-11',314,716129),(4118,97,'2016-10-12',313,664962),(4119,97,'2016-10-13',306,698373),(4120,97,'2016-10-14',313,731472),(4121,97,'2016-10-15',264,734996),(4122,97,'2016-10-16',283,727059),(4123,97,'2016-10-17',302,738709),(4124,97,'2016-10-18',287,752200),(4125,97,'2016-10-19',285,785322),(4126,97,'2016-10-20',287,754831),(4127,97,'2016-10-21',298,771267),(4128,97,'2016-10-22',276,766334),(4129,97,'2016-10-23',276,777861),(4130,97,'2016-10-24',295,733276),(4131,97,'2016-10-25',299,747711),(4132,97,'2016-10-26',335,812006),(4133,97,'2016-10-27',313,786335),(4134,97,'2016-10-28',288,784472),(4135,97,'2016-10-29',276,798213),(4136,97,'2016-10-30',271,800603),(4137,97,'2016-10-31',321,785552),(4138,98,'2018-02-01',329,1903460),(4139,98,'2018-02-02',326,1912890),(4140,98,'2018-02-03',272,1835660),(4141,98,'2018-02-04',262,1818940),(4142,98,'2018-02-05',336,1765430),(4143,98,'2018-02-06',336,1858080),(4144,98,'2018-02-07',321,1911570),(4145,98,'2018-02-08',407,1992130),(4146,98,'2018-02-09',414,1954020),(4147,98,'2018-02-10',362,2026710),(4148,98,'2018-02-11',349,2021790),(4149,98,'2018-02-12',435,1866590),(4150,98,'2018-02-13',438,1921790),(4151,98,'2018-02-14',451,1929970),(4152,98,'2018-02-15',417,1937860),(4153,98,'2018-02-16',429,1919840),(4154,98,'2018-02-17',346,1962580),(4155,98,'2018-02-18',352,2023760),(4156,98,'2018-02-19',341,2019250),(4157,98,'2018-02-20',401,2007500),(4158,98,'2018-02-21',439,1982650),(4159,98,'2018-02-22',422,2030340),(4160,98,'2018-02-23',435,1964120),(4161,98,'2018-02-24',372,2116750),(4162,98,'2018-02-25',353,2158280),(4163,98,'2018-02-26',386,2033790),(4164,98,'2018-02-27',401,1973070),(4165,98,'2018-02-28',434,260847),(4166,99,'2018-03-01',434,2668020),(4167,99,'2018-03-02',430,2449810),(4168,99,'2018-03-03',363,2406200),(4169,99,'2018-03-04',367,2471820),(4170,99,'2018-03-05',435,2418470),(4171,99,'2018-03-06',417,2418930),(4172,99,'2018-03-07',438,2340060),(4173,99,'2018-03-08',420,2344350),(4174,99,'2018-03-09',428,2256410),(4175,99,'2018-03-10',356,2366120),(4176,99,'2018-03-11',381,2358310),(4177,99,'2018-03-12',444,2273850),(4178,99,'2018-03-13',423,2318180),(4179,99,'2018-03-14',455,2388930),(4180,99,'2018-03-15',411,2445270),(4181,99,'2018-03-16',424,2451620),(4182,99,'2018-03-17',391,2388030),(4183,99,'2018-03-18',355,2517690),(4184,99,'2018-03-19',436,2416700),(4185,99,'2018-03-20',406,2003430),(4186,99,'2018-03-21',453,2441680),(4187,99,'2018-03-22',420,2581250),(4188,99,'2018-03-23',412,2585390),(4189,99,'2018-03-24',365,2559000),(4190,99,'2018-03-25',356,2586410),(4191,99,'2018-03-26',379,2515620),(4192,99,'2018-03-27',422,2442890),(4193,99,'2018-03-28',448,2490680),(4194,99,'2018-03-29',412,2467860),(4195,99,'2018-03-30',408,2378230),(4196,99,'2018-03-31',359,2416040),(4197,100,'2016-03-31',NULL,4629.29),(4198,100,'2016-04-01',NULL,2947.47),(4199,100,'2016-04-02',NULL,2933.49),(4200,100,'2016-04-03',NULL,3578.29),(4201,100,'2016-04-04',NULL,4334.75),(4202,100,'2016-04-05',NULL,4309.29),(4203,100,'2016-04-06',NULL,4884.21),(4204,100,'2016-04-07',NULL,2593.22),(4205,100,'2016-04-08',NULL,2540.14),(4206,100,'2016-04-09',NULL,2503.66),(4207,100,'2016-04-10',NULL,2190.77),(4208,100,'2016-04-11',NULL,2290.34),(4209,100,'2016-04-12',NULL,1906.73),(4210,100,'2016-04-13',NULL,4344.92),(4211,100,'2016-04-14',NULL,21418.2),(4212,100,'2016-04-15',NULL,18338.2),(4213,100,'2016-04-16',NULL,16686.8),(4214,100,'2016-04-17',NULL,15782.8),(4215,100,'2016-04-18',NULL,15691.3),(4216,100,'2016-04-19',NULL,15530.1),(4217,100,'2016-04-20',NULL,3214.18),(4218,100,'2016-04-21',NULL,12942.6),(4219,100,'2016-04-22',NULL,34046.9),(4220,100,'2016-04-23',74,36777.7),(4221,100,'2016-04-24',117,38805),(4222,100,'2016-04-25',138,38951.2),(4223,100,'2016-04-26',132,52426.2),(4224,100,'2016-04-27',187,57181.8),(4225,100,'2016-04-28',173,58534.2),(4226,100,'2016-04-29',166,54084.4),(4227,101,'2018-04-01',336,2488920),(4228,101,'2018-04-02',385,1928380),(4229,101,'2018-04-03',371,1885220),(4230,101,'2018-04-04',393,1959230),(4231,101,'2018-04-05',375,1936620),(4232,101,'2018-04-06',375,2051640),(4233,101,'2018-04-07',366,2064050),(4234,101,'2018-04-08',393,2174080),(4235,101,'2018-04-09',356,2094570),(4236,101,'2018-04-10',313,1950250),(4237,101,'2018-04-11',453,2062250),(4238,101,'2018-04-12',449,1985810),(4239,101,'2018-04-13',287,1871330),(4240,101,'2018-04-14',341,2044830),(4241,101,'2018-04-15',319,1976320),(4242,101,'2018-04-16',448,2020420),(4243,101,'2018-04-17',441,1924040),(4244,101,'2018-04-18',466,1971120),(4245,101,'2018-04-19',440,2039020),(4246,101,'2018-04-20',449,2105490),(4247,101,'2018-04-21',387,2121430),(4248,101,'2018-04-22',406,1960350),(4249,101,'2018-04-23',479,1911430),(4250,101,'2018-04-24',495,1983320),(4251,101,'2018-04-25',497,2120780),(4252,101,'2018-04-26',495,2133760),(4253,101,'2018-04-27',513,2139540),(4254,101,'2018-04-28',36,2035610),(4255,101,'2018-04-29',43,1978930),(4256,101,'2018-04-30',414,1989460),(4257,102,'2017-05-31',253,1019540),(4258,102,'2017-06-01',269,996145),(4259,102,'2017-06-02',252,997095),(4260,102,'2017-06-03',184,1046620),(4261,102,'2017-06-04',185,1043130),(4262,102,'2017-06-05',195,1126700),(4263,102,'2017-06-06',244,1087700),(4264,102,'2017-06-07',228,1090870),(4265,102,'2017-06-08',232,996888),(4266,102,'2017-06-09',233,937610),(4267,102,'2017-06-10',191,918002),(4268,102,'2017-06-11',174,901317),(4269,102,'2017-06-12',251,939845),(4270,102,'2017-06-13',241,1020950),(4271,102,'2017-06-14',234,1044420),(4272,102,'2017-06-15',225,1005300),(4273,102,'2017-06-16',219,1062960),(4274,102,'2017-06-17',176,948915),(4275,102,'2017-06-18',154,1012320),(4276,102,'2017-06-19',241,982633),(4277,102,'2017-06-20',217,999816),(4278,102,'2017-06-21',203,963791),(4279,102,'2017-06-22',213,945506),(4280,102,'2017-06-23',202,1160800),(4281,102,'2017-06-24',140,975545),(4282,102,'2017-06-25',140,840804),(4283,102,'2017-06-26',191,797291),(4284,102,'2017-06-27',203,880796),(4285,102,'2017-06-28',203,942476),(4286,102,'2017-06-29',202,935154),(4287,103,'2018-06-01',480,2794170),(4288,103,'2018-06-02',436,2368580),(4289,103,'2018-06-03',422,2350130),(4290,103,'2018-06-04',486,2302360),(4291,103,'2018-06-05',480,2302120),(4292,103,'2018-06-06',507,2265660),(4293,103,'2018-06-07',515,2272510),(4294,103,'2018-06-08',497,2261850),(4295,103,'2018-06-09',425,2377530),(4296,103,'2018-06-10',464,2458000),(4297,103,'2018-06-11',484,2362600),(4298,103,'2018-06-12',507,2260570),(4299,103,'2018-06-13',516,2297640),(4300,103,'2018-06-14',492,2290770),(4301,103,'2018-06-15',527,2230970),(4302,103,'2018-06-16',466,2260650),(4303,103,'2018-06-17',471,2207650),(4304,103,'2018-06-18',515,2012450),(4305,103,'2018-06-19',522,2089060),(4306,103,'2018-06-20',543,2028770),(4307,103,'2018-06-21',486,2118140),(4308,103,'2018-06-22',497,2319910),(4309,103,'2018-06-23',454,2265850),(4310,103,'2018-06-24',471,2267330),(4311,103,'2018-06-25',537,2205040),(4312,103,'2018-06-26',542,2215970),(4313,103,'2018-06-27',513,2198230),(4314,103,'2018-06-28',525,4209650),(4315,103,'2018-06-29',517,3992400),(4316,103,'2018-06-30',456,3872230),(4317,104,'2018-07-01',431,2262890),(4318,104,'2018-07-02',515,2022790),(4319,104,'2018-07-03',744,2135070),(4320,104,'2018-07-04',710,2083700),(4321,104,'2018-07-05',665,2035330),(4322,104,'2018-07-06',617,2143780),(4323,104,'2018-07-07',488,2019640),(4324,104,'2018-07-08',486,2065400),(4325,104,'2018-07-09',591,2086540),(4326,104,'2018-07-10',620,1884200),(4327,104,'2018-07-11',599,1882330),(4328,104,'2018-07-12',604,1875890),(4329,104,'2018-07-13',592,1912430),(4330,104,'2018-07-14',506,1965030),(4331,104,'2018-07-15',509,1967570),(4332,104,'2018-07-16',591,1815420),(4333,104,'2018-07-17',580,1858140),(4334,104,'2018-07-18',579,1786080),(4335,104,'2018-07-19',571,1781270),(4336,104,'2018-07-20',552,1927380),(4337,104,'2018-07-21',453,1951150),(4338,104,'2018-07-22',451,1881250),(4339,104,'2018-07-23',524,1896910),(4340,104,'2018-07-24',548,1989470),(4341,104,'2018-07-25',573,2040460),(4342,104,'2018-07-26',584,1978160),(4343,104,'2018-07-27',548,1976120),(4344,104,'2018-07-28',493,2068040),(4345,104,'2018-07-29',483,1935090),(4346,104,'2018-07-30',535,1919900),(4347,104,'2018-07-31',589,1871380),(4348,105,'2018-08-31',552,2220690),(4349,105,'2018-09-01',476,2497210),(4350,105,'2018-09-02',486,2487460),(4351,105,'2018-09-03',584,2337940),(4352,105,'2018-09-04',575,2354130),(4353,105,'2018-09-05',604,2381670),(4354,105,'2018-09-06',615,2317290),(4355,105,'2018-09-07',611,1997600),(4356,105,'2018-09-08',507,2014770),(4357,105,'2018-09-09',511,2024640),(4358,105,'2018-09-10',608,2071330),(4359,105,'2018-09-11',573,2056410),(4360,105,'2018-09-12',576,2074210),(4361,105,'2018-09-13',588,2120400),(4362,105,'2018-09-14',593,2089080),(4363,105,'2018-09-15',553,2109010),(4364,105,'2018-09-16',565,2173960),(4365,105,'2018-09-17',634,2122010),(4366,105,'2018-09-18',634,2108590),(4367,105,'2018-09-19',631,2016400),(4368,105,'2018-09-20',667,2177940),(4369,105,'2018-09-21',640,2165090),(4370,105,'2018-09-22',548,2144200),(4371,105,'2018-09-23',563,2055140),(4372,105,'2018-09-24',692,2045560),(4373,105,'2018-09-25',599,1936190),(4374,105,'2018-09-26',646,1950620),(4375,105,'2018-09-27',640,1983480),(4376,105,'2018-09-28',656,1952190),(4377,105,'2018-09-29',522,1976450),(4378,105,'2018-09-30',521,2009680),(4379,106,'2016-12-31',101,779747),(4380,106,'2017-01-01',95,884220),(4381,106,'2017-01-02',106,918886),(4382,106,'2017-01-03',114,992720),(4383,106,'2017-01-04',109,979447),(4384,106,'2017-01-05',103,966928),(4385,106,'2017-01-06',101,940198),(4386,106,'2017-01-07',87,941489),(4387,106,'2017-01-08',90,917361),(4388,106,'2017-01-09',98,941063),(4389,106,'2017-01-10',NULL,890281),(4390,106,'2017-01-11',NULL,884463),(4391,106,'2017-01-12',NULL,909957),(4392,106,'2017-01-13',NULL,862574),(4393,106,'2017-01-14',NULL,903189),(4394,106,'2017-01-15',NULL,912555),(4395,106,'2017-01-16',NULL,867844),(4396,106,'2017-01-17',NULL,794699),(4397,106,'2017-01-18',NULL,791639),(4398,106,'2017-01-19',NULL,751700),(4399,106,'2017-01-20',46,794102),(4400,106,'2017-01-21',54,854156),(4401,106,'2017-01-22',54,853435),(4402,106,'2017-01-23',67,826635),(4403,106,'2017-01-24',62,838189),(4404,106,'2017-01-25',64,809708),(4405,106,'2017-01-26',72,698067),(4406,106,'2017-01-27',84,796712),(4407,106,'2017-01-28',95,815406),(4408,106,'2017-01-29',92,826017),(4409,106,'2017-01-30',100,817543),(4410,107,'2018-05-01',94,2653640),(4411,107,'2018-05-02',114,2072600),(4412,107,'2018-05-03',107,2040860),(4413,107,'2018-05-04',95,1997650),(4414,107,'2018-05-05',97,2120220),(4415,107,'2018-05-06',90,2193870),(4416,107,'2018-05-07',96,2044670),(4417,107,'2018-05-08',104,1973000),(4418,107,'2018-05-09',112,1996760),(4419,107,'2018-05-10',125,2022700),(4420,107,'2018-05-11',122,2051200),(4421,107,'2018-05-12',105,2137720),(4422,107,'2018-05-13',103,2098070),(4423,107,'2018-05-14',114,2115010),(4424,107,'2018-05-15',113,2107640),(4425,107,'2018-05-16',108,2109560),(4426,107,'2018-05-17',115,2094560),(4427,107,'2018-05-18',118,2205810),(4428,107,'2018-05-19',100,2057830),(4429,107,'2018-05-20',105,2184110),(4430,107,'2018-05-21',115,2081090),(4431,107,'2018-05-22',126,2083180),(4432,107,'2018-05-23',129,2011740),(4433,107,'2018-05-24',110,1963040),(4434,107,'2018-05-25',116,2200000),(4435,107,'2018-05-26',100,2436340),(4436,107,'2018-05-27',85,2429700),(4437,107,'2018-05-28',100,2288310),(4438,107,'2018-05-29',108,2174650),(4439,107,'2018-05-30',95,2205320),(4440,107,'2018-05-31',99,2252110),(4441,108,'2017-05-31',92,1019540),(4442,108,'2017-06-01',89,996145),(4443,108,'2017-06-02',90,997095),(4444,108,'2017-06-03',82,1046620),(4445,108,'2017-06-04',87,1043130),(4446,108,'2017-06-05',81,1126700),(4447,108,'2017-06-06',108,1087700),(4448,108,'2017-06-07',92,1090870),(4449,108,'2017-06-08',90,996888),(4450,108,'2017-06-09',81,937610),(4451,108,'2017-06-10',80,918002),(4452,108,'2017-06-11',87,901317),(4453,108,'2017-06-12',87,939845),(4454,108,'2017-06-13',99,1020950),(4455,108,'2017-06-14',90,1044420),(4456,108,'2017-06-15',93,1005300),(4457,108,'2017-06-16',90,1062960),(4458,108,'2017-06-17',86,948915),(4459,108,'2017-06-18',84,1012320),(4460,108,'2017-06-19',98,982633),(4461,108,'2017-06-20',85,999816),(4462,108,'2017-06-21',84,963791),(4463,108,'2017-06-22',86,945506),(4464,108,'2017-06-23',89,1160800),(4465,108,'2017-06-24',72,975545),(4466,108,'2017-06-25',87,840804),(4467,108,'2017-06-26',89,797291),(4468,108,'2017-06-27',100,880796),(4469,108,'2017-06-28',93,942476),(4470,108,'2017-06-29',90,935154),(4471,109,'2018-06-01',95,2794170),(4472,109,'2018-06-02',86,2368580),(4473,109,'2018-06-03',93,2350130),(4474,109,'2018-06-04',111,2302360),(4475,109,'2018-06-05',118,2302120),(4476,109,'2018-06-06',117,2265660),(4477,109,'2018-06-07',108,2272510),(4478,109,'2018-06-08',112,2261850),(4479,109,'2018-06-09',96,2377530),(4480,109,'2018-06-10',103,2458000),(4481,109,'2018-06-11',134,2362600),(4482,109,'2018-06-12',122,2260570),(4483,109,'2018-06-13',117,2297640),(4484,109,'2018-06-14',114,2290770),(4485,109,'2018-06-15',105,2230970),(4486,109,'2018-06-16',82,2260650),(4487,109,'2018-06-17',77,2207650),(4488,109,'2018-06-18',77,2012450),(4489,109,'2018-06-19',99,2089060),(4490,109,'2018-06-20',111,2028770),(4491,109,'2018-06-21',110,2118140),(4492,109,'2018-06-22',109,2319910),(4493,109,'2018-06-23',78,2265850),(4494,109,'2018-06-24',83,2267330),(4495,109,'2018-06-25',109,2205040),(4496,109,'2018-06-26',98,2215970),(4497,109,'2018-06-27',94,2198230),(4498,109,'2018-06-28',108,4209650),(4499,109,'2018-06-29',105,3992400),(4500,109,'2018-06-30',94,3872230),(4501,110,'2016-09-30',46,613808),(4502,110,'2016-10-01',126,677216),(4503,110,'2016-10-02',118,667753),(4504,110,'2016-10-03',124,640752),(4505,110,'2016-10-04',109,607052),(4506,110,'2016-10-05',67,652465),(4507,110,'2016-10-06',32,662726),(4508,110,'2016-10-07',68,684877),(4509,110,'2016-10-08',53,703266),(4510,110,'2016-10-09',82,714769),(4511,110,'2016-10-10',46,734888),(4512,110,'2016-10-11',84,716129),(4513,110,'2016-10-12',62,664962),(4514,110,'2016-10-13',61,698373),(4515,110,'2016-10-14',69,731472),(4516,110,'2016-10-15',77,734996),(4517,110,'2016-10-16',53,727059),(4518,110,'2016-10-17',52,738709),(4519,110,'2016-10-18',124,752200),(4520,110,'2016-10-19',123,785322),(4521,110,'2016-10-20',132,754831),(4522,110,'2016-10-21',115,771267),(4523,110,'2016-10-22',132,766334),(4524,110,'2016-10-23',131,777861),(4525,110,'2016-10-24',114,733276),(4526,110,'2016-10-25',109,747711),(4527,110,'2016-10-26',125,812006),(4528,110,'2016-10-27',55,786335),(4529,110,'2016-10-28',38,784472),(4530,110,'2016-10-29',NULL,798213),(4531,110,'2016-10-30',NULL,800603),(4532,110,'2016-10-31',NULL,785552),(4533,111,'2018-01-31',91,1832430),(4534,111,'2018-02-01',100,1903460),(4535,111,'2018-02-02',91,1912890),(4536,111,'2018-02-03',81,1835660),(4537,111,'2018-02-04',80,1818940),(4538,111,'2018-02-05',91,1765430),(4539,111,'2018-02-06',80,1858080),(4540,111,'2018-02-07',90,1911570),(4541,111,'2018-02-08',88,1992130),(4542,111,'2018-02-09',93,1954020),(4543,111,'2018-02-10',73,2026710),(4544,111,'2018-02-11',78,2021790),(4545,111,'2018-02-12',95,1866590),(4546,111,'2018-02-13',96,1921790),(4547,111,'2018-02-14',104,1929970),(4548,111,'2018-02-15',88,1937860),(4549,111,'2018-02-16',86,1919840),(4550,111,'2018-02-17',82,1962580),(4551,111,'2018-02-18',82,2023760),(4552,111,'2018-02-19',80,2019250),(4553,111,'2018-02-20',92,2007500),(4554,111,'2018-02-21',93,1982650),(4555,111,'2018-02-22',104,2030340),(4556,111,'2018-02-23',99,1964120),(4557,111,'2018-02-24',96,2116750),(4558,111,'2018-02-25',85,2158280),(4559,111,'2018-02-26',103,2033790),(4560,111,'2018-02-27',97,1973070),(4561,112,'2018-03-01',97,2668020),(4562,112,'2018-03-02',107,2449810),(4563,112,'2018-03-03',88,2406200),(4564,112,'2018-03-04',63,2471820),(4565,112,'2018-03-05',NULL,2418470),(4566,112,'2018-03-06',NULL,2418930),(4567,112,'2018-03-07',NULL,2340060),(4568,112,'2018-03-08',82,2344350),(4569,112,'2018-03-09',95,2256410),(4570,112,'2018-03-10',83,2366120),(4571,112,'2018-03-11',93,2358310),(4572,112,'2018-03-12',109,2273850),(4573,112,'2018-03-13',109,2318180),(4574,112,'2018-03-14',110,2388930),(4575,112,'2018-03-15',116,2445270),(4576,112,'2018-03-16',111,2451620),(4577,112,'2018-03-17',95,2388030),(4578,112,'2018-03-18',99,2517690),(4579,112,'2018-03-19',106,2416700),(4580,112,'2018-03-20',108,2003430),(4581,112,'2018-03-21',123,2441680),(4582,112,'2018-03-22',105,2581250),(4583,112,'2018-03-23',110,2585390),(4584,112,'2018-03-24',90,2559000),(4585,112,'2018-03-25',71,2586410),(4586,112,'2018-03-26',107,2515620),(4587,112,'2018-03-27',98,2442890),(4588,112,'2018-03-28',100,2490680),(4589,112,'2018-03-29',97,2467860),(4590,112,'2018-03-30',108,2378230),(4591,112,'2018-03-31',92,2416040),(4592,113,'2018-04-01',97,2488920),(4593,113,'2018-04-02',97,1928380),(4594,113,'2018-04-03',100,1885220),(4595,113,'2018-04-04',125,1959230),(4596,113,'2018-04-05',104,1936620),(4597,113,'2018-04-06',86,2051640),(4598,113,'2018-04-07',84,2064050),(4599,113,'2018-04-08',89,2174080),(4600,113,'2018-04-09',93,2094570),(4601,113,'2018-04-10',107,1950250),(4602,113,'2018-04-11',123,2062250),(4603,113,'2018-04-12',88,1985810),(4604,113,'2018-04-13',122,1871330),(4605,113,'2018-04-14',100,2044830),(4606,113,'2018-04-15',96,1976320),(4607,113,'2018-04-16',110,2020420),(4608,113,'2018-04-17',101,1924040),(4609,113,'2018-04-18',98,1971120),(4610,113,'2018-04-19',106,2039020),(4611,113,'2018-04-20',101,2105490),(4612,113,'2018-04-21',96,2121430),(4613,113,'2018-04-22',101,1960350),(4614,113,'2018-04-23',110,1911430),(4615,113,'2018-04-24',105,1983320),(4616,113,'2018-04-25',116,2120780),(4617,113,'2018-04-26',98,2133760),(4618,113,'2018-04-27',96,2139540),(4619,113,'2018-04-28',88,2035610),(4620,113,'2018-04-29',98,1978930),(4621,113,'2018-04-30',100,1989460),(4622,114,'2018-07-01',78,2262890),(4623,114,'2018-07-02',95,2022790),(4624,114,'2018-07-03',84,2135070),(4625,114,'2018-07-04',85,2083700),(4626,114,'2018-07-05',86,2035330),(4627,114,'2018-07-06',67,2143780),(4628,114,'2018-07-07',NULL,2019640),(4629,114,'2018-07-08',46,2065400),(4630,114,'2018-07-09',82,2086540),(4631,114,'2018-07-10',82,1884200),(4632,114,'2018-07-11',88,1882330),(4633,114,'2018-07-12',82,1875890),(4634,114,'2018-07-13',38,1912430),(4635,114,'2018-07-14',NULL,1965030),(4636,114,'2018-07-15',55,1967570),(4637,114,'2018-07-16',70,1815420),(4638,114,'2018-07-17',92,1858140),(4639,114,'2018-07-18',94,1786080),(4640,114,'2018-07-19',72,1781270),(4641,114,'2018-07-20',39,1927380),(4642,114,'2018-07-21',64,1951150),(4643,114,'2018-07-22',47,1881250),(4644,114,'2018-07-23',43,1896910),(4645,114,'2018-07-24',74,1989470),(4646,114,'2018-07-25',73,2040460),(4647,114,'2018-07-26',54,1978160),(4648,114,'2018-07-27',38,1976120),(4649,114,'2018-07-28',NULL,2068040),(4650,114,'2018-07-29',NULL,1935090),(4651,114,'2018-07-30',62,1919900),(4652,114,'2018-07-31',25,1871380),(4653,115,'2018-08-31',65,2220690),(4654,115,'2018-09-01',NULL,2497210),(4655,115,'2018-09-02',NULL,2487460),(4656,115,'2018-09-03',64,2337940),(4657,115,'2018-09-04',64,2354130),(4658,115,'2018-09-05',73,2381670),(4659,115,'2018-09-06',59,2317290),(4660,115,'2018-09-07',82,1997600),(4661,115,'2018-09-08',40,2014770),(4662,115,'2018-09-09',NULL,2024640),(4663,115,'2018-09-10',NULL,2071330),(4664,115,'2018-09-11',57,2056410),(4665,115,'2018-09-12',68,2074210),(4666,115,'2018-09-13',85,2120400),(4667,115,'2018-09-14',91,2089080),(4668,115,'2018-09-15',77,2109010),(4669,115,'2018-09-16',78,2173960),(4670,115,'2018-09-17',98,2122010),(4671,115,'2018-09-18',99,2108590),(4672,115,'2018-09-19',99,2016400),(4673,115,'2018-09-20',78,2177940),(4674,115,'2018-09-21',103,2165090),(4675,115,'2018-09-22',65,2144200),(4676,115,'2018-09-23',63,2055140),(4677,115,'2018-09-24',94,2045560),(4678,115,'2018-09-25',83,1936190),(4679,115,'2018-09-26',63,1950620),(4680,115,'2018-09-27',47,1983480),(4681,115,'2018-09-28',43,1952190),(4682,115,'2018-09-29',NULL,1976450),(4683,115,'2018-09-30',20,2009680),(4684,116,'2017-01-01',239,884220),(4685,116,'2017-01-02',254,918886),(4686,116,'2017-01-03',252,992720),(4687,116,'2017-01-04',260,979447),(4688,116,'2017-01-05',250,966928),(4689,116,'2017-01-06',212,940198),(4690,116,'2017-01-07',66,941489),(4691,116,'2017-01-08',64,917361),(4692,116,'2017-01-09',74,941063),(4693,116,'2017-01-10',86,890281),(4694,116,'2017-01-11',75,884463),(4695,116,'2017-01-12',75,909957),(4696,116,'2017-01-13',77,862574),(4697,116,'2017-01-14',64,903189),(4698,116,'2017-01-15',69,912555),(4699,116,'2017-01-16',73,867844),(4700,116,'2017-01-17',85,794699),(4701,116,'2017-01-18',77,791639),(4702,116,'2017-01-19',73,751700),(4703,116,'2017-01-20',66,794102),(4704,116,'2017-01-21',57,854156),(4705,116,'2017-01-22',64,853435),(4706,116,'2017-01-23',68,826635),(4707,116,'2017-01-24',55,838189),(4708,116,'2017-01-25',57,809708),(4709,116,'2017-01-26',57,698067),(4710,116,'2017-01-27',67,796712),(4711,116,'2017-01-28',50,815406),(4712,116,'2017-01-29',59,826017),(4713,116,'2017-01-30',61,817543),(4714,116,'2017-01-31',62,100191),(4715,117,'2018-01-31',397,1832430),(4716,117,'2018-02-01',392,1903460),(4717,117,'2018-02-02',383,1912890),(4718,117,'2018-02-03',328,1835660),(4719,117,'2018-02-04',322,1818940),(4720,117,'2018-02-05',374,1765430),(4721,117,'2018-02-06',400,1858080),(4722,117,'2018-02-07',404,1911570),(4723,117,'2018-02-08',386,1992130),(4724,117,'2018-02-09',400,1954020),(4725,117,'2018-02-10',331,2026710),(4726,117,'2018-02-11',321,2021790),(4727,117,'2018-02-12',407,1866590),(4728,117,'2018-02-13',403,1921790),(4729,117,'2018-02-14',413,1929970),(4730,117,'2018-02-15',395,1937860),(4731,117,'2018-02-16',390,1919840),(4732,117,'2018-02-17',335,1962580),(4733,117,'2018-02-18',334,2023760),(4734,117,'2018-02-19',334,2019250),(4735,117,'2018-02-20',387,2007500),(4736,117,'2018-02-21',383,1982650),(4737,117,'2018-02-22',413,2030340),(4738,117,'2018-02-23',411,1964120),(4739,117,'2018-02-24',328,2116750),(4740,117,'2018-02-25',331,2158280),(4741,117,'2018-02-26',398,2033790),(4742,117,'2018-02-27',404,1973070),(4743,118,'2018-03-01',397,2668020),(4744,118,'2018-03-02',419,2449810),(4745,118,'2018-03-03',359,2406200),(4746,118,'2018-03-04',363,2471820),(4747,118,'2018-03-05',415,2418470),(4748,118,'2018-03-06',450,2418930),(4749,118,'2018-03-07',372,2340060),(4750,118,'2018-03-08',430,2344350),(4751,118,'2018-03-09',425,2256410),(4752,118,'2018-03-10',369,2366120),(4753,118,'2018-03-11',392,2358310),(4754,118,'2018-03-12',456,2273850),(4755,118,'2018-03-13',446,2318180),(4756,118,'2018-03-14',456,2388930),(4757,118,'2018-03-15',454,2445270),(4758,118,'2018-03-16',446,2451620),(4759,118,'2018-03-17',397,2388030),(4760,118,'2018-03-18',407,2517690),(4761,118,'2018-03-19',456,2416700),(4762,118,'2018-03-20',450,2003430),(4763,118,'2018-03-21',486,2441680),(4764,118,'2018-03-22',468,2581250),(4765,118,'2018-03-23',468,2585390),(4766,118,'2018-03-24',398,2559000),(4767,118,'2018-03-25',404,2586410),(4768,118,'2018-03-26',484,2515620),(4769,118,'2018-03-27',524,2442890),(4770,118,'2018-03-28',513,2490680),(4771,118,'2018-03-29',530,2467860),(4772,118,'2018-03-30',522,2378230),(4773,118,'2018-03-31',453,2416040),(4774,119,'2018-04-01',463,2488920),(4775,119,'2018-04-02',517,1928380),(4776,119,'2018-04-03',518,1885220),(4777,119,'2018-04-04',488,1959230),(4778,119,'2018-04-05',485,1936620),(4779,119,'2018-04-06',430,2051640),(4780,119,'2018-04-07',438,2064050),(4781,119,'2018-04-08',433,2174080),(4782,119,'2018-04-09',440,2094570),(4783,119,'2018-04-10',484,1950250),(4784,119,'2018-04-11',475,2062250),(4785,119,'2018-04-12',490,1985810),(4786,119,'2018-04-13',454,1871330),(4787,119,'2018-04-14',414,2044830),(4788,119,'2018-04-15',414,1976320),(4789,119,'2018-04-16',486,2020420),(4790,119,'2018-04-17',489,1924040),(4791,119,'2018-04-18',498,1971120),(4792,119,'2018-04-19',497,2039020),(4793,119,'2018-04-20',465,2105490),(4794,119,'2018-04-21',436,2121430),(4795,119,'2018-04-22',445,1960350),(4796,119,'2018-04-23',481,1911430),(4797,119,'2018-04-24',492,1983320),(4798,119,'2018-04-25',481,2120780),(4799,119,'2018-04-26',488,2133760),(4800,119,'2018-04-27',489,2139540),(4801,119,'2018-04-28',468,2035610),(4802,119,'2018-04-29',464,1978930),(4803,119,'2018-04-30',535,1989460),(4804,120,'2018-05-01',441,2653640),(4805,120,'2018-05-02',509,2072600),(4806,120,'2018-05-03',515,2040860),(4807,120,'2018-05-04',531,1997650),(4808,120,'2018-05-05',480,2120220),(4809,120,'2018-05-06',469,2193870),(4810,120,'2018-05-07',524,2044670),(4811,120,'2018-05-08',544,1973000),(4812,120,'2018-05-09',518,1996760),(4813,120,'2018-05-10',508,2022700),(4814,120,'2018-05-11',499,2051200),(4815,120,'2018-05-12',440,2137720),(4816,120,'2018-05-13',441,2098070),(4817,120,'2018-05-14',521,2115010),(4818,120,'2018-05-15',522,2107640),(4819,120,'2018-05-16',542,2109560),(4820,120,'2018-05-17',552,2094560),(4821,120,'2018-05-18',567,2205810),(4822,120,'2018-05-19',499,2057830),(4823,120,'2018-05-20',474,2184110),(4824,120,'2018-05-21',535,2081090),(4825,120,'2018-05-22',548,2083180),(4826,120,'2018-05-23',555,2011740),(4827,120,'2018-05-24',542,1963040),(4828,120,'2018-05-25',534,2200000),(4829,120,'2018-05-26',478,2436340),(4830,120,'2018-05-27',493,2429700),(4831,120,'2018-05-28',489,2288310),(4832,120,'2018-05-29',543,2174650),(4833,120,'2018-05-30',529,2205320),(4834,120,'2018-05-31',553,2252110),(4835,121,'2018-06-01',533,2794170),(4836,121,'2018-06-02',475,2368580),(4837,121,'2018-06-03',475,2350130),(4838,121,'2018-06-04',551,2302360),(4839,121,'2018-06-05',544,2302120),(4840,121,'2018-06-06',542,2265660),(4841,121,'2018-06-07',539,2272510),(4842,121,'2018-06-08',530,2261850),(4843,121,'2018-06-09',465,2377530),(4844,121,'2018-06-10',498,2458000),(4845,121,'2018-06-11',552,2362600),(4846,121,'2018-06-12',531,2260570),(4847,121,'2018-06-13',531,2297640),(4848,121,'2018-06-14',512,2290770),(4849,121,'2018-06-15',502,2230970),(4850,121,'2018-06-16',439,2260650),(4851,121,'2018-06-17',455,2207650),(4852,121,'2018-06-18',520,2012450),(4853,121,'2018-06-19',503,2089060),(4854,121,'2018-06-20',503,2028770),(4855,121,'2018-06-21',495,2118140),(4856,121,'2018-06-22',478,2319910),(4857,121,'2018-06-23',431,2265850),(4858,121,'2018-06-24',411,2267330),(4859,121,'2018-06-25',498,2205040),(4860,121,'2018-06-26',512,2215970),(4861,121,'2018-06-27',493,2198230),(4862,121,'2018-06-28',488,4209650),(4863,121,'2018-06-29',479,3992400),(4864,121,'2018-06-30',448,3872230),(4865,122,'2018-07-01',433,2262890),(4866,122,'2018-07-02',530,2022790),(4867,122,'2018-07-03',540,2135070),(4868,122,'2018-07-04',543,2083700),(4869,122,'2018-07-05',530,2035330),(4870,122,'2018-07-06',508,2143780),(4871,122,'2018-07-07',444,2019640),(4872,122,'2018-07-08',441,2065400),(4873,122,'2018-07-09',513,2086540),(4874,122,'2018-07-10',506,1884200),(4875,122,'2018-07-11',509,1882330),(4876,122,'2018-07-12',513,1875890),(4877,122,'2018-07-13',498,1912430),(4878,122,'2018-07-14',433,1965030),(4879,122,'2018-07-15',440,1967570),(4880,122,'2018-07-16',517,1815420),(4881,122,'2018-07-17',500,1858140),(4882,122,'2018-07-18',494,1786080),(4883,122,'2018-07-19',480,1781270),(4884,122,'2018-07-20',475,1927380),(4885,122,'2018-07-21',422,1951150),(4886,122,'2018-07-22',409,1881250),(4887,122,'2018-07-23',464,1896910),(4888,122,'2018-07-24',460,1989470),(4889,122,'2018-07-25',464,2040460),(4890,122,'2018-07-26',450,1978160),(4891,122,'2018-07-27',473,1976120),(4892,122,'2018-07-28',407,2068040),(4893,122,'2018-07-29',398,1935090),(4894,122,'2018-07-30',470,1919900),(4895,122,'2018-07-31',489,1871380),(4896,123,'2018-09-01',352,2497210),(4897,123,'2018-09-02',346,2487460),(4898,123,'2018-09-03',417,2337940),(4899,123,'2018-09-04',400,2354130),(4900,123,'2018-09-05',401,2381670),(4901,123,'2018-09-06',407,2317290),(4902,123,'2018-09-07',360,1997600),(4903,123,'2018-09-08',326,2014770),(4904,123,'2018-09-09',317,2024640),(4905,123,'2018-09-10',369,2071330),(4906,123,'2018-09-11',360,2056410),(4907,123,'2018-09-12',373,2074210),(4908,123,'2018-09-13',359,2120400),(4909,123,'2018-09-14',397,2089080),(4910,123,'2018-09-15',343,2109010),(4911,123,'2018-09-16',342,2173960),(4912,123,'2018-09-17',397,2122010),(4913,123,'2018-09-18',415,2108590),(4914,123,'2018-09-19',392,2016400),(4915,123,'2018-09-20',396,2177940),(4916,123,'2018-09-21',385,2165090),(4917,123,'2018-09-22',355,2144200),(4918,123,'2018-09-23',363,2055140),(4919,123,'2018-09-24',439,2045560),(4920,123,'2018-09-25',451,1936190),(4921,123,'2018-09-26',425,1950620),(4922,123,'2018-09-27',428,1983480),(4923,123,'2018-09-28',415,1952190),(4924,123,'2018-09-29',353,1976450),(4925,123,'2018-09-30',357,2009680),(4926,124,'2018-01-31',2243,1832430),(4927,124,'2018-02-01',2210,1903460),(4928,124,'2018-02-02',2096,1912890),(4929,124,'2018-02-03',1961,1835660),(4930,124,'2018-02-04',1877,1818940),(4931,124,'2018-02-05',2027,1765430),(4932,124,'2018-02-06',2121,1858080),(4933,124,'2018-02-07',2077,1911570),(4934,124,'2018-02-08',2017,1992130),(4935,124,'2018-02-09',2088,1954020),(4936,124,'2018-02-10',1977,2026710),(4937,124,'2018-02-11',1920,2021790),(4938,124,'2018-02-12',2090,1866590),(4939,124,'2018-02-13',2052,1921790),(4940,124,'2018-02-14',1943,1929970),(4941,124,'2018-02-15',2003,1937860),(4942,124,'2018-02-16',1993,1919840),(4943,124,'2018-02-17',1961,1962580),(4944,124,'2018-02-18',1887,2023760),(4945,124,'2018-02-19',1988,2019250),(4946,124,'2018-02-20',2066,2007500),(4947,124,'2018-02-21',2074,1982650),(4948,124,'2018-02-22',2038,2030340),(4949,124,'2018-02-23',2071,1964120),(4950,124,'2018-02-24',1959,2116750),(4951,124,'2018-02-25',1948,2158280),(4952,124,'2018-02-26',2063,2033790),(4953,124,'2018-02-27',2017,1973070),(4954,125,'2018-03-01',1988,2668020),(4955,125,'2018-03-02',1902,2449810),(4956,125,'2018-03-03',1897,2406200),(4957,125,'2018-03-04',1801,2471820),(4958,125,'2018-03-05',2022,2418470),(4959,125,'2018-03-06',1946,2418930),(4960,125,'2018-03-07',1897,2340060),(4961,125,'2018-03-08',2049,2344350),(4962,125,'2018-03-09',1959,2256410),(4963,125,'2018-03-10',1897,2366120),(4964,125,'2018-03-11',1850,2358310),(4965,125,'2018-03-12',2041,2273850),(4966,125,'2018-03-13',2001,2318180),(4967,125,'2018-03-14',1959,2388930),(4968,125,'2018-03-15',1925,2445270),(4969,125,'2018-03-16',2057,2451620),(4970,125,'2018-03-17',1875,2388030),(4971,125,'2018-03-18',1895,2517690),(4972,125,'2018-03-19',2046,2416700),(4973,125,'2018-03-20',1877,2003430),(4974,125,'2018-03-21',2090,2441680),(4975,125,'2018-03-22',1998,2581250),(4976,125,'2018-03-23',1941,2585390),(4977,125,'2018-03-24',1789,2559000),(4978,125,'2018-03-25',1806,2586410),(4979,125,'2018-03-26',1912,2515620),(4980,125,'2018-03-27',1977,2442890),(4981,125,'2018-03-28',2057,2490680),(4982,125,'2018-03-29',1946,2467860),(4983,125,'2018-03-30',2036,2378230),(4984,125,'2018-03-31',2030,2416040),(4985,126,'2018-04-01',2006,2488920),(4986,126,'2018-04-02',2088,1928380),(4987,126,'2018-04-03',2085,1885220),(4988,126,'2018-04-04',2196,1959230),(4989,126,'2018-04-05',2071,1936620),(4990,126,'2018-04-06',2009,2051640),(4991,126,'2018-04-07',2038,2064050),(4992,126,'2018-04-08',2079,2174080),(4993,126,'2018-04-09',2044,2094570),(4994,126,'2018-04-10',2199,1950250),(4995,126,'2018-04-11',2240,2062250),(4996,126,'2018-04-12',2172,1985810),(4997,126,'2018-04-13',2164,1871330),(4998,126,'2018-04-14',2041,2044830),(4999,126,'2018-04-15',2014,1976320),(5000,126,'2018-04-16',2164,2020420),(5001,126,'2018-04-17',1897,1924040),(5002,126,'2018-04-18',1892,1971120),(5003,126,'2018-04-19',1775,2039020),(5004,126,'2018-04-20',1760,2105490),(5005,126,'2018-04-21',1639,2121430),(5006,126,'2018-04-22',1242,1960350),(5007,126,'2018-04-23',1386,1911430),(5008,126,'2018-04-24',1628,1983320),(5009,126,'2018-04-25',2033,2120780),(5010,126,'2018-04-26',2079,2133760),(5011,126,'2018-04-27',2055,2139540),(5012,126,'2018-04-28',2019,2035610),(5013,126,'2018-04-29',1905,1978930),(5014,126,'2018-04-30',2014,1989460),(5015,127,'2018-05-01',2101,2653640),(5016,127,'2018-05-02',2199,2072600),(5017,127,'2018-05-03',2121,2040860),(5018,127,'2018-05-04',2285,1997650),(5019,127,'2018-05-05',2190,2120220),(5020,127,'2018-05-06',2175,2193870),(5021,127,'2018-05-07',2411,2044670),(5022,127,'2018-05-08',2307,1973000),(5023,127,'2018-05-09',2190,1996760),(5024,127,'2018-05-10',2181,2022700),(5025,127,'2018-05-11',2240,2051200),(5026,127,'2018-05-12',2118,2137720),(5027,127,'2018-05-13',2118,2098070),(5028,127,'2018-05-14',2144,2115010),(5029,127,'2018-05-15',1953,2107640),(5030,127,'2018-05-16',2041,2109560),(5031,127,'2018-05-17',2055,2094560),(5032,127,'2018-05-18',2141,2205810),(5033,127,'2018-05-19',2074,2057830),(5034,127,'2018-05-20',2113,2184110),(5035,127,'2018-05-21',2225,2081090),(5036,127,'2018-05-22',1993,2083180),(5037,127,'2018-05-23',1374,2011740),(5038,127,'2018-05-24',1331,1963040),(5039,127,'2018-05-25',1446,2200000),(5040,127,'2018-05-26',1418,2436340),(5041,127,'2018-05-27',1314,2429700),(5042,127,'2018-05-28',1312,2288310),(5043,127,'2018-05-29',1442,2174650),(5044,127,'2018-05-30',1392,2205320),(5045,127,'2018-05-31',1791,2252110),(5046,128,'2018-06-01',2063,2794170),(5047,128,'2018-06-02',2152,2368580),(5048,128,'2018-06-03',2099,2350130),(5049,128,'2018-06-04',2288,2302360),(5050,128,'2018-06-05',2310,2302120),(5051,128,'2018-06-06',2316,2265660),(5052,128,'2018-06-07',2291,2272510),(5053,128,'2018-06-08',2255,2261850),(5054,128,'2018-06-09',2310,2377530),(5055,128,'2018-06-10',2598,2458000),(5056,128,'2018-06-11',2480,2362600),(5057,128,'2018-06-12',2401,2260570),(5058,128,'2018-06-13',2392,2297640),(5059,128,'2018-06-14',2411,2290770),(5060,128,'2018-06-15',2392,2230970),(5061,128,'2018-06-16',2294,2260650),(5062,128,'2018-06-17',2294,2207650),(5063,128,'2018-06-18',2431,2012450),(5064,128,'2018-06-19',2434,2089060),(5065,128,'2018-06-20',2411,2028770),(5066,128,'2018-06-21',2398,2118140),(5067,128,'2018-06-22',2304,2319910),(5068,128,'2018-06-23',2258,2265850),(5069,128,'2018-06-24',2246,2267330),(5070,128,'2018-06-25',2325,2205040),(5071,128,'2018-06-26',2322,2215970),(5072,128,'2018-06-27',2298,2198230),(5073,128,'2018-06-28',2338,4209650),(5074,128,'2018-06-29',2369,3992400),(5075,128,'2018-06-30',2369,3872230),(5076,129,'2018-07-01',2276,2262890),(5077,129,'2018-07-02',2347,2022790),(5078,129,'2018-07-03',2411,2135070),(5079,129,'2018-07-04',2637,2083700),(5080,129,'2018-07-05',2528,2035330),(5081,129,'2018-07-06',2497,2143780),(5082,129,'2018-07-07',2427,2019640),(5083,129,'2018-07-08',2385,2065400),(5084,129,'2018-07-09',2514,2086540),(5085,129,'2018-07-10',1483,1884200),(5086,129,'2018-07-11',685,1882330),(5087,129,'2018-07-12',776,1875890),(5088,129,'2018-07-13',794,1912430),(5089,129,'2018-07-14',795,1965030),(5090,129,'2018-07-15',795,1967570),(5091,129,'2018-07-16',912,1815420),(5092,129,'2018-07-17',786,1858140),(5093,129,'2018-07-18',873,1786080),(5094,129,'2018-07-19',940,1781270),(5095,129,'2018-07-20',1114,1927380),(5096,129,'2018-07-21',1044,1951150),(5097,129,'2018-07-22',1295,1881250),(5098,129,'2018-07-23',1134,1896910),(5099,129,'2018-07-24',1177,1989470),(5100,129,'2018-07-25',1335,2040460),(5101,129,'2018-07-26',1424,1978160),(5102,129,'2018-07-27',1245,1976120),(5103,129,'2018-07-28',1426,2068040),(5104,129,'2018-07-29',1309,1935090),(5105,129,'2018-07-30',1205,1919900),(5106,129,'2018-07-31',1073,1871380),(5107,130,'2018-08-31',2988,2220690),(5108,130,'2018-09-01',3076,2497210),(5109,130,'2018-09-02',3099,2487460),(5110,130,'2018-09-03',3131,2337940),(5111,130,'2018-09-04',3131,2354130),(5112,130,'2018-09-05',3099,2381670),(5113,130,'2018-09-06',3145,2317290),(5114,130,'2018-09-07',3150,1997600),(5115,130,'2018-09-08',3182,2014770),(5116,130,'2018-09-09',2988,2024640),(5117,130,'2018-09-10',3211,2071330),(5118,130,'2018-09-11',3240,2056410),(5119,130,'2018-09-12',3289,2074210),(5120,130,'2018-09-13',3187,2120400),(5121,130,'2018-09-14',3566,2089080),(5122,130,'2018-09-15',3555,2109010),(5123,130,'2018-09-16',3589,2173960),(5124,130,'2018-09-17',3672,2122010),(5125,130,'2018-09-18',3648,2108590),(5126,130,'2018-09-19',3672,2016400),(5127,130,'2018-09-20',3583,2177940),(5128,130,'2018-09-21',3566,2165090),(5129,130,'2018-09-22',3510,2144200),(5130,130,'2018-09-23',3455,2055140),(5131,130,'2018-09-24',3122,2045560),(5132,130,'2018-09-25',2418,1936190),(5133,130,'2018-09-26',2193,1950620),(5134,130,'2018-09-27',2587,1983480),(5135,130,'2018-09-28',2685,1952190),(5136,130,'2018-09-29',2360,1976450),(5137,130,'2018-09-30',2213,2009680),(5138,131,'2016-12-31',260,779747),(5139,131,'2017-01-01',253,884220),(5140,131,'2017-01-02',270,918886),(5141,131,'2017-01-03',287,992720),(5142,131,'2017-01-04',316,979447),(5143,131,'2017-01-05',293,966928),(5144,131,'2017-01-06',246,940198),(5145,131,'2017-01-07',223,941489),(5146,131,'2017-01-08',229,917361),(5147,131,'2017-01-09',261,941063),(5148,131,'2017-01-10',279,890281),(5149,131,'2017-01-11',251,884463),(5150,131,'2017-01-12',288,909957),(5151,131,'2017-01-13',296,862574),(5152,131,'2017-01-14',243,903189),(5153,131,'2017-01-15',213,912555),(5154,131,'2017-01-16',291,867844),(5155,131,'2017-01-17',293,794699),(5156,131,'2017-01-18',263,791639),(5157,131,'2017-01-19',251,751700),(5158,131,'2017-01-20',264,794102),(5159,131,'2017-01-21',235,854156),(5160,131,'2017-01-22',215,853435),(5161,131,'2017-01-23',277,826635),(5162,131,'2017-01-24',270,838189),(5163,131,'2017-01-25',270,809708),(5164,131,'2017-01-26',258,698067),(5165,131,'2017-01-27',256,796712),(5166,131,'2017-01-28',227,815406),(5167,131,'2017-01-29',230,826017),(5168,131,'2017-01-30',283,817543),(5169,132,'2018-01-31',315,1832430),(5170,132,'2018-02-01',299,1903460),(5171,132,'2018-02-02',315,1912890),(5172,132,'2018-02-03',202,1835660),(5173,132,'2018-02-04',254,1818940),(5174,132,'2018-02-05',317,1765430),(5175,132,'2018-02-06',326,1858080),(5176,132,'2018-02-07',315,1911570),(5177,132,'2018-02-08',317,1992130),(5178,132,'2018-02-09',313,1954020),(5179,132,'2018-02-10',255,2026710),(5180,132,'2018-02-11',242,2021790),(5181,132,'2018-02-12',290,1866590),(5182,132,'2018-02-13',283,1921790),(5183,132,'2018-02-14',283,1929970),(5184,132,'2018-02-15',277,1937860),(5185,132,'2018-02-16',265,1919840),(5186,132,'2018-02-17',245,1962580),(5187,132,'2018-02-18',234,2023760),(5188,132,'2018-02-19',252,2019250),(5189,132,'2018-02-20',291,2007500),(5190,132,'2018-02-21',300,1982650),(5191,132,'2018-02-22',279,2030340),(5192,132,'2018-02-23',301,1964120),(5193,132,'2018-02-24',253,2116750),(5194,132,'2018-02-25',225,2158280),(5195,132,'2018-02-26',243,2033790),(5196,132,'2018-02-27',300,1973070),(5197,133,'2018-03-01',283,2668020),(5198,133,'2018-03-02',295,2449810),(5199,133,'2018-03-03',263,2406200),(5200,133,'2018-03-04',233,2471820),(5201,133,'2018-03-05',306,2418470),(5202,133,'2018-03-06',319,2418930),(5203,133,'2018-03-07',296,2340060),(5204,133,'2018-03-08',302,2344350),(5205,133,'2018-03-09',293,2256410),(5206,133,'2018-03-10',262,2366120),(5207,133,'2018-03-11',250,2358310),(5208,133,'2018-03-12',301,2273850),(5209,133,'2018-03-13',316,2318180),(5210,133,'2018-03-14',308,2388930),(5211,133,'2018-03-15',300,2445270),(5212,133,'2018-03-16',308,2451620),(5213,133,'2018-03-17',275,2388030),(5214,133,'2018-03-18',258,2517690),(5215,133,'2018-03-19',309,2416700),(5216,133,'2018-03-20',286,2003430),(5217,133,'2018-03-21',301,2441680),(5218,133,'2018-03-22',309,2581250),(5219,133,'2018-03-23',341,2585390),(5220,133,'2018-03-24',306,2559000),(5221,133,'2018-03-25',280,2586410),(5222,133,'2018-03-26',357,2515620),(5223,133,'2018-03-27',349,2442890),(5224,133,'2018-03-28',323,2490680),(5225,133,'2018-03-29',331,2467860),(5226,133,'2018-03-30',338,2378230),(5227,133,'2018-03-31',309,2416040),(5228,134,'2016-03-31',33,4629.29),(5229,134,'2016-04-01',6,2947.47),(5230,134,'2016-04-02',5,2933.49),(5231,134,'2016-04-03',6,3578.29),(5232,134,'2016-04-04',7,4334.75),(5233,134,'2016-04-05',6,4309.29),(5234,134,'2016-04-06',8,4884.21),(5235,134,'2016-04-07',9,2593.22),(5236,134,'2016-04-08',8,2540.14),(5237,134,'2016-04-09',NULL,2503.66),(5238,134,'2016-04-10',NULL,2190.77),(5239,134,'2016-04-11',NULL,2290.34),(5240,134,'2016-04-12',NULL,1906.73),(5241,134,'2016-04-13',NULL,4344.92),(5242,134,'2016-04-14',NULL,21418.2),(5243,134,'2016-04-15',NULL,18338.2),(5244,134,'2016-04-16',NULL,16686.8),(5245,134,'2016-04-17',NULL,15782.8),(5246,134,'2016-04-18',NULL,15691.3),(5247,134,'2016-04-19',NULL,15530.1),(5248,134,'2016-04-20',NULL,3214.18),(5249,134,'2016-04-21',NULL,12942.6),(5250,134,'2016-04-22',NULL,34046.9),(5251,134,'2016-04-23',NULL,36777.7),(5252,134,'2016-04-24',NULL,38805),(5253,134,'2016-04-25',224,38951.2),(5254,134,'2016-04-26',412,52426.2),(5255,134,'2016-04-27',495,57181.8),(5256,134,'2016-04-28',635,58534.2),(5257,134,'2016-04-29',580,54084.4),(5258,135,'2018-04-01',290,2488920),(5259,135,'2018-04-02',349,1928380),(5260,135,'2018-04-03',341,1885220),(5261,135,'2018-04-04',335,1959230),(5262,135,'2018-04-05',340,1936620),(5263,135,'2018-04-06',299,2051640),(5264,135,'2018-04-07',287,2064050),(5265,135,'2018-04-08',278,2174080),(5266,135,'2018-04-09',298,2094570),(5267,135,'2018-04-10',336,1950250),(5268,135,'2018-04-11',334,2062250),(5269,135,'2018-04-12',334,1985810),(5270,135,'2018-04-13',373,1871330),(5271,135,'2018-04-14',315,2044830),(5272,135,'2018-04-15',295,1976320),(5273,135,'2018-04-16',362,2020420),(5274,135,'2018-04-17',377,1924040),(5275,135,'2018-04-18',393,1971120),(5276,135,'2018-04-19',390,2039020),(5277,135,'2018-04-20',379,2105490),(5278,135,'2018-04-21',335,2121430),(5279,135,'2018-04-22',329,1960350),(5280,135,'2018-04-23',386,1911430),(5281,135,'2018-04-24',392,1983320),(5282,135,'2018-04-25',389,2120780),(5283,135,'2018-04-26',378,2133760),(5284,135,'2018-04-27',366,2139540),(5285,135,'2018-04-28',333,2035610),(5286,135,'2018-04-29',336,1978930),(5287,135,'2018-04-30',396,1989460),(5288,136,'2018-05-01',337,2653640),(5289,136,'2018-05-02',347,2072600),(5290,136,'2018-05-03',395,2040860),(5291,136,'2018-05-04',347,1997650),(5292,136,'2018-05-05',300,2120220),(5293,136,'2018-05-06',312,2193870),(5294,136,'2018-05-07',359,2044670),(5295,136,'2018-05-08',356,1973000),(5296,136,'2018-05-09',374,1996760),(5297,136,'2018-05-10',375,2022700),(5298,136,'2018-05-11',374,2051200),(5299,136,'2018-05-12',321,2137720),(5300,136,'2018-05-13',301,2098070),(5301,136,'2018-05-14',373,2115010),(5302,136,'2018-05-15',378,2107640),(5303,136,'2018-05-16',350,2109560),(5304,136,'2018-05-17',340,2094560),(5305,136,'2018-05-18',347,2205810),(5306,136,'2018-05-19',292,2057830),(5307,136,'2018-05-20',288,2184110),(5308,136,'2018-05-21',348,2081090),(5309,136,'2018-05-22',368,2083180),(5310,136,'2018-05-23',336,2011740),(5311,136,'2018-05-24',371,1963040),(5312,136,'2018-05-25',323,2200000),(5313,136,'2018-05-26',284,2436340),(5314,136,'2018-05-27',280,2429700),(5315,136,'2018-05-28',261,2288310),(5316,136,'2018-05-29',344,2174650),(5317,136,'2018-05-30',353,2205320),(5318,136,'2018-05-31',337,2252110),(5319,137,'2017-05-31',406,1019540),(5320,137,'2017-06-01',378,996145),(5321,137,'2017-06-02',381,997095),(5322,137,'2017-06-03',273,1046620),(5323,137,'2017-06-04',301,1043130),(5324,137,'2017-06-05',315,1126700),(5325,137,'2017-06-06',371,1087700),(5326,137,'2017-06-07',366,1090870),(5327,137,'2017-06-08',326,996888),(5328,137,'2017-06-09',338,937610),(5329,137,'2017-06-10',296,918002),(5330,137,'2017-06-11',280,901317),(5331,137,'2017-06-12',379,939845),(5332,137,'2017-06-13',366,1020950),(5333,137,'2017-06-14',385,1044420),(5334,137,'2017-06-15',372,1005300),(5335,137,'2017-06-16',371,1062960),(5336,137,'2017-06-17',280,948915),(5337,137,'2017-06-18',288,1012320),(5338,137,'2017-06-19',389,982633),(5339,137,'2017-06-20',386,999816),(5340,137,'2017-06-21',375,963791),(5341,137,'2017-06-22',393,945506),(5342,137,'2017-06-23',391,1160800),(5343,137,'2017-06-24',251,975545),(5344,137,'2017-06-25',283,840804),(5345,137,'2017-06-26',324,797291),(5346,137,'2017-06-27',347,880796),(5347,137,'2017-06-28',362,942476),(5348,137,'2017-06-29',375,935154),(5349,137,'2017-06-30',NULL,72696.4),(5350,138,'2018-06-01',322,2794170),(5351,138,'2018-06-02',269,2368580),(5352,138,'2018-06-03',259,2350130),(5353,138,'2018-06-04',319,2302360),(5354,138,'2018-06-05',331,2302120),(5355,138,'2018-06-06',323,2265660),(5356,138,'2018-06-07',361,2272510),(5357,138,'2018-06-08',336,2261850),(5358,138,'2018-06-09',299,2377530),(5359,138,'2018-06-10',300,2458000),(5360,138,'2018-06-11',341,2362600),(5361,138,'2018-06-12',347,2260570),(5362,138,'2018-06-13',350,2297640),(5363,138,'2018-06-14',347,2290770),(5364,138,'2018-06-15',272,2230970),(5365,138,'2018-06-16',275,2260650),(5366,138,'2018-06-17',264,2207650),(5367,138,'2018-06-18',323,2012450),(5368,138,'2018-06-19',331,2089060),(5369,138,'2018-06-20',335,2028770),(5370,138,'2018-06-21',330,2118140),(5371,138,'2018-06-22',317,2319910),(5372,138,'2018-06-23',292,2265850),(5373,138,'2018-06-24',269,2267330),(5374,138,'2018-06-25',338,2205040),(5375,138,'2018-06-26',333,2215970),(5376,138,'2018-06-27',323,2198230),(5377,138,'2018-06-28',340,4209650),(5378,138,'2018-06-29',342,3992400),(5379,138,'2018-06-30',292,3872230),(5380,139,'2018-07-01',204,2262890),(5381,139,'2018-07-02',365,2022790),(5382,139,'2018-07-03',343,2135070),(5383,139,'2018-07-04',396,2083700),(5384,139,'2018-07-05',398,2035330),(5385,139,'2018-07-06',435,2143780),(5386,139,'2018-07-07',393,2019640),(5387,139,'2018-07-08',387,2065400),(5388,139,'2018-07-09',502,2086540),(5389,139,'2018-07-10',463,1884200),(5390,139,'2018-07-11',450,1882330),(5391,139,'2018-07-12',454,1875890),(5392,139,'2018-07-13',443,1912430),(5393,139,'2018-07-14',395,1965030),(5394,139,'2018-07-15',380,1967570),(5395,139,'2018-07-16',456,1815420),(5396,139,'2018-07-17',484,1858140),(5397,139,'2018-07-18',404,1786080),(5398,139,'2018-07-19',423,1781270),(5399,139,'2018-07-20',424,1927380),(5400,139,'2018-07-21',409,1951150),(5401,139,'2018-07-22',386,1881250),(5402,139,'2018-07-23',466,1896910),(5403,139,'2018-07-24',435,1989470),(5404,139,'2018-07-25',439,2040460),(5405,139,'2018-07-26',455,1978160),(5406,139,'2018-07-27',430,1976120),(5407,139,'2018-07-28',408,2068040),(5408,139,'2018-07-29',386,1935090),(5409,139,'2018-07-30',476,1919900),(5410,139,'2018-07-31',439,1871380),(5411,140,'2018-08-31',418,2220690),(5412,140,'2018-09-01',389,2497210),(5413,140,'2018-09-02',381,2487460),(5414,140,'2018-09-03',463,2337940),(5415,140,'2018-09-04',457,2354130),(5416,140,'2018-09-05',456,2381670),(5417,140,'2018-09-06',420,2317290),(5418,140,'2018-09-07',407,1997600),(5419,140,'2018-09-08',407,2014770),(5420,140,'2018-09-09',408,2024640),(5421,140,'2018-09-10',459,2071330),(5422,140,'2018-09-11',446,2056410),(5423,140,'2018-09-12',445,2074210),(5424,140,'2018-09-13',436,2120400),(5425,140,'2018-09-14',450,2089080),(5426,140,'2018-09-15',422,2109010),(5427,140,'2018-09-16',412,2173960),(5428,140,'2018-09-17',466,2122010),(5429,140,'2018-09-18',454,2108590),(5430,140,'2018-09-19',272,2016400),(5431,140,'2018-09-20',492,2177940),(5432,140,'2018-09-21',435,2165090),(5433,140,'2018-09-22',413,2144200),(5434,140,'2018-09-23',379,2055140),(5435,140,'2018-09-24',464,2045560),(5436,140,'2018-09-25',456,1936190),(5437,140,'2018-09-26',463,1950620),(5438,140,'2018-09-27',473,1983480),(5439,140,'2018-09-28',434,1952190),(5440,140,'2018-09-29',408,1976450),(5441,140,'2018-09-30',408,2009680),(5442,141,'2016-09-30',344,613808),(5443,141,'2016-10-01',315,677216),(5444,141,'2016-10-02',302,667753),(5445,141,'2016-10-03',320,640752),(5446,141,'2016-10-04',349,607052),(5447,141,'2016-10-05',324,652465),(5448,141,'2016-10-06',337,662726),(5449,141,'2016-10-07',329,684877),(5450,141,'2016-10-08',292,703266),(5451,141,'2016-10-09',308,714769),(5452,141,'2016-10-10',357,734888),(5453,141,'2016-10-11',374,716129),(5454,141,'2016-10-12',373,664962),(5455,141,'2016-10-13',381,698373),(5456,141,'2016-10-14',391,731472),(5457,141,'2016-10-15',356,734996),(5458,141,'2016-10-16',348,727059),(5459,141,'2016-10-17',369,738709),(5460,141,'2016-10-18',371,752200),(5461,141,'2016-10-19',366,785322),(5462,141,'2016-10-20',347,754831),(5463,141,'2016-10-21',362,771267),(5464,141,'2016-10-22',319,766334),(5465,141,'2016-10-23',323,777861),(5466,141,'2016-10-24',357,733276),(5467,141,'2016-10-25',356,747711),(5468,141,'2016-10-26',326,812006),(5469,141,'2016-10-27',335,786335),(5470,141,'2016-10-28',262,784472),(5471,141,'2016-10-29',243,798213),(5472,141,'2016-10-30',255,800603),(5473,141,'2016-10-31',293,785552),(5474,142,'2017-12-30',440,233162),(5475,142,'2017-12-31',431,462175),(5476,142,'2018-01-01',464,468822),(5477,142,'2018-01-02',480,502270),(5478,142,'2018-01-03',484,501763),(5479,142,'2018-01-04',457,491080),(5480,142,'2018-01-05',457,484214),(5481,142,'2018-01-06',435,467059),(5482,142,'2018-01-07',420,472585),(5483,142,'2018-01-08',436,474207),(5484,142,'2018-01-09',423,499832),(5485,142,'2018-01-10',446,489048),(5486,142,'2018-01-11',424,449390),(5487,142,'2018-01-12',423,474939),(5488,142,'2018-01-13',415,497237),(5489,142,'2018-01-14',419,524093),(5490,142,'2018-01-15',444,516398),(5491,142,'2018-01-16',445,486358),(5492,142,'2018-01-17',466,509252),(5493,142,'2018-01-18',469,482896),(5494,142,'2018-01-19',438,458968),(5495,142,'2018-01-20',425,494905),(5496,142,'2018-01-21',433,508074),(5497,142,'2018-01-22',441,483991),(5498,142,'2018-01-23',390,480044),(5499,142,'2018-01-24',443,487819),(5500,142,'2018-01-25',425,506710),(5501,142,'2018-01-26',431,466834),(5502,142,'2018-01-27',418,479977),(5503,142,'2018-01-28',413,494965),(5504,142,'2018-01-29',454,417314),(5505,143,'2018-01-31',476,1832430),(5506,143,'2018-02-01',463,1903460),(5507,143,'2018-02-02',463,1912890),(5508,143,'2018-02-03',446,1835660),(5509,143,'2018-02-04',435,1818940),(5510,143,'2018-02-05',425,1765430),(5511,143,'2018-02-06',411,1858080),(5512,143,'2018-02-07',404,1911570),(5513,143,'2018-02-08',401,1992130),(5514,143,'2018-02-09',404,1954020),(5515,143,'2018-02-10',396,2026710),(5516,143,'2018-02-11',380,2021790),(5517,143,'2018-02-12',400,1866590),(5518,143,'2018-02-13',411,1921790),(5519,143,'2018-02-14',435,1929970),(5520,143,'2018-02-15',424,1937860),(5521,143,'2018-02-16',411,1919840),(5522,143,'2018-02-17',396,1962580),(5523,143,'2018-02-18',400,2023760),(5524,143,'2018-02-19',412,2019250),(5525,143,'2018-02-20',418,2007500),(5526,143,'2018-02-21',434,1982650),(5527,143,'2018-02-22',435,2030340),(5528,143,'2018-02-23',439,1964120),(5529,143,'2018-02-24',434,2116750),(5530,143,'2018-02-25',439,2158280),(5531,143,'2018-02-26',464,2033790),(5532,143,'2018-02-27',500,1973070),(5533,144,'2018-03-01',500,2668020),(5534,144,'2018-03-02',494,2449810),(5535,144,'2018-03-03',459,2406200),(5536,144,'2018-03-04',449,2471820),(5537,144,'2018-03-05',478,2418470),(5538,144,'2018-03-06',441,2418930),(5539,144,'2018-03-07',449,2340060),(5540,144,'2018-03-08',451,2344350),(5541,144,'2018-03-09',460,2256410),(5542,144,'2018-03-10',424,2366120),(5543,144,'2018-03-11',425,2358310),(5544,144,'2018-03-12',426,2273850),(5545,144,'2018-03-13',419,2318180),(5546,144,'2018-03-14',413,2388930),(5547,144,'2018-03-15',434,2445270),(5548,144,'2018-03-16',464,2451620),(5549,144,'2018-03-17',449,2388030),(5550,144,'2018-03-18',461,2517690),(5551,144,'2018-03-19',466,2416700),(5552,144,'2018-03-20',478,2003430),(5553,144,'2018-03-21',521,2441680),(5554,144,'2018-03-22',535,2581250),(5555,144,'2018-03-23',537,2585390),(5556,144,'2018-03-24',539,2559000),(5557,144,'2018-03-25',504,2586410),(5558,144,'2018-03-26',490,2515620),(5559,144,'2018-03-27',469,2442890),(5560,144,'2018-03-28',488,2490680),(5561,144,'2018-03-29',448,2467860),(5562,144,'2018-03-30',493,2378230),(5563,144,'2018-03-31',457,2416040),(5564,145,'2018-08-31',366,2220690),(5565,145,'2018-09-01',348,2497210),(5566,145,'2018-09-02',373,2487460),(5567,145,'2018-09-03',431,2337940),(5568,145,'2018-09-04',464,2354130),(5569,145,'2018-09-05',460,2381670),(5570,145,'2018-09-06',433,2317290),(5571,145,'2018-09-07',430,1997600),(5572,145,'2018-09-08',412,2014770),(5573,145,'2018-09-09',372,2024640),(5574,145,'2018-09-10',445,2071330),(5575,145,'2018-09-11',444,2056410),(5576,145,'2018-09-12',460,2074210),(5577,145,'2018-09-13',420,2120400),(5578,145,'2018-09-14',433,2089080),(5579,145,'2018-09-15',412,2109010),(5580,145,'2018-09-16',355,2173960),(5581,145,'2018-09-17',408,2122010),(5582,145,'2018-09-18',393,2108590),(5583,145,'2018-09-19',384,2016400),(5584,145,'2018-09-20',372,2177940),(5585,145,'2018-09-21',401,2165090),(5586,145,'2018-09-22',395,2144200),(5587,145,'2018-09-23',379,2055140),(5588,145,'2018-09-24',406,2045560),(5589,145,'2018-09-25',420,1936190),(5590,145,'2018-09-26',401,1950620),(5591,145,'2018-09-27',381,1983480),(5592,145,'2018-09-28',412,1952190),(5593,145,'2018-09-29',354,1976450),(5594,145,'2018-09-30',307,2009680),(5595,146,'2017-12-31',95,462175),(5596,146,'2018-01-01',97,468822),(5597,146,'2018-01-02',100,502270),(5598,146,'2018-01-03',114,501763),(5599,146,'2018-01-04',107,491080),(5600,146,'2018-01-05',105,484214),(5601,146,'2018-01-06',107,467059),(5602,146,'2018-01-07',103,472585),(5603,146,'2018-01-08',115,474207),(5604,146,'2018-01-09',120,499832),(5605,146,'2018-01-10',119,489048),(5606,146,'2018-01-11',115,449390),(5607,146,'2018-01-12',118,474939),(5608,146,'2018-01-13',111,497237),(5609,146,'2018-01-14',109,524093),(5610,146,'2018-01-15',116,516398),(5611,146,'2018-01-16',106,486358),(5612,146,'2018-01-17',120,509252),(5613,146,'2018-01-18',131,482896),(5614,146,'2018-01-19',133,458968),(5615,146,'2018-01-20',126,494905),(5616,146,'2018-01-21',122,508074),(5617,146,'2018-01-22',132,483991),(5618,146,'2018-01-23',143,480044),(5619,146,'2018-01-24',140,487819),(5620,146,'2018-01-25',132,506710),(5621,146,'2018-01-26',131,466834),(5622,146,'2018-01-27',140,479977),(5623,146,'2018-01-28',133,494965),(5624,146,'2018-01-29',135,417314),(5625,146,'2018-01-30',141,216507),(5626,146,'2018-01-31',144,1832430),(5627,147,'2018-02-01',139,1903460),(5628,147,'2018-02-02',135,1912890),(5629,147,'2018-02-03',129,1835660),(5630,147,'2018-02-04',134,1818940),(5631,147,'2018-02-05',147,1765430),(5632,147,'2018-02-06',157,1858080),(5633,147,'2018-02-07',142,1911570),(5634,147,'2018-02-08',135,1992130),(5635,147,'2018-02-09',132,1954020),(5636,147,'2018-02-10',138,2026710),(5637,147,'2018-02-11',136,2021790),(5638,147,'2018-02-12',136,1866590),(5639,147,'2018-02-13',136,1921790),(5640,147,'2018-02-14',144,1929970),(5641,147,'2018-02-15',127,1937860),(5642,147,'2018-02-16',130,1919840),(5643,147,'2018-02-17',130,1962580),(5644,147,'2018-02-18',143,2023760),(5645,147,'2018-02-19',155,2019250),(5646,147,'2018-02-20',147,2007500),(5647,147,'2018-02-21',144,1982650),(5648,147,'2018-02-22',140,2030340),(5649,147,'2018-02-23',140,1964120),(5650,147,'2018-02-24',146,2116750),(5651,147,'2018-02-25',139,2158280),(5652,147,'2018-02-26',150,2033790),(5653,147,'2018-02-27',151,1973070),(5654,148,'2018-03-01',134,2668020),(5655,148,'2018-03-02',148,2449810),(5656,148,'2018-03-03',156,2406200),(5657,148,'2018-03-04',148,2471820),(5658,148,'2018-03-05',149,2418470),(5659,148,'2018-03-06',147,2418930),(5660,148,'2018-03-07',141,2340060),(5661,148,'2018-03-08',146,2344350),(5662,148,'2018-03-09',136,2256410),(5663,148,'2018-03-10',134,2366120),(5664,148,'2018-03-11',132,2358310),(5665,148,'2018-03-12',143,2273850),(5666,148,'2018-03-13',146,2318180),(5667,148,'2018-03-14',143,2388930),(5668,148,'2018-03-15',139,2445270),(5669,148,'2018-03-16',132,2451620),(5670,148,'2018-03-17',131,2388030),(5671,148,'2018-03-18',128,2517690),(5672,148,'2018-03-19',151,2416700),(5673,148,'2018-03-20',142,2003430),(5674,148,'2018-03-21',149,2441680),(5675,148,'2018-03-22',132,2581250),(5676,148,'2018-03-23',139,2585390),(5677,148,'2018-03-24',135,2559000),(5678,148,'2018-03-25',135,2586410),(5679,148,'2018-03-26',145,2515620),(5680,148,'2018-03-27',156,2442890),(5681,148,'2018-03-28',144,2490680),(5682,148,'2018-03-29',145,2467860),(5683,148,'2018-03-30',145,2378230),(5684,148,'2018-03-31',142,2416040),(5685,149,'2018-08-31',117,2220690),(5686,149,'2018-09-01',122,2497210),(5687,149,'2018-09-02',120,2487460),(5688,149,'2018-09-03',114,2337940),(5689,149,'2018-09-04',122,2354130),(5690,149,'2018-09-05',114,2381670),(5691,149,'2018-09-06',113,2317290),(5692,149,'2018-09-07',103,1997600),(5693,149,'2018-09-08',101,2014770),(5694,149,'2018-09-09',100,2024640),(5695,149,'2018-09-10',114,2071330),(5696,149,'2018-09-11',106,2056410),(5697,149,'2018-09-12',95,2074210),(5698,149,'2018-09-13',72,2120400),(5699,149,'2018-09-14',67,2089080),(5700,149,'2018-09-15',81,2109010),(5701,149,'2018-09-16',89,2173960),(5702,149,'2018-09-17',105,2122010),(5703,149,'2018-09-18',132,2108590),(5704,149,'2018-09-19',135,2016400),(5705,149,'2018-09-20',122,2177940),(5706,149,'2018-09-21',127,2165090),(5707,149,'2018-09-22',134,2144200),(5708,149,'2018-09-23',127,2055140),(5709,149,'2018-09-24',129,2045560),(5710,149,'2018-09-25',134,1936190),(5711,149,'2018-09-26',128,1950620),(5712,149,'2018-09-27',122,1983480),(5713,149,'2018-09-28',114,1952190),(5714,149,'2018-09-29',103,1976450),(5715,149,'2018-09-30',106,2009680),(5716,150,'2017-12-31',120,462175),(5717,150,'2018-01-01',129,468822),(5718,150,'2018-01-02',169,502270),(5719,150,'2018-01-03',170,501763),(5720,150,'2018-01-04',180,491080),(5721,150,'2018-01-05',180,484214),(5722,150,'2018-01-06',167,467059),(5723,150,'2018-01-07',144,472585),(5724,150,'2018-01-08',169,474207),(5725,150,'2018-01-09',177,499832),(5726,150,'2018-01-10',195,489048),(5727,150,'2018-01-11',171,449390),(5728,150,'2018-01-12',176,474939),(5729,150,'2018-01-13',175,497237),(5730,150,'2018-01-14',157,524093),(5731,150,'2018-01-15',171,516398),(5732,150,'2018-01-16',172,486358),(5733,150,'2018-01-17',169,509252),(5734,150,'2018-01-18',175,482896),(5735,150,'2018-01-19',166,458968),(5736,150,'2018-01-20',159,494905),(5737,150,'2018-01-21',148,508074),(5738,150,'2018-01-22',220,483991),(5739,150,'2018-01-23',239,480044),(5740,150,'2018-01-24',272,487819),(5741,150,'2018-01-25',230,506710),(5742,150,'2018-01-26',223,466834),(5743,150,'2018-01-27',210,479977),(5744,150,'2018-01-28',197,494965),(5745,150,'2018-01-29',225,417314),(5746,150,'2018-01-30',224,216507),(5747,151,'2018-01-31',203,1832430),(5748,151,'2018-02-01',206,1903460),(5749,151,'2018-02-02',226,1912890),(5750,151,'2018-02-03',175,1835660),(5751,151,'2018-02-04',201,1818940),(5752,151,'2018-02-05',224,1765430),(5753,151,'2018-02-06',220,1858080),(5754,151,'2018-02-07',237,1911570),(5755,151,'2018-02-08',220,1992130),(5756,151,'2018-02-09',237,1954020),(5757,151,'2018-02-10',197,2026710),(5758,151,'2018-02-11',197,2021790),(5759,151,'2018-02-12',205,1866590),(5760,151,'2018-02-13',201,1921790),(5761,151,'2018-02-14',210,1929970),(5762,151,'2018-02-15',212,1937860),(5763,151,'2018-02-16',184,1919840),(5764,151,'2018-02-17',208,1962580),(5765,151,'2018-02-18',193,2023760),(5766,151,'2018-02-19',215,2019250),(5767,151,'2018-02-20',217,2007500),(5768,151,'2018-02-21',235,1982650),(5769,151,'2018-02-22',224,2030340),(5770,151,'2018-02-23',230,1964120),(5771,151,'2018-02-24',191,2116750),(5772,151,'2018-02-25',201,2158280),(5773,151,'2018-02-26',209,2033790),(5774,151,'2018-02-27',238,1973070),(5775,152,'2018-03-01',252,2668020),(5776,152,'2018-03-02',201,2449810),(5777,152,'2018-03-03',195,2406200),(5778,152,'2018-03-04',155,2471820),(5779,152,'2018-03-05',195,2418470),(5780,152,'2018-03-06',199,2418930),(5781,152,'2018-03-07',199,2340060),(5782,152,'2018-03-08',170,2344350),(5783,152,'2018-03-09',185,2256410),(5784,152,'2018-03-10',162,2366120),(5785,152,'2018-03-11',151,2358310),(5786,152,'2018-03-12',155,2273850),(5787,152,'2018-03-13',161,2318180),(5788,152,'2018-03-14',164,2388930),(5789,152,'2018-03-15',167,2445270),(5790,152,'2018-03-16',163,2451620),(5791,152,'2018-03-17',163,2388030),(5792,152,'2018-03-18',127,2517690),(5793,152,'2018-03-19',151,2416700),(5794,152,'2018-03-20',156,2003430),(5795,152,'2018-03-21',163,2441680),(5796,152,'2018-03-22',145,2581250),(5797,152,'2018-03-23',144,2585390),(5798,152,'2018-03-24',139,2559000),(5799,152,'2018-03-25',122,2586410),(5800,152,'2018-03-26',161,2515620),(5801,152,'2018-03-27',161,2442890),(5802,152,'2018-03-28',135,2490680),(5803,152,'2018-03-29',155,2467860),(5804,152,'2018-03-30',166,2378230),(5805,152,'2018-03-31',123,2416040),(5806,153,'2018-08-31',22,2220690),(5807,153,'2018-09-01',17,2497210),(5808,153,'2018-09-02',16,2487460),(5809,153,'2018-09-03',29,2337940),(5810,153,'2018-09-04',26,2354130),(5811,153,'2018-09-05',28,2381670),(5812,153,'2018-09-06',20,2317290),(5813,153,'2018-09-07',25,1997600),(5814,153,'2018-09-08',19,2014770),(5815,153,'2018-09-09',15,2024640),(5816,153,'2018-09-10',17,2071330),(5817,153,'2018-09-11',18,2056410),(5818,153,'2018-09-12',20,2074210),(5819,153,'2018-09-13',19,2120400),(5820,153,'2018-09-14',26,2089080),(5821,153,'2018-09-15',18,2109010),(5822,153,'2018-09-16',15,2173960),(5823,153,'2018-09-17',14,2122010),(5824,153,'2018-09-18',5,2108590),(5825,153,'2018-09-19',3,2016400),(5826,153,'2018-09-20',4,2177940),(5827,153,'2018-09-21',3,2165090),(5828,153,'2018-09-22',3,2144200),(5829,153,'2018-09-23',3,2055140),(5830,153,'2018-09-24',4,2045560),(5831,153,'2018-09-25',3,1936190),(5832,153,'2018-09-26',4,1950620),(5833,153,'2018-09-27',5,1983480),(5834,153,'2018-09-28',4,1952190),(5835,153,'2018-09-29',3,1976450),(5836,153,'2018-09-30',3,2009680),(5837,154,'2016-12-31',70,779747),(5838,154,'2017-01-01',75,884220),(5839,154,'2017-01-02',78,918886),(5840,154,'2017-01-03',73,992720),(5841,154,'2017-01-04',90,979447),(5842,154,'2017-01-05',98,966928),(5843,154,'2017-01-06',69,940198),(5844,154,'2017-01-07',75,941489),(5845,154,'2017-01-08',73,917361),(5846,154,'2017-01-09',82,941063),(5847,154,'2017-01-10',82,890281),(5848,154,'2017-01-11',75,884463),(5849,154,'2017-01-12',78,909957),(5850,154,'2017-01-13',89,862574),(5851,154,'2017-01-14',80,903189),(5852,154,'2017-01-15',73,912555),(5853,154,'2017-01-16',95,867844),(5854,154,'2017-01-17',89,794699),(5855,154,'2017-01-18',89,791639),(5856,154,'2017-01-19',96,751700),(5857,154,'2017-01-20',92,794102),(5858,154,'2017-01-21',76,854156),(5859,154,'2017-01-22',84,853435),(5860,154,'2017-01-23',89,826635),(5861,154,'2017-01-24',94,838189),(5862,154,'2017-01-25',100,809708),(5863,154,'2017-01-26',86,698067),(5864,154,'2017-01-27',93,796712),(5865,154,'2017-01-28',77,815406),(5866,154,'2017-01-29',70,826017),(5867,154,'2017-01-30',94,817543),(5868,155,'2017-06-01',103,996145),(5869,155,'2017-06-02',93,997095),(5870,155,'2017-06-03',71,1046620),(5871,155,'2017-06-04',75,1043130),(5872,155,'2017-06-05',71,1126700),(5873,155,'2017-06-06',100,1087700),(5874,155,'2017-06-07',117,1090870),(5875,155,'2017-06-08',93,996888),(5876,155,'2017-06-09',86,937610),(5877,155,'2017-06-10',75,918002),(5878,155,'2017-06-11',66,901317),(5879,155,'2017-06-12',84,939845),(5880,155,'2017-06-13',83,1020950),(5881,155,'2017-06-14',74,1044420),(5882,155,'2017-06-15',92,1005300),(5883,155,'2017-06-16',72,1062960),(5884,155,'2017-06-17',63,948915),(5885,155,'2017-06-18',59,1012320),(5886,155,'2017-06-19',84,982633),(5887,155,'2017-06-20',78,999816),(5888,155,'2017-06-21',77,963791),(5889,155,'2017-06-22',83,945506),(5890,155,'2017-06-23',76,1160800),(5891,155,'2017-06-24',54,975545),(5892,155,'2017-06-25',64,840804),(5893,155,'2017-06-26',73,797291),(5894,155,'2017-06-27',84,880796),(5895,155,'2017-06-28',68,942476),(5896,155,'2017-06-29',82,935154),(5897,155,'2017-06-30',69,72696.4),(5898,156,'2016-12-31',125,779747),(5899,156,'2017-01-01',25,884220),(5900,156,'2017-01-02',93,918886),(5901,156,'2017-01-03',159,992720),(5902,156,'2017-01-04',128,979447),(5903,156,'2017-01-05',129,966928),(5904,156,'2017-01-06',154,940198),(5905,156,'2017-01-07',116,941489),(5906,156,'2017-01-08',93,917361),(5907,156,'2017-01-09',89,941063),(5908,156,'2017-01-10',91,890281),(5909,156,'2017-01-11',163,884463),(5910,156,'2017-01-12',162,909957),(5911,156,'2017-01-13',128,862574),(5912,156,'2017-01-14',134,903189),(5913,156,'2017-01-15',146,912555),(5914,156,'2017-01-16',139,867844),(5915,156,'2017-01-17',162,794699),(5916,156,'2017-01-18',148,791639),(5917,156,'2017-01-19',148,751700),(5918,156,'2017-01-20',155,794102),(5919,156,'2017-01-21',143,854156),(5920,156,'2017-01-22',153,853435),(5921,156,'2017-01-23',182,826635),(5922,156,'2017-01-24',161,838189),(5923,156,'2017-01-25',140,809708),(5924,156,'2017-01-26',NULL,698067),(5925,156,'2017-01-27',NULL,796712),(5926,156,'2017-01-28',NULL,815406),(5927,156,'2017-01-29',NULL,826017),(5928,156,'2017-01-30',NULL,817543),(5929,157,'2018-03-01',406,2668020),(5930,157,'2018-03-02',436,2449810),(5931,157,'2018-03-03',344,2406200),(5932,157,'2018-03-04',329,2471820),(5933,157,'2018-03-05',426,2418470),(5934,157,'2018-03-06',408,2418930),(5935,157,'2018-03-07',415,2340060),(5936,157,'2018-03-08',422,2344350),(5937,157,'2018-03-09',418,2256410),(5938,157,'2018-03-10',384,2366120),(5939,157,'2018-03-11',379,2358310),(5940,157,'2018-03-12',435,2273850),(5941,157,'2018-03-13',431,2318180),(5942,157,'2018-03-14',478,2388930),(5943,157,'2018-03-15',483,2445270),(5944,157,'2018-03-16',475,2451620),(5945,157,'2018-03-17',413,2388030),(5946,157,'2018-03-18',414,2517690),(5947,157,'2018-03-19',476,2416700),(5948,157,'2018-03-20',475,2003430),(5949,157,'2018-03-21',480,2441680),(5950,157,'2018-03-22',489,2581250),(5951,157,'2018-03-23',484,2585390),(5952,157,'2018-03-24',418,2559000),(5953,157,'2018-03-25',433,2586410),(5954,157,'2018-03-26',530,2515620),(5955,157,'2018-03-27',492,2442890),(5956,157,'2018-03-28',507,2490680),(5957,157,'2018-03-29',497,2467860),(5958,157,'2018-03-30',502,2378230),(5959,157,'2018-03-31',423,2416040),(5960,158,'2018-04-01',420,2488920),(5961,158,'2018-04-02',508,1928380),(5962,158,'2018-04-03',488,1885220),(5963,158,'2018-04-04',492,1959230),(5964,158,'2018-04-05',504,1936620),(5965,158,'2018-04-06',431,2051640),(5966,158,'2018-04-07',422,2064050),(5967,158,'2018-04-08',420,2174080),(5968,158,'2018-04-09',418,2094570),(5969,158,'2018-04-10',474,1950250),(5970,158,'2018-04-11',529,2062250),(5971,158,'2018-04-12',533,1985810),(5972,158,'2018-04-13',522,1871330),(5973,158,'2018-04-14',413,2044830),(5974,158,'2018-04-15',418,1976320),(5975,158,'2018-04-16',504,2020420),(5976,158,'2018-04-17',492,1924040),(5977,158,'2018-04-18',515,1971120),(5978,158,'2018-04-19',506,2039020),(5979,158,'2018-04-20',516,2105490),(5980,158,'2018-04-21',445,2121430),(5981,158,'2018-04-22',450,1960350),(5982,158,'2018-04-23',540,1911430),(5983,158,'2018-04-24',522,1983320),(5984,158,'2018-04-25',522,2120780),(5985,158,'2018-04-26',542,2133760),(5986,158,'2018-04-27',533,2139540),(5987,158,'2018-04-28',466,2035610),(5988,158,'2018-04-29',456,1978930),(5989,158,'2018-04-30',520,1989460),(5990,159,'2018-05-01',451,2653640),(5991,159,'2018-05-02',538,2072600),(5992,159,'2018-05-03',535,2040860),(5993,159,'2018-05-04',567,1997650),(5994,159,'2018-05-05',478,2120220),(5995,159,'2018-05-06',475,2193870),(5996,159,'2018-05-07',542,2044670),(5997,159,'2018-05-08',533,1973000),(5998,159,'2018-05-09',565,1996760),(5999,159,'2018-05-10',565,2022700),(6000,159,'2018-05-11',603,2051200),(6001,159,'2018-05-12',493,2137720),(6002,159,'2018-05-13',488,2098070),(6003,159,'2018-05-14',581,2115010),(6004,159,'2018-05-15',571,2107640),(6005,159,'2018-05-16',555,2109560),(6006,159,'2018-05-17',563,2094560),(6007,159,'2018-05-18',560,2205810),(6008,159,'2018-05-19',486,2057830),(6009,159,'2018-05-20',480,2184110),(6010,159,'2018-05-21',498,2081090),(6011,159,'2018-05-22',524,2083180),(6012,159,'2018-05-23',502,2011740),(6013,159,'2018-05-24',415,1963040),(6014,159,'2018-05-25',511,2200000),(6015,159,'2018-05-26',515,2436340),(6016,159,'2018-05-27',498,2429700),(6017,159,'2018-05-28',518,2288310),(6018,159,'2018-05-29',572,2174650),(6019,159,'2018-05-30',539,2205320),(6020,159,'2018-05-31',540,2252110),(6021,160,'2018-06-01',561,2794170),(6022,160,'2018-06-02',492,2368580),(6023,160,'2018-06-03',497,2350130),(6024,160,'2018-06-04',579,2302360),(6025,160,'2018-06-05',560,2302120),(6026,160,'2018-06-06',571,2265660),(6027,160,'2018-06-07',588,2272510),(6028,160,'2018-06-08',593,2261850),(6029,160,'2018-06-09',504,2377530),(6030,160,'2018-06-10',516,2458000),(6031,160,'2018-06-11',581,2362600),(6032,160,'2018-06-12',553,2260570),(6033,160,'2018-06-13',587,2297640),(6034,160,'2018-06-14',575,2290770),(6035,160,'2018-06-15',546,2230970),(6036,160,'2018-06-16',500,2260650),(6037,160,'2018-06-17',460,2207650),(6038,160,'2018-06-18',NULL,2012450),(6039,160,'2018-06-19',NULL,2089060),(6040,160,'2018-06-20',NULL,2028770),(6041,160,'2018-06-21',503,2118140),(6042,160,'2018-06-22',553,2319910),(6043,160,'2018-06-23',464,2265850),(6044,160,'2018-06-24',464,2267330),(6045,160,'2018-06-25',546,2205040),(6046,160,'2018-06-26',546,2215970),(6047,160,'2018-06-27',517,2198230),(6048,160,'2018-06-28',540,4209650),(6049,160,'2018-06-29',525,3992400),(6050,160,'2018-06-30',445,3872230),(6051,161,'2018-07-01',NULL,2262890),(6052,161,'2018-07-02',NULL,2022790),(6053,161,'2018-07-03',NULL,2135070),(6054,161,'2018-07-04',NULL,2083700),(6055,161,'2018-07-05',NULL,2035330),(6056,161,'2018-07-06',NULL,2143780),(6057,161,'2018-07-07',NULL,2019640),(6058,161,'2018-07-08',NULL,2065400),(6059,161,'2018-07-09',NULL,2086540),(6060,161,'2018-07-10',NULL,1884200),(6061,161,'2018-07-11',NULL,1882330),(6062,161,'2018-07-12',NULL,1875890),(6063,161,'2018-07-13',19,1912430),(6064,161,'2018-07-14',19,1965030),(6065,161,'2018-07-15',17,1967570),(6066,161,'2018-07-16',25,1815420),(6067,161,'2018-07-17',29,1858140),(6068,161,'2018-07-18',20,1786080),(6069,161,'2018-07-19',16,1781270),(6070,161,'2018-07-20',23,1927380),(6071,161,'2018-07-21',25,1951150),(6072,161,'2018-07-22',21,1881250),(6073,161,'2018-07-23',19,1896910),(6074,161,'2018-07-24',22,1989470),(6075,161,'2018-07-25',22,2040460),(6076,161,'2018-07-26',22,1978160),(6077,161,'2018-07-27',21,1976120),(6078,161,'2018-07-28',22,2068040),(6079,161,'2018-07-29',25,1935090),(6080,161,'2018-07-30',24,1919900),(6081,161,'2018-07-31',21,1871380),(6082,162,'2018-08-31',20,2220690),(6083,162,'2018-09-01',16,2497210),(6084,162,'2018-09-02',15,2487460),(6085,162,'2018-09-03',21,2337940),(6086,162,'2018-09-04',15,2354130),(6087,162,'2018-09-05',22,2381670),(6088,162,'2018-09-06',24,2317290),(6089,162,'2018-09-07',21,1997600),(6090,162,'2018-09-08',20,2014770),(6091,162,'2018-09-09',13,2024640),(6092,162,'2018-09-10',18,2071330),(6093,162,'2018-09-11',17,2056410),(6094,162,'2018-09-12',17,2074210),(6095,162,'2018-09-13',14,2120400),(6096,162,'2018-09-14',15,2089080),(6097,162,'2018-09-15',17,2109010),(6098,162,'2018-09-16',20,2173960),(6099,162,'2018-09-17',14,2122010),(6100,162,'2018-09-18',18,2108590),(6101,162,'2018-09-19',20,2016400),(6102,162,'2018-09-20',18,2177940),(6103,162,'2018-09-21',16,2165090),(6104,162,'2018-09-22',16,2144200),(6105,162,'2018-09-23',17,2055140),(6106,162,'2018-09-24',19,2045560),(6107,162,'2018-09-25',18,1936190),(6108,162,'2018-09-26',15,1950620),(6109,162,'2018-09-27',19,1983480),(6110,162,'2018-09-28',14,1952190),(6111,162,'2018-09-29',9,1976450),(6112,162,'2018-09-30',12,2009680),(6113,163,'2018-03-01',286,2668020),(6114,163,'2018-03-02',305,2449810),(6115,163,'2018-03-03',268,2406200),(6116,163,'2018-03-04',264,2471820),(6117,163,'2018-03-05',295,2418470),(6118,163,'2018-03-06',296,2418930),(6119,163,'2018-03-07',301,2340060),(6120,163,'2018-03-08',302,2344350),(6121,163,'2018-03-09',286,2256410),(6122,163,'2018-03-10',267,2366120),(6123,163,'2018-03-11',258,2358310),(6124,163,'2018-03-12',288,2273850),(6125,163,'2018-03-13',294,2318180),(6126,163,'2018-03-14',293,2388930),(6127,163,'2018-03-15',299,2445270),(6128,163,'2018-03-16',299,2451620),(6129,163,'2018-03-17',263,2388030),(6130,163,'2018-03-18',251,2517690),(6131,163,'2018-03-19',305,2416700),(6132,163,'2018-03-20',286,2003430),(6133,163,'2018-03-21',298,2441680),(6134,163,'2018-03-22',299,2581250),(6135,163,'2018-03-23',277,2585390),(6136,163,'2018-03-24',261,2559000),(6137,163,'2018-03-25',256,2586410),(6138,163,'2018-03-26',296,2515620),(6139,163,'2018-03-27',276,2442890),(6140,163,'2018-03-28',296,2490680),(6141,163,'2018-03-29',303,2467860),(6142,163,'2018-03-30',290,2378230),(6143,163,'2018-03-31',268,2416040),(6144,164,'2018-04-01',280,2488920),(6145,164,'2018-04-02',290,1928380),(6146,164,'2018-04-03',284,1885220),(6147,164,'2018-04-04',290,1959230),(6148,164,'2018-04-05',292,1936620),(6149,164,'2018-04-06',276,2051640),(6150,164,'2018-04-07',287,2064050),(6151,164,'2018-04-08',284,2174080),(6152,164,'2018-04-09',290,2094570),(6153,164,'2018-04-10',291,1950250),(6154,164,'2018-04-11',288,2062250),(6155,164,'2018-04-12',299,1985810),(6156,164,'2018-04-13',279,1871330),(6157,164,'2018-04-14',272,2044830),(6158,164,'2018-04-15',275,1976320),(6159,164,'2018-04-16',299,2020420),(6160,164,'2018-04-17',294,1924040),(6161,164,'2018-04-18',309,1971120),(6162,164,'2018-04-19',314,2039020),(6163,164,'2018-04-20',309,2105490),(6164,164,'2018-04-21',292,2121430),(6165,164,'2018-04-22',288,1960350),(6166,164,'2018-04-23',428,1911430),(6167,164,'2018-04-24',423,1983320),(6168,164,'2018-04-25',409,2120780),(6169,164,'2018-04-26',412,2133760),(6170,164,'2018-04-27',392,2139540),(6171,164,'2018-04-28',378,2035610),(6172,164,'2018-04-29',371,1978930),(6173,164,'2018-04-30',390,1989460),(6174,165,'2018-05-01',353,2653640),(6175,165,'2018-05-02',379,2072600),(6176,165,'2018-05-03',379,2040860),(6177,165,'2018-05-04',397,1997650),(6178,165,'2018-05-05',360,2120220),(6179,165,'2018-05-06',372,2193870),(6180,165,'2018-05-07',398,2044670),(6181,165,'2018-05-08',373,1973000),(6182,165,'2018-05-09',383,1996760),(6183,165,'2018-05-10',395,2022700),(6184,165,'2018-05-11',375,2051200),(6185,165,'2018-05-12',357,2137720),(6186,165,'2018-05-13',366,2098070),(6187,165,'2018-05-14',400,2115010),(6188,165,'2018-05-15',386,2107640),(6189,165,'2018-05-16',406,2109560),(6190,165,'2018-05-17',378,2094560),(6191,165,'2018-05-18',400,2205810),(6192,165,'2018-05-19',366,2057830),(6193,165,'2018-05-20',372,2184110),(6194,165,'2018-05-21',395,2081090),(6195,165,'2018-05-22',398,2083180),(6196,165,'2018-05-23',391,2011740),(6197,165,'2018-05-24',386,1963040),(6198,165,'2018-05-25',403,2200000),(6199,165,'2018-05-26',360,2436340),(6200,165,'2018-05-27',359,2429700),(6201,165,'2018-05-28',356,2288310),(6202,165,'2018-05-29',380,2174650),(6203,165,'2018-05-30',383,2205320),(6204,165,'2018-05-31',373,2252110),(6205,166,'2018-06-01',383,2794170),(6206,166,'2018-06-02',369,2368580),(6207,166,'2018-06-03',391,2350130),(6208,166,'2018-06-04',444,2302360),(6209,166,'2018-06-05',428,2302120),(6210,166,'2018-06-06',425,2265660),(6211,166,'2018-06-07',439,2272510),(6212,166,'2018-06-08',428,2261850),(6213,166,'2018-06-09',415,2377530),(6214,166,'2018-06-10',424,2458000),(6215,166,'2018-06-11',457,2362600),(6216,166,'2018-06-12',450,2260570),(6217,166,'2018-06-13',438,2297640),(6218,166,'2018-06-14',433,2290770),(6219,166,'2018-06-15',460,2230970),(6220,166,'2018-06-16',414,2260650),(6221,166,'2018-06-17',444,2207650),(6222,166,'2018-06-18',465,2012450),(6223,166,'2018-06-19',450,2089060),(6224,166,'2018-06-20',470,2028770),(6225,166,'2018-06-21',459,2118140),(6226,166,'2018-06-22',470,2319910),(6227,166,'2018-06-23',418,2265850),(6228,166,'2018-06-24',419,2267330),(6229,166,'2018-06-25',456,2205040),(6230,166,'2018-06-26',438,2215970),(6231,166,'2018-06-27',430,2198230),(6232,166,'2018-06-28',444,4209650),(6233,166,'2018-06-29',450,3992400),(6234,166,'2018-06-30',417,3872230),(6235,167,'2018-07-01',425,2262890),(6236,167,'2018-07-02',471,2022790),(6237,167,'2018-07-03',443,2135070),(6238,167,'2018-07-04',451,2083700),(6239,167,'2018-07-05',456,2035330),(6240,167,'2018-07-06',471,2143780),(6241,167,'2018-07-07',418,2019640),(6242,167,'2018-07-08',398,2065400),(6243,167,'2018-07-09',413,2086540),(6244,167,'2018-07-10',435,1884200),(6245,167,'2018-07-11',422,1882330),(6246,167,'2018-07-12',436,1875890),(6247,167,'2018-07-13',423,1912430),(6248,167,'2018-07-14',392,1965030),(6249,167,'2018-07-15',391,1967570),(6250,167,'2018-07-16',417,1815420),(6251,167,'2018-07-17',392,1858140),(6252,167,'2018-07-18',400,1786080),(6253,167,'2018-07-19',404,1781270),(6254,167,'2018-07-20',397,1927380),(6255,167,'2018-07-21',380,1951150),(6256,167,'2018-07-22',385,1881250),(6257,167,'2018-07-23',400,1896910),(6258,167,'2018-07-24',397,1989470),(6259,167,'2018-07-25',404,2040460),(6260,167,'2018-07-26',402,1978160),(6261,167,'2018-07-27',395,1976120),(6262,167,'2018-07-28',377,2068040),(6263,167,'2018-07-29',360,1935090),(6264,167,'2018-07-30',384,1919900),(6265,167,'2018-07-31',386,1871380),(6266,168,'2018-08-31',402,2220690),(6267,168,'2018-09-01',375,2497210),(6268,168,'2018-09-02',389,2487460),(6269,168,'2018-09-03',411,2337940),(6270,168,'2018-09-04',406,2354130),(6271,168,'2018-09-05',407,2381670),(6272,168,'2018-09-06',426,2317290),(6273,168,'2018-09-07',413,1997600),(6274,168,'2018-09-08',389,2014770),(6275,168,'2018-09-09',384,2024640),(6276,168,'2018-09-10',423,2071330),(6277,168,'2018-09-11',414,2056410),(6278,168,'2018-09-12',417,2074210),(6279,168,'2018-09-13',433,2120400),(6280,168,'2018-09-14',448,2089080),(6281,168,'2018-09-15',422,2109010),(6282,168,'2018-09-16',433,2173960),(6283,168,'2018-09-17',455,2122010),(6284,168,'2018-09-18',456,2108590),(6285,168,'2018-09-19',451,2016400),(6286,168,'2018-09-20',470,2177940),(6287,168,'2018-09-21',464,2165090),(6288,168,'2018-09-22',465,2144200),(6289,168,'2018-09-23',490,2055140),(6290,168,'2018-09-24',500,2045560),(6291,168,'2018-09-25',489,1936190),(6292,168,'2018-09-26',476,1950620),(6293,168,'2018-09-27',495,1983480),(6294,168,'2018-09-28',486,1952190),(6295,168,'2018-09-29',475,1976450),(6296,168,'2018-09-30',473,2009680),(6297,169,'2016-09-30',177,613808),(6298,169,'2016-10-01',173,677216),(6299,169,'2016-10-02',179,667753),(6300,169,'2016-10-03',174,640752),(6301,169,'2016-10-04',180,607052),(6302,169,'2016-10-05',168,652465),(6303,169,'2016-10-06',182,662726),(6304,169,'2016-10-07',198,684877),(6305,169,'2016-10-08',176,703266),(6306,169,'2016-10-09',197,714769),(6307,169,'2016-10-10',196,734888),(6308,169,'2016-10-11',197,716129),(6309,169,'2016-10-12',212,664962),(6310,169,'2016-10-13',204,698373),(6311,169,'2016-10-14',196,731472),(6312,169,'2016-10-15',180,734996),(6313,169,'2016-10-16',184,727059),(6314,169,'2016-10-17',209,738709),(6315,169,'2016-10-18',199,752200),(6316,169,'2016-10-19',202,785322),(6317,169,'2016-10-20',199,754831),(6318,169,'2016-10-21',233,771267),(6319,169,'2016-10-22',227,766334),(6320,169,'2016-10-23',234,777861),(6321,169,'2016-10-24',232,733276),(6322,169,'2016-10-25',210,747711),(6323,169,'2016-10-26',219,812006),(6324,169,'2016-10-27',220,786335),(6325,169,'2016-10-28',219,784472),(6326,169,'2016-10-29',199,798213),(6327,169,'2016-10-30',220,800603),(6328,169,'2016-10-31',222,785552),(6329,170,'2016-12-31',299,779747),(6330,170,'2017-01-01',290,884220),(6331,170,'2017-01-02',302,918886),(6332,170,'2017-01-03',308,992720),(6333,170,'2017-01-04',305,979447),(6334,170,'2017-01-05',300,966928),(6335,170,'2017-01-06',287,940198),(6336,170,'2017-01-07',276,941489),(6337,170,'2017-01-08',292,917361),(6338,170,'2017-01-09',300,941063),(6339,170,'2017-01-10',302,890281),(6340,170,'2017-01-11',309,884463),(6341,170,'2017-01-12',299,909957),(6342,170,'2017-01-13',302,862574),(6343,170,'2017-01-14',285,903189),(6344,170,'2017-01-15',296,912555),(6345,170,'2017-01-16',309,867844),(6346,170,'2017-01-17',309,794699),(6347,170,'2017-01-18',323,791639),(6348,170,'2017-01-19',308,751700),(6349,170,'2017-01-20',288,794102),(6350,170,'2017-01-21',279,854156),(6351,170,'2017-01-22',298,853435),(6352,170,'2017-01-23',313,826635),(6353,170,'2017-01-24',291,838189),(6354,170,'2017-01-25',319,809708),(6355,170,'2017-01-26',317,698067),(6356,170,'2017-01-27',303,796712),(6357,170,'2017-01-28',295,815406),(6358,170,'2017-01-29',283,826017),(6359,170,'2017-01-30',307,817543),(6360,171,'2018-01-31',685,1832430),(6361,171,'2018-02-01',686,1903460),(6362,171,'2018-02-02',689,1912890),(6363,171,'2018-02-03',616,1835660),(6364,171,'2018-02-04',615,1818940),(6365,171,'2018-02-05',700,1765430),(6366,171,'2018-02-06',657,1858080),(6367,171,'2018-02-07',664,1911570),(6368,171,'2018-02-08',653,1992130),(6369,171,'2018-02-09',634,1954020),(6370,171,'2018-02-10',591,2026710),(6371,171,'2018-02-11',585,2021790),(6372,171,'2018-02-12',671,1866590),(6373,171,'2018-02-13',671,1921790),(6374,171,'2018-02-14',632,1929970),(6375,171,'2018-02-15',627,1937860),(6376,171,'2018-02-16',636,1919840),(6377,171,'2018-02-17',575,1962580),(6378,171,'2018-02-18',592,2023760),(6379,171,'2018-02-19',556,2019250),(6380,171,'2018-02-20',611,2007500),(6381,171,'2018-02-21',645,1982650),(6382,171,'2018-02-22',646,2030340),(6383,171,'2018-02-23',660,1964120),(6384,171,'2018-02-24',593,2116750),(6385,171,'2018-02-25',576,2158280),(6386,171,'2018-02-26',657,2033790),(6387,171,'2018-02-27',632,1973070),(6388,172,'2018-03-01',650,2668020),(6389,172,'2018-03-02',639,2449810),(6390,172,'2018-03-03',605,2406200),(6391,172,'2018-03-04',559,2471820),(6392,172,'2018-03-05',616,2418470),(6393,172,'2018-03-06',631,2418930),(6394,172,'2018-03-07',649,2340060),(6395,172,'2018-03-08',591,2344350),(6396,172,'2018-03-09',640,2256410),(6397,172,'2018-03-10',625,2366120),(6398,172,'2018-03-11',601,2358310),(6399,172,'2018-03-12',617,2273850),(6400,172,'2018-03-13',619,2318180),(6401,172,'2018-03-14',615,2388930),(6402,172,'2018-03-15',619,2445270),(6403,172,'2018-03-16',608,2451620),(6404,172,'2018-03-17',596,2388030),(6405,172,'2018-03-18',619,2517690),(6406,172,'2018-03-19',634,2416700),(6407,172,'2018-03-20',632,2003430),(6408,172,'2018-03-21',617,2441680),(6409,172,'2018-03-22',642,2581250),(6410,172,'2018-03-23',689,2585390),(6411,172,'2018-03-24',569,2559000),(6412,172,'2018-03-25',551,2586410),(6413,172,'2018-03-26',635,2515620),(6414,172,'2018-03-27',592,2442890),(6415,172,'2018-03-28',605,2490680),(6416,172,'2018-03-29',596,2467860),(6417,172,'2018-03-30',612,2378230),(6418,172,'2018-03-31',552,2416040),(6419,173,'2018-04-01',533,2488920),(6420,173,'2018-04-02',603,1928380),(6421,173,'2018-04-03',604,1885220),(6422,173,'2018-04-04',630,1959230),(6423,173,'2018-04-05',615,1936620),(6424,173,'2018-04-06',538,2051640),(6425,173,'2018-04-07',544,2064050),(6426,173,'2018-04-08',550,2174080),(6427,173,'2018-04-09',507,2094570),(6428,173,'2018-04-10',577,1950250),(6429,173,'2018-04-11',527,2062250),(6430,173,'2018-04-12',593,1985810),(6431,173,'2018-04-13',555,1871330),(6432,173,'2018-04-14',524,2044830),(6433,173,'2018-04-15',548,1976320),(6434,173,'2018-04-16',557,2020420),(6435,173,'2018-04-17',556,1924040),(6436,173,'2018-04-18',551,1971120),(6437,173,'2018-04-19',544,2039020),(6438,173,'2018-04-20',535,2105490),(6439,173,'2018-04-21',507,2121430),(6440,173,'2018-04-22',560,1960350),(6441,173,'2018-04-23',573,1911430),(6442,173,'2018-04-24',564,1983320),(6443,173,'2018-04-25',624,2120780),(6444,173,'2018-04-26',600,2133760),(6445,173,'2018-04-27',621,2139540),(6446,173,'2018-04-28',627,2035610),(6447,173,'2018-04-29',647,1978930),(6448,173,'2018-04-30',601,1989460),(6449,174,'2018-05-01',627,2653640),(6450,174,'2018-05-02',617,2072600),(6451,174,'2018-05-03',678,2040860),(6452,174,'2018-05-04',601,1997650),(6453,174,'2018-05-05',513,2120220),(6454,174,'2018-05-06',520,2193870),(6455,174,'2018-05-07',599,2044670),(6456,174,'2018-05-08',609,1973000),(6457,174,'2018-05-09',585,1996760),(6458,174,'2018-05-10',556,2022700),(6459,174,'2018-05-11',542,2051200),(6460,174,'2018-05-12',493,2137720),(6461,174,'2018-05-13',207,2098070),(6462,174,'2018-05-14',534,2115010),(6463,174,'2018-05-15',552,2107640),(6464,174,'2018-05-16',522,2109560),(6465,174,'2018-05-17',533,2094560),(6466,174,'2018-05-18',521,2205810),(6467,174,'2018-05-19',425,2057830),(6468,174,'2018-05-20',455,2184110),(6469,174,'2018-05-21',504,2081090),(6470,174,'2018-05-22',512,2083180),(6471,174,'2018-05-23',517,2011740),(6472,174,'2018-05-24',480,1963040),(6473,174,'2018-05-25',518,2200000),(6474,174,'2018-05-26',435,2436340),(6475,174,'2018-05-27',419,2429700),(6476,174,'2018-05-28',435,2288310),(6477,174,'2018-05-29',466,2174650),(6478,174,'2018-05-30',453,2205320),(6479,174,'2018-05-31',455,2252110),(6480,175,'2018-06-01',499,2794170),(6481,175,'2018-06-02',453,2368580),(6482,175,'2018-06-03',438,2350130),(6483,175,'2018-06-04',469,2302360),(6484,175,'2018-06-05',489,2302120),(6485,175,'2018-06-06',513,2265660),(6486,175,'2018-06-07',500,2272510),(6487,175,'2018-06-08',557,2261850),(6488,175,'2018-06-09',463,2377530),(6489,175,'2018-06-10',643,2458000),(6490,175,'2018-06-11',646,2362600),(6491,175,'2018-06-12',546,2260570),(6492,175,'2018-06-13',529,2297640),(6493,175,'2018-06-14',538,2290770),(6494,175,'2018-06-15',533,2230970),(6495,175,'2018-06-16',468,2260650),(6496,175,'2018-06-17',429,2207650),(6497,175,'2018-06-18',461,2012450),(6498,175,'2018-06-19',488,2089060),(6499,175,'2018-06-20',503,2028770),(6500,175,'2018-06-21',468,2118140),(6501,175,'2018-06-22',484,2319910),(6502,175,'2018-06-23',404,2265850),(6503,175,'2018-06-24',374,2267330),(6504,175,'2018-06-25',450,2205040),(6505,175,'2018-06-26',448,2215970),(6506,175,'2018-06-27',457,2198230),(6507,175,'2018-06-28',444,4209650),(6508,175,'2018-06-29',398,3992400),(6509,175,'2018-06-30',377,3872230),(6510,176,'2018-07-01',389,2262890),(6511,176,'2018-07-02',433,2022790),(6512,176,'2018-07-03',466,2135070),(6513,176,'2018-07-04',476,2083700),(6514,176,'2018-07-05',436,2035330),(6515,176,'2018-07-06',426,2143780),(6516,176,'2018-07-07',393,2019640),(6517,176,'2018-07-08',375,2065400),(6518,176,'2018-07-09',429,2086540),(6519,176,'2018-07-10',426,1884200),(6520,176,'2018-07-11',443,1882330),(6521,176,'2018-07-12',423,1875890),(6522,176,'2018-07-13',361,1912430),(6523,176,'2018-07-14',361,1965030),(6524,176,'2018-07-15',355,1967570),(6525,176,'2018-07-16',403,1815420),(6526,176,'2018-07-17',478,1858140),(6527,176,'2018-07-18',409,1786080),(6528,176,'2018-07-19',404,1781270),(6529,176,'2018-07-20',397,1927380),(6530,176,'2018-07-21',373,1951150),(6531,176,'2018-07-22',348,1881250),(6532,176,'2018-07-23',393,1896910),(6533,176,'2018-07-24',385,1989470),(6534,176,'2018-07-25',401,2040460),(6535,176,'2018-07-26',379,1978160),(6536,176,'2018-07-27',371,1976120),(6537,176,'2018-07-28',359,2068040),(6538,176,'2018-07-29',478,1935090),(6539,176,'2018-07-30',378,1919900),(6540,176,'2018-07-31',353,1871380),(6541,177,'2018-08-31',354,2220690),(6542,177,'2018-09-01',272,2497210),(6543,177,'2018-09-02',396,2487460),(6544,177,'2018-09-03',386,2337940),(6545,177,'2018-09-04',341,2354130),(6546,177,'2018-09-05',327,2381670),(6547,177,'2018-09-06',340,2317290),(6548,177,'2018-09-07',350,1997600),(6549,177,'2018-09-08',314,2014770),(6550,177,'2018-09-09',308,2024640),(6551,177,'2018-09-10',328,2071330),(6552,177,'2018-09-11',391,2056410),(6553,177,'2018-09-12',396,2074210),(6554,177,'2018-09-13',419,2120400),(6555,177,'2018-09-14',502,2089080),(6556,177,'2018-09-15',449,2109010),(6557,177,'2018-09-16',445,2173960),(6558,177,'2018-09-17',470,2122010),(6559,177,'2018-09-18',439,2108590),(6560,177,'2018-09-19',431,2016400),(6561,177,'2018-09-20',439,2177940),(6562,177,'2018-09-21',396,2165090),(6563,177,'2018-09-22',334,2144200),(6564,177,'2018-09-23',321,2055140),(6565,177,'2018-09-24',315,2045560),(6566,177,'2018-09-25',415,1936190),(6567,177,'2018-09-26',422,1950620),(6568,177,'2018-09-27',395,1983480),(6569,177,'2018-09-28',335,1952190),(6570,177,'2018-09-29',316,1976450),(6571,177,'2018-09-30',292,2009680),(6572,178,'2017-12-30',61,233162),(6573,178,'2017-12-31',77,462175),(6574,178,'2018-01-01',84,468822),(6575,178,'2018-01-02',88,502270),(6576,178,'2018-01-03',94,501763),(6577,178,'2018-01-04',84,491080),(6578,178,'2018-01-05',101,484214),(6579,178,'2018-01-06',64,467059),(6580,178,'2018-01-07',86,472585),(6581,178,'2018-01-08',86,474207),(6582,178,'2018-01-09',91,499832),(6583,178,'2018-01-10',69,489048),(6584,178,'2018-01-11',80,449390),(6585,178,'2018-01-12',74,474939),(6586,178,'2018-01-13',81,497237),(6587,178,'2018-01-14',80,524093),(6588,178,'2018-01-15',88,516398),(6589,178,'2018-01-16',86,486358),(6590,178,'2018-01-17',91,509252),(6591,178,'2018-01-18',87,482896),(6592,178,'2018-01-19',99,458968),(6593,178,'2018-01-20',81,494905),(6594,178,'2018-01-21',88,508074),(6595,178,'2018-01-22',103,483991),(6596,178,'2018-01-23',96,480044),(6597,178,'2018-01-24',97,487819),(6598,178,'2018-01-25',106,506710),(6599,178,'2018-01-26',92,466834),(6600,178,'2018-01-27',80,479977),(6601,178,'2018-01-28',86,494965),(6602,178,'2018-01-29',98,417314),(6603,179,'2018-01-31',82,1832430),(6604,179,'2018-02-01',87,1903460),(6605,179,'2018-02-02',85,1912890),(6606,179,'2018-02-03',72,1835660),(6607,179,'2018-02-04',81,1818940),(6608,179,'2018-02-05',110,1765430),(6609,179,'2018-02-06',100,1858080),(6610,179,'2018-02-07',103,1911570),(6611,179,'2018-02-08',90,1992130),(6612,179,'2018-02-09',97,1954020),(6613,179,'2018-02-10',86,2026710),(6614,179,'2018-02-11',97,2021790),(6615,179,'2018-02-12',108,1866590),(6616,179,'2018-02-13',97,1921790),(6617,179,'2018-02-14',106,1929970),(6618,179,'2018-02-15',94,1937860),(6619,179,'2018-02-16',94,1919840),(6620,179,'2018-02-17',95,1962580),(6621,179,'2018-02-18',85,2023760),(6622,179,'2018-02-19',93,2019250),(6623,179,'2018-02-20',71,2007500),(6624,179,'2018-02-21',74,1982650),(6625,179,'2018-02-22',74,2030340),(6626,179,'2018-02-23',72,1964120),(6627,179,'2018-02-24',62,2116750),(6628,179,'2018-02-25',63,2158280),(6629,179,'2018-02-26',83,2033790),(6630,179,'2018-02-27',70,1973070),(6631,180,'2018-03-01',82,2668020),(6632,180,'2018-03-02',71,2449810),(6633,180,'2018-03-03',73,2406200),(6634,180,'2018-03-04',62,2471820),(6635,180,'2018-03-05',72,2418470),(6636,180,'2018-03-06',66,2418930),(6637,180,'2018-03-07',69,2340060),(6638,180,'2018-03-08',72,2344350),(6639,180,'2018-03-09',74,2256410),(6640,180,'2018-03-10',77,2366120),(6641,180,'2018-03-11',71,2358310),(6642,180,'2018-03-12',84,2273850),(6643,180,'2018-03-13',65,2318180),(6644,180,'2018-03-14',73,2388930),(6645,180,'2018-03-15',89,2445270),(6646,180,'2018-03-16',98,2451620),(6647,180,'2018-03-17',87,2388030),(6648,180,'2018-03-18',90,2517690),(6649,180,'2018-03-19',87,2416700),(6650,180,'2018-03-20',81,2003430),(6651,180,'2018-03-21',87,2441680),(6652,180,'2018-03-22',86,2581250),(6653,180,'2018-03-23',72,2585390),(6654,180,'2018-03-24',81,2559000),(6655,180,'2018-03-25',77,2586410),(6656,180,'2018-03-26',92,2515620),(6657,180,'2018-03-27',80,2442890),(6658,180,'2018-03-28',93,2490680),(6659,180,'2018-03-29',105,2467860),(6660,180,'2018-03-30',87,2378230),(6661,180,'2018-03-31',69,2416040),(6662,181,'2018-08-31',51,2220690),(6663,181,'2018-09-01',38,2497210),(6664,181,'2018-09-02',51,2487460),(6665,181,'2018-09-03',60,2337940),(6666,181,'2018-09-04',51,2354130),(6667,181,'2018-09-05',58,2381670),(6668,181,'2018-09-06',59,2317290),(6669,181,'2018-09-07',61,1997600),(6670,181,'2018-09-08',68,2014770),(6671,181,'2018-09-09',68,2024640),(6672,181,'2018-09-10',72,2071330),(6673,181,'2018-09-11',72,2056410),(6674,181,'2018-09-12',65,2074210),(6675,181,'2018-09-13',61,2120400),(6676,181,'2018-09-14',62,2089080),(6677,181,'2018-09-15',55,2109010),(6678,181,'2018-09-16',58,2173960),(6679,181,'2018-09-17',67,2122010),(6680,181,'2018-09-18',63,2108590),(6681,181,'2018-09-19',62,2016400),(6682,181,'2018-09-20',55,2177940),(6683,181,'2018-09-21',64,2165090),(6684,181,'2018-09-22',53,2144200),(6685,181,'2018-09-23',48,2055140),(6686,181,'2018-09-24',48,2045560),(6687,181,'2018-09-25',54,1936190),(6688,181,'2018-09-26',52,1950620),(6689,181,'2018-09-27',54,1983480),(6690,181,'2018-09-28',55,1952190),(6691,181,'2018-09-29',35,1976450),(6692,181,'2018-09-30',43,2009680),(6693,182,'2016-12-31',453,779747),(6694,182,'2017-01-01',485,884220),(6695,182,'2017-01-02',543,918886),(6696,182,'2017-01-03',539,992720),(6697,182,'2017-01-04',512,979447),(6698,182,'2017-01-05',524,966928),(6699,182,'2017-01-06',409,940198),(6700,182,'2017-01-07',471,941489),(6701,182,'2017-01-08',433,917361),(6702,182,'2017-01-09',516,941063),(6703,182,'2017-01-10',468,890281),(6704,182,'2017-01-11',473,884463),(6705,182,'2017-01-12',517,909957),(6706,182,'2017-01-13',511,862574),(6707,182,'2017-01-14',420,903189),(6708,182,'2017-01-15',400,912555),(6709,182,'2017-01-16',479,867844),(6710,182,'2017-01-17',448,794699),(6711,182,'2017-01-18',481,791639),(6712,182,'2017-01-19',461,751700),(6713,182,'2017-01-20',453,794102),(6714,182,'2017-01-21',383,854156),(6715,182,'2017-01-22',356,853435),(6716,182,'2017-01-23',463,826635),(6717,182,'2017-01-24',422,838189),(6718,182,'2017-01-25',408,809708),(6719,182,'2017-01-26',300,698067),(6720,182,'2017-01-27',307,796712),(6721,182,'2017-01-28',336,815406),(6722,182,'2017-01-29',330,826017),(6723,182,'2017-01-30',413,817543),(6724,183,'2018-02-01',573,1903460),(6725,183,'2018-02-02',542,1912890),(6726,183,'2018-02-03',397,1835660),(6727,183,'2018-02-04',424,1818940),(6728,183,'2018-02-05',507,1765430),(6729,183,'2018-02-06',511,1858080),(6730,183,'2018-02-07',508,1911570),(6731,183,'2018-02-08',500,1992130),(6732,183,'2018-02-09',520,1954020),(6733,183,'2018-02-10',389,2026710),(6734,183,'2018-02-11',390,2021790),(6735,183,'2018-02-12',513,1866590),(6736,183,'2018-02-13',509,1921790),(6737,183,'2018-02-14',521,1929970),(6738,183,'2018-02-15',463,1937860),(6739,183,'2018-02-16',524,1919840),(6740,183,'2018-02-17',454,1962580),(6741,183,'2018-02-18',451,2023760),(6742,183,'2018-02-19',456,2019250),(6743,183,'2018-02-20',553,2007500),(6744,183,'2018-02-21',564,1982650),(6745,183,'2018-02-22',553,2030340),(6746,183,'2018-02-23',547,1964120),(6747,183,'2018-02-24',418,2116750),(6748,183,'2018-02-25',463,2158280),(6749,183,'2018-02-26',605,2033790),(6750,183,'2018-02-27',560,1973070),(6751,183,'2018-02-28',526,260847),(6752,184,'2018-03-01',539,2668020),(6753,184,'2018-03-02',518,2449810),(6754,184,'2018-03-03',481,2406200),(6755,184,'2018-03-04',473,2471820),(6756,184,'2018-03-05',596,2418470),(6757,184,'2018-03-06',585,2418930),(6758,184,'2018-03-07',589,2340060),(6759,184,'2018-03-08',551,2344350),(6760,184,'2018-03-09',581,2256410),(6761,184,'2018-03-10',500,2366120),(6762,184,'2018-03-11',509,2358310),(6763,184,'2018-03-12',636,2273850),(6764,184,'2018-03-13',596,2318180),(6765,184,'2018-03-14',630,2388930),(6766,184,'2018-03-15',679,2445270),(6767,184,'2018-03-16',690,2451620),(6768,184,'2018-03-17',599,2388030),(6769,184,'2018-03-18',627,2517690),(6770,184,'2018-03-19',734,2416700),(6771,184,'2018-03-20',645,2003430),(6772,184,'2018-03-21',709,2441680),(6773,184,'2018-03-22',721,2581250),(6774,184,'2018-03-23',728,2585390),(6775,184,'2018-03-24',567,2559000),(6776,184,'2018-03-25',585,2586410),(6777,184,'2018-03-26',751,2515620),(6778,184,'2018-03-27',700,2442890),(6779,184,'2018-03-28',720,2490680),(6780,184,'2018-03-29',693,2467860),(6781,184,'2018-03-30',719,2378230),(6782,184,'2018-03-31',611,2416040),(6783,185,'2018-04-01',645,2488920),(6784,185,'2018-04-02',804,1928380),(6785,185,'2018-04-03',803,1885220),(6786,185,'2018-04-04',838,1959230),(6787,185,'2018-04-05',883,1936620),(6788,185,'2018-04-06',686,2051640),(6789,185,'2018-04-07',711,2064050),(6790,185,'2018-04-08',724,2174080),(6791,185,'2018-04-09',731,2094570),(6792,185,'2018-04-10',849,1950250),(6793,185,'2018-04-11',858,2062250),(6794,185,'2018-04-12',864,1985810),(6795,185,'2018-04-13',826,1871330),(6796,185,'2018-04-14',727,2044830),(6797,185,'2018-04-15',744,1976320),(6798,185,'2018-04-16',915,2020420),(6799,185,'2018-04-17',846,1924040),(6800,185,'2018-04-18',854,1971120),(6801,185,'2018-04-19',825,2039020),(6802,185,'2018-04-20',820,2105490),(6803,185,'2018-04-21',689,2121430),(6804,185,'2018-04-22',329,1960350),(6805,185,'2018-04-23',NULL,1911430),(6806,185,'2018-04-24',NULL,1983320),(6807,185,'2018-04-25',NULL,2120780),(6808,185,'2018-04-26',NULL,2133760),(6809,185,'2018-04-27',449,2139540),(6810,185,'2018-04-28',572,2035610),(6811,185,'2018-04-29',571,1978930),(6812,185,'2018-04-30',717,1989460),(6813,186,'2018-05-01',580,2653640),(6814,186,'2018-05-02',512,2072600),(6815,186,'2018-05-03',177,2040860),(6816,186,'2018-05-04',NULL,1997650),(6817,186,'2018-05-05',NULL,2120220),(6818,186,'2018-05-06',NULL,2193870),(6819,186,'2018-05-07',NULL,2044670),(6820,186,'2018-05-08',NULL,1973000),(6821,186,'2018-05-09',NULL,1996760),(6822,186,'2018-05-10',NULL,2022700),(6823,186,'2018-05-11',NULL,2051200),(6824,186,'2018-05-12',NULL,2137720),(6825,186,'2018-05-13',NULL,2098070),(6826,186,'2018-05-14',NULL,2115010),(6827,186,'2018-05-15',NULL,2107640),(6828,186,'2018-05-16',NULL,2109560),(6829,186,'2018-05-17',NULL,2094560),(6830,186,'2018-05-18',NULL,2205810),(6831,186,'2018-05-19',NULL,2057830),(6832,186,'2018-05-20',NULL,2184110),(6833,186,'2018-05-21',NULL,2081090),(6834,186,'2018-05-22',NULL,2083180),(6835,186,'2018-05-23',276,2011740),(6836,186,'2018-05-24',556,1963040),(6837,186,'2018-05-25',616,2200000),(6838,186,'2018-05-26',537,2436340),(6839,186,'2018-05-27',498,2429700),(6840,186,'2018-05-28',538,2288310),(6841,186,'2018-05-29',753,2174650),(6842,186,'2018-05-30',709,2205320),(6843,186,'2018-05-31',693,2252110),(6844,187,'2017-05-31',573,1019540),(6845,187,'2017-06-01',587,996145),(6846,187,'2017-06-02',630,997095),(6847,187,'2017-06-03',520,1046620),(6848,187,'2017-06-04',504,1043130),(6849,187,'2017-06-05',503,1126700),(6850,187,'2017-06-06',579,1087700),(6851,187,'2017-06-07',557,1090870),(6852,187,'2017-06-08',576,996888),(6853,187,'2017-06-09',535,937610),(6854,187,'2017-06-10',463,918002),(6855,187,'2017-06-11',438,901317),(6856,187,'2017-06-12',557,939845),(6857,187,'2017-06-13',533,1020950),(6858,187,'2017-06-14',581,1044420),(6859,187,'2017-06-15',592,1005300),(6860,187,'2017-06-16',544,1062960),(6861,187,'2017-06-17',460,948915),(6862,187,'2017-06-18',455,1012320),(6863,187,'2017-06-19',511,982633),(6864,187,'2017-06-20',538,999816),(6865,187,'2017-06-21',534,963791),(6866,187,'2017-06-22',515,945506),(6867,187,'2017-06-23',521,1160800),(6868,187,'2017-06-24',449,975545),(6869,187,'2017-06-25',436,840804),(6870,187,'2017-06-26',497,797291),(6871,187,'2017-06-27',500,880796),(6872,187,'2017-06-28',503,942476),(6873,187,'2017-06-29',524,935154),(6874,188,'2018-06-01',710,2794170),(6875,188,'2018-06-02',569,2368580),(6876,188,'2018-06-03',608,2350130),(6877,188,'2018-06-04',741,2302360),(6878,188,'2018-06-05',772,2302120),(6879,188,'2018-06-06',811,2265660),(6880,188,'2018-06-07',831,2272510),(6881,188,'2018-06-08',766,2261850),(6882,188,'2018-06-09',653,2377530),(6883,188,'2018-06-10',727,2458000),(6884,188,'2018-06-11',904,2362600),(6885,188,'2018-06-12',826,2260570),(6886,188,'2018-06-13',849,2297640),(6887,188,'2018-06-14',861,2290770),(6888,188,'2018-06-15',879,2230970),(6889,188,'2018-06-16',703,2260650),(6890,188,'2018-06-17',747,2207650),(6891,188,'2018-06-18',940,2012450),(6892,188,'2018-06-19',906,2089060),(6893,188,'2018-06-20',860,2028770),(6894,188,'2018-06-21',906,2118140),(6895,188,'2018-06-22',980,2319910),(6896,188,'2018-06-23',828,2265850),(6897,188,'2018-06-24',884,2267330),(6898,188,'2018-06-25',1005,2205040),(6899,188,'2018-06-26',1043,2215970),(6900,188,'2018-06-27',979,2198230),(6901,188,'2018-06-28',1026,4209650),(6902,188,'2018-06-29',996,3992400),(6903,188,'2018-06-30',791,3872230),(6904,189,'2018-07-01',779,2262890),(6905,189,'2018-07-02',914,2022790),(6906,189,'2018-07-03',940,2135070),(6907,189,'2018-07-04',998,2083700),(6908,189,'2018-07-05',948,2035330),(6909,189,'2018-07-06',918,2143780),(6910,189,'2018-07-07',798,2019640),(6911,189,'2018-07-08',811,2065400),(6912,189,'2018-07-09',988,2086540),(6913,189,'2018-07-10',1036,1884200),(6914,189,'2018-07-11',964,1882330),(6915,189,'2018-07-12',961,1875890),(6916,189,'2018-07-13',977,1912430),(6917,189,'2018-07-14',791,1965030),(6918,189,'2018-07-15',801,1967570),(6919,189,'2018-07-16',951,1815420),(6920,189,'2018-07-17',947,1858140),(6921,189,'2018-07-18',926,1786080),(6922,189,'2018-07-19',884,1781270),(6923,189,'2018-07-20',892,1927380),(6924,189,'2018-07-21',730,1951150),(6925,189,'2018-07-22',800,1881250),(6926,189,'2018-07-23',869,1896910),(6927,189,'2018-07-24',889,1989470),(6928,189,'2018-07-25',890,2040460),(6929,189,'2018-07-26',863,1978160),(6930,189,'2018-07-27',861,1976120),(6931,189,'2018-07-28',740,2068040),(6932,189,'2018-07-29',753,1935090),(6933,189,'2018-07-30',889,1919900),(6934,189,'2018-07-31',876,1871380),(6935,190,'2018-09-01',713,2497210),(6936,190,'2018-09-02',726,2487460),(6937,190,'2018-09-03',852,2337940),(6938,190,'2018-09-04',813,2354130),(6939,190,'2018-09-05',878,2381670),(6940,190,'2018-09-06',841,2317290),(6941,190,'2018-09-07',800,1997600),(6942,190,'2018-09-08',744,2014770),(6943,190,'2018-09-09',731,2024640),(6944,190,'2018-09-10',854,2071330),(6945,190,'2018-09-11',540,2056410),(6946,190,'2018-09-12',508,2074210),(6947,190,'2018-09-13',531,2120400),(6948,190,'2018-09-14',674,2089080),(6949,190,'2018-09-15',810,2109010),(6950,190,'2018-09-16',1023,2173960),(6951,190,'2018-09-17',1145,2122010),(6952,190,'2018-09-18',1078,2108590),(6953,190,'2018-09-19',1024,2016400),(6954,190,'2018-09-20',937,2177940),(6955,190,'2018-09-21',947,2165090),(6956,190,'2018-09-22',826,2144200),(6957,190,'2018-09-23',844,2055140),(6958,190,'2018-09-24',966,2045560),(6959,190,'2018-09-25',1028,1936190),(6960,190,'2018-09-26',956,1950620),(6961,190,'2018-09-27',937,1983480),(6962,190,'2018-09-28',863,1952190),(6963,190,'2018-09-29',727,1976450),(6964,190,'2018-09-30',778,2009680),(6965,191,'2017-01-01',122,884220),(6966,191,'2017-01-02',141,918886),(6967,191,'2017-01-03',158,992720),(6968,191,'2017-01-04',167,979447),(6969,191,'2017-01-05',155,966928),(6970,191,'2017-01-06',126,940198),(6971,191,'2017-01-07',123,941489),(6972,191,'2017-01-08',119,917361),(6973,191,'2017-01-09',142,941063),(6974,191,'2017-01-10',140,890281),(6975,191,'2017-01-11',125,884463),(6976,191,'2017-01-12',143,909957),(6977,191,'2017-01-13',153,862574),(6978,191,'2017-01-14',131,903189),(6979,191,'2017-01-15',141,912555),(6980,191,'2017-01-16',164,867844),(6981,191,'2017-01-17',162,794699),(6982,191,'2017-01-18',176,791639),(6983,191,'2017-01-19',172,751700),(6984,191,'2017-01-20',160,794102),(6985,191,'2017-01-21',134,854156),(6986,191,'2017-01-22',128,853435),(6987,191,'2017-01-23',159,826635),(6988,191,'2017-01-24',163,838189),(6989,191,'2017-01-25',154,809708),(6990,191,'2017-01-26',166,698067),(6991,191,'2017-01-27',161,796712),(6992,191,'2017-01-28',131,815406),(6993,191,'2017-01-29',130,826017),(6994,191,'2017-01-30',160,817543),(6995,191,'2017-01-31',159,100191),(6996,192,'2018-03-01',185,2668020),(6997,192,'2018-03-02',202,2449810),(6998,192,'2018-03-03',164,2406200),(6999,192,'2018-03-04',158,2471820),(7000,192,'2018-03-05',196,2418470),(7001,192,'2018-03-06',202,2418930),(7002,192,'2018-03-07',202,2340060),(7003,192,'2018-03-08',223,2344350),(7004,192,'2018-03-09',193,2256410),(7005,192,'2018-03-10',154,2366120),(7006,192,'2018-03-11',160,2358310),(7007,192,'2018-03-12',201,2273850),(7008,192,'2018-03-13',197,2318180),(7009,192,'2018-03-14',210,2388930),(7010,192,'2018-03-15',204,2445270),(7011,192,'2018-03-16',204,2451620),(7012,192,'2018-03-17',167,2388030),(7013,192,'2018-03-18',170,2517690),(7014,192,'2018-03-19',209,2416700),(7015,192,'2018-03-20',206,2003430),(7016,192,'2018-03-21',209,2441680),(7017,192,'2018-03-22',219,2581250),(7018,192,'2018-03-23',203,2585390),(7019,192,'2018-03-24',168,2559000),(7020,192,'2018-03-25',168,2586410),(7021,192,'2018-03-26',202,2515620),(7022,192,'2018-03-27',204,2442890),(7023,192,'2018-03-28',216,2490680),(7024,192,'2018-03-29',237,2467860),(7025,192,'2018-03-30',225,2378230),(7026,192,'2018-03-31',177,2416040),(7027,193,'2018-04-01',180,2488920),(7028,193,'2018-04-02',210,1928380),(7029,193,'2018-04-03',204,1885220),(7030,193,'2018-04-04',198,1959230),(7031,193,'2018-04-05',181,1936620),(7032,193,'2018-04-06',149,2051640),(7033,193,'2018-04-07',155,2064050),(7034,193,'2018-04-08',156,2174080),(7035,193,'2018-04-09',164,2094570),(7036,193,'2018-04-10',201,1950250),(7037,193,'2018-04-11',219,2062250),(7038,193,'2018-04-12',216,1985810),(7039,193,'2018-04-13',196,1871330),(7040,193,'2018-04-14',166,2044830),(7041,193,'2018-04-15',162,1976320),(7042,193,'2018-04-16',195,2020420),(7043,193,'2018-04-17',212,1924040),(7044,193,'2018-04-18',220,1971120),(7045,193,'2018-04-19',225,2039020),(7046,193,'2018-04-20',201,2105490),(7047,193,'2018-04-21',155,2121430),(7048,193,'2018-04-22',155,1960350),(7049,193,'2018-04-23',206,1911430),(7050,193,'2018-04-24',196,1983320),(7051,193,'2018-04-25',195,2120780),(7052,193,'2018-04-26',206,2133760),(7053,193,'2018-04-27',183,2139540),(7054,193,'2018-04-28',167,2035610),(7055,193,'2018-04-29',161,1978930),(7056,193,'2018-04-30',177,1989460),(7057,194,'2018-05-01',154,2653640),(7058,194,'2018-05-02',198,2072600),(7059,194,'2018-05-03',185,2040860),(7060,194,'2018-05-04',207,1997650),(7061,194,'2018-05-05',159,2120220),(7062,194,'2018-05-06',155,2193870),(7063,194,'2018-05-07',202,2044670),(7064,194,'2018-05-08',209,1973000),(7065,194,'2018-05-09',207,1996760),(7066,194,'2018-05-10',204,2022700),(7067,194,'2018-05-11',193,2051200),(7068,194,'2018-05-12',160,2137720),(7069,194,'2018-05-13',163,2098070),(7070,194,'2018-05-14',204,2115010),(7071,194,'2018-05-15',206,2107640),(7072,194,'2018-05-16',197,2109560),(7073,194,'2018-05-17',198,2094560),(7074,194,'2018-05-18',197,2205810),(7075,194,'2018-05-19',156,2057830),(7076,194,'2018-05-20',153,2184110),(7077,194,'2018-05-21',199,2081090),(7078,194,'2018-05-22',197,2083180),(7079,194,'2018-05-23',206,2011740),(7080,194,'2018-05-24',208,1963040),(7081,194,'2018-05-25',207,2200000),(7082,194,'2018-05-26',148,2436340),(7083,194,'2018-05-27',147,2429700),(7084,194,'2018-05-28',146,2288310),(7085,194,'2018-05-29',191,2174650),(7086,194,'2018-05-30',188,2205320),(7087,194,'2018-05-31',215,2252110),(7088,195,'2017-05-31',155,1019540),(7089,195,'2017-06-01',166,996145),(7090,195,'2017-06-02',169,997095),(7091,195,'2017-06-03',138,1046620),(7092,195,'2017-06-04',155,1043130),(7093,195,'2017-06-05',145,1126700),(7094,195,'2017-06-06',160,1087700),(7095,195,'2017-06-07',171,1090870),(7096,195,'2017-06-08',179,996888),(7097,195,'2017-06-09',185,937610),(7098,195,'2017-06-10',158,918002),(7099,195,'2017-06-11',157,901317),(7100,195,'2017-06-12',183,939845),(7101,195,'2017-06-13',133,1020950),(7102,195,'2017-06-14',161,1044420),(7103,195,'2017-06-15',164,1005300),(7104,195,'2017-06-16',155,1062960),(7105,195,'2017-06-17',136,948915),(7106,195,'2017-06-18',141,1012320),(7107,195,'2017-06-19',162,982633),(7108,195,'2017-06-20',157,999816),(7109,195,'2017-06-21',151,963791),(7110,195,'2017-06-22',167,945506),(7111,195,'2017-06-23',151,1160800),(7112,195,'2017-06-24',145,975545),(7113,195,'2017-06-25',141,840804),(7114,195,'2017-06-26',174,797291),(7115,195,'2017-06-27',175,880796),(7116,195,'2017-06-28',164,942476),(7117,195,'2017-06-29',166,935154),(7118,196,'2018-06-01',197,2794170),(7119,196,'2018-06-02',147,2368580),(7120,196,'2018-06-03',143,2350130),(7121,196,'2018-06-04',188,2302360),(7122,196,'2018-06-05',201,2302120),(7123,196,'2018-06-06',193,2265660),(7124,196,'2018-06-07',208,2272510),(7125,196,'2018-06-08',202,2261850),(7126,196,'2018-06-09',142,2377530),(7127,196,'2018-06-10',143,2458000),(7128,196,'2018-06-11',197,2362600),(7129,196,'2018-06-12',193,2260570),(7130,196,'2018-06-13',194,2297640),(7131,196,'2018-06-14',229,2290770),(7132,196,'2018-06-15',210,2230970),(7133,196,'2018-06-16',155,2260650),(7134,196,'2018-06-17',158,2207650),(7135,196,'2018-06-18',214,2012450),(7136,196,'2018-06-19',223,2089060),(7137,196,'2018-06-20',229,2028770),(7138,196,'2018-06-21',241,2118140),(7139,196,'2018-06-22',218,2319910),(7140,196,'2018-06-23',166,2265850),(7141,196,'2018-06-24',164,2267330),(7142,196,'2018-06-25',216,2205040),(7143,196,'2018-06-26',204,2215970),(7144,196,'2018-06-27',209,2198230),(7145,196,'2018-06-28',216,4209650),(7146,196,'2018-06-29',214,3992400),(7147,196,'2018-06-30',164,3872230),(7148,197,'2018-07-01',174,2262890),(7149,197,'2018-07-02',219,2022790),(7150,197,'2018-07-03',222,2135070),(7151,197,'2018-07-04',228,2083700),(7152,197,'2018-07-05',228,2035330),(7153,197,'2018-07-06',228,2143780),(7154,197,'2018-07-07',177,2019640),(7155,197,'2018-07-08',175,2065400),(7156,197,'2018-07-09',227,2086540),(7157,197,'2018-07-10',224,1884200),(7158,197,'2018-07-11',225,1882330),(7159,197,'2018-07-12',226,1875890),(7160,197,'2018-07-13',215,1912430),(7161,197,'2018-07-14',175,1965030),(7162,197,'2018-07-15',175,1967570),(7163,197,'2018-07-16',220,1815420),(7164,197,'2018-07-17',205,1858140),(7165,197,'2018-07-18',232,1786080),(7166,197,'2018-07-19',236,1781270),(7167,197,'2018-07-20',228,1927380),(7168,197,'2018-07-21',184,1951150),(7169,197,'2018-07-22',185,1881250),(7170,197,'2018-07-23',230,1896910),(7171,197,'2018-07-24',227,1989470),(7172,197,'2018-07-25',219,2040460),(7173,197,'2018-07-26',225,1978160),(7174,197,'2018-07-27',214,1976120),(7175,197,'2018-07-28',180,2068040),(7176,197,'2018-07-29',177,1935090),(7177,197,'2018-07-30',214,1919900),(7178,197,'2018-07-31',235,1871380),(7179,198,'2018-08-31',225,2220690),(7180,198,'2018-09-01',184,2497210),(7181,198,'2018-09-02',182,2487460),(7182,198,'2018-09-03',217,2337940),(7183,198,'2018-09-04',222,2354130),(7184,198,'2018-09-05',226,2381670),(7185,198,'2018-09-06',229,2317290),(7186,198,'2018-09-07',229,1997600),(7187,198,'2018-09-08',182,2014770),(7188,198,'2018-09-09',182,2024640),(7189,198,'2018-09-10',220,2071330),(7190,198,'2018-09-11',239,2056410),(7191,198,'2018-09-12',228,2074210),(7192,198,'2018-09-13',238,2120400),(7193,198,'2018-09-14',222,2089080),(7194,198,'2018-09-15',186,2109010),(7195,198,'2018-09-16',182,2173960),(7196,198,'2018-09-17',239,2122010),(7197,198,'2018-09-18',227,2108590),(7198,198,'2018-09-19',235,2016400),(7199,198,'2018-09-20',246,2177940),(7200,198,'2018-09-21',239,2165090),(7201,198,'2018-09-22',192,2144200),(7202,198,'2018-09-23',193,2055140),(7203,198,'2018-09-24',234,2045560),(7204,198,'2018-09-25',236,1936190),(7205,198,'2018-09-26',243,1950620),(7206,198,'2018-09-27',256,1983480),(7207,198,'2018-09-28',233,1952190),(7208,198,'2018-09-29',191,1976450),(7209,198,'2018-09-30',193,2009680),(7210,199,'2016-09-30',195,613808),(7211,199,'2016-10-01',157,677216),(7212,199,'2016-10-02',162,667753),(7213,199,'2016-10-03',188,640752),(7214,199,'2016-10-04',174,607052),(7215,199,'2016-10-05',163,652465),(7216,199,'2016-10-06',166,662726),(7217,199,'2016-10-07',163,684877),(7218,199,'2016-10-08',153,703266),(7219,199,'2016-10-09',155,714769),(7220,199,'2016-10-10',175,734888),(7221,199,'2016-10-11',175,716129),(7222,199,'2016-10-12',168,664962),(7223,199,'2016-10-13',167,698373),(7224,199,'2016-10-14',169,731472),(7225,199,'2016-10-15',155,734996),(7226,199,'2016-10-16',156,727059),(7227,199,'2016-10-17',194,738709),(7228,199,'2016-10-18',183,752200),(7229,199,'2016-10-19',197,785322),(7230,199,'2016-10-20',183,754831),(7231,199,'2016-10-21',185,771267),(7232,199,'2016-10-22',153,766334),(7233,199,'2016-10-23',163,777861),(7234,199,'2016-10-24',176,733276),(7235,199,'2016-10-25',184,747711),(7236,199,'2016-10-26',188,812006),(7237,199,'2016-10-27',173,786335),(7238,199,'2016-10-28',177,784472),(7239,199,'2016-10-29',162,798213),(7240,199,'2016-10-30',158,800603),(7241,199,'2016-10-31',183,785552),(7242,200,'2018-05-01',56,2653640),(7243,200,'2018-05-02',69,2072600),(7244,200,'2018-05-03',80,2040860),(7245,200,'2018-05-04',65,1997650),(7246,200,'2018-05-05',69,2120220),(7247,200,'2018-05-06',65,2193870),(7248,200,'2018-05-07',68,2044670),(7249,200,'2018-05-08',88,1973000),(7250,200,'2018-05-09',94,1996760),(7251,200,'2018-05-10',95,2022700),(7252,200,'2018-05-11',84,2051200),(7253,200,'2018-05-12',77,2137720),(7254,200,'2018-05-13',81,2098070),(7255,200,'2018-05-14',90,2115010),(7256,200,'2018-05-15',91,2107640),(7257,200,'2018-05-16',100,2109560),(7258,200,'2018-05-17',94,2094560),(7259,200,'2018-05-18',101,2205810),(7260,200,'2018-05-19',77,2057830),(7261,200,'2018-05-20',75,2184110),(7262,200,'2018-05-21',85,2081090),(7263,200,'2018-05-22',99,2083180),(7264,200,'2018-05-23',101,2011740),(7265,200,'2018-05-24',92,1963040),(7266,200,'2018-05-25',87,2200000),(7267,200,'2018-05-26',80,2436340),(7268,200,'2018-05-27',83,2429700),(7269,200,'2018-05-28',84,2288310),(7270,200,'2018-05-29',83,2174650),(7271,200,'2018-05-30',88,2205320),(7272,200,'2018-05-31',78,2252110),(7273,201,'2017-05-31',92,1019540),(7274,201,'2017-06-01',94,996145),(7275,201,'2017-06-02',91,997095),(7276,201,'2017-06-03',70,1046620),(7277,201,'2017-06-04',74,1043130),(7278,201,'2017-06-05',93,1126700),(7279,201,'2017-06-06',101,1087700),(7280,201,'2017-06-07',85,1090870),(7281,201,'2017-06-08',92,996888),(7282,201,'2017-06-09',90,937610),(7283,201,'2017-06-10',67,918002),(7284,201,'2017-06-11',66,901317),(7285,201,'2017-06-12',89,939845),(7286,201,'2017-06-13',92,1020950),(7287,201,'2017-06-14',82,1044420),(7288,201,'2017-06-15',91,1005300),(7289,201,'2017-06-16',92,1062960),(7290,201,'2017-06-17',68,948915),(7291,201,'2017-06-18',69,1012320),(7292,201,'2017-06-19',87,982633),(7293,201,'2017-06-20',99,999816),(7294,201,'2017-06-21',84,963791),(7295,201,'2017-06-22',87,945506),(7296,201,'2017-06-23',75,1160800),(7297,201,'2017-06-24',64,975545),(7298,201,'2017-06-25',62,840804),(7299,201,'2017-06-26',78,797291),(7300,201,'2017-06-27',84,880796),(7301,201,'2017-06-28',81,942476),(7302,201,'2017-06-29',91,935154),(7303,202,'2018-06-01',88,2794170),(7304,202,'2018-06-02',73,2368580),(7305,202,'2018-06-03',76,2350130),(7306,202,'2018-06-04',74,2302360),(7307,202,'2018-06-05',86,2302120),(7308,202,'2018-06-06',73,2265660),(7309,202,'2018-06-07',75,2272510),(7310,202,'2018-06-08',82,2261850),(7311,202,'2018-06-09',74,2377530),(7312,202,'2018-06-10',84,2458000),(7313,202,'2018-06-11',86,2362600),(7314,202,'2018-06-12',83,2260570),(7315,202,'2018-06-13',86,2297640),(7316,202,'2018-06-14',88,2290770),(7317,202,'2018-06-15',86,2230970),(7318,202,'2018-06-16',80,2260650),(7319,202,'2018-06-17',72,2207650),(7320,202,'2018-06-18',86,2012450),(7321,202,'2018-06-19',97,2089060),(7322,202,'2018-06-20',92,2028770),(7323,202,'2018-06-21',99,2118140),(7324,202,'2018-06-22',84,2319910),(7325,202,'2018-06-23',85,2265850),(7326,202,'2018-06-24',77,2267330),(7327,202,'2018-06-25',95,2205040),(7328,202,'2018-06-26',91,2215970),(7329,202,'2018-06-27',93,2198230),(7330,202,'2018-06-28',87,4209650),(7331,202,'2018-06-29',75,3992400),(7332,202,'2018-06-30',67,3872230),(7333,203,'2018-07-01',63,2262890),(7334,203,'2018-07-02',78,2022790),(7335,203,'2018-07-03',89,2135070),(7336,203,'2018-07-04',81,2083700),(7337,203,'2018-07-05',88,2035330),(7338,203,'2018-07-06',93,2143780),(7339,203,'2018-07-07',76,2019640),(7340,203,'2018-07-08',84,2065400),(7341,203,'2018-07-09',85,2086540),(7342,203,'2018-07-10',99,1884200),(7343,203,'2018-07-11',90,1882330),(7344,203,'2018-07-12',86,1875890),(7345,203,'2018-07-13',83,1912430),(7346,203,'2018-07-14',88,1965030),(7347,203,'2018-07-15',77,1967570),(7348,203,'2018-07-16',81,1815420),(7349,203,'2018-07-17',85,1858140),(7350,203,'2018-07-18',83,1786080),(7351,203,'2018-07-19',76,1781270),(7352,203,'2018-07-20',75,1927380),(7353,203,'2018-07-21',76,1951150),(7354,203,'2018-07-22',81,1881250),(7355,203,'2018-07-23',88,1896910),(7356,203,'2018-07-24',100,1989470),(7357,203,'2018-07-25',99,2040460),(7358,203,'2018-07-26',94,1978160),(7359,203,'2018-07-27',101,1976120),(7360,203,'2018-07-28',94,2068040),(7361,203,'2018-07-29',129,1935090),(7362,203,'2018-07-30',95,1919900),(7363,203,'2018-07-31',96,1871380),(7364,204,'2018-08-31',67,2220690),(7365,204,'2018-09-01',63,2497210),(7366,204,'2018-09-02',67,2487460),(7367,204,'2018-09-03',75,2337940),(7368,204,'2018-09-04',76,2354130),(7369,204,'2018-09-05',74,2381670),(7370,204,'2018-09-06',70,2317290),(7371,204,'2018-09-07',70,1997600),(7372,204,'2018-09-08',64,2014770),(7373,204,'2018-09-09',66,2024640),(7374,204,'2018-09-10',76,2071330),(7375,204,'2018-09-11',76,2056410),(7376,204,'2018-09-12',66,2074210),(7377,204,'2018-09-13',63,2120400),(7378,204,'2018-09-14',74,2089080),(7379,204,'2018-09-15',71,2109010),(7380,204,'2018-09-16',70,2173960),(7381,204,'2018-09-17',74,2122010),(7382,204,'2018-09-18',78,2108590),(7383,204,'2018-09-19',81,2016400),(7384,204,'2018-09-20',76,2177940),(7385,204,'2018-09-21',77,2165090),(7386,204,'2018-09-22',67,2144200),(7387,204,'2018-09-23',71,2055140),(7388,204,'2018-09-24',83,2045560),(7389,204,'2018-09-25',88,1936190),(7390,204,'2018-09-26',91,1950620),(7391,204,'2018-09-27',92,1983480),(7392,204,'2018-09-28',89,1952190),(7393,204,'2018-09-29',85,1976450),(7394,204,'2018-09-30',78,2009680),(7395,205,'2016-03-31',NULL,4629.29),(7396,205,'2016-04-01',NULL,2947.47),(7397,205,'2016-04-02',NULL,2933.49),(7398,205,'2016-04-03',NULL,3578.29),(7399,205,'2016-04-04',NULL,4334.75),(7400,205,'2016-04-05',NULL,4309.29),(7401,205,'2016-04-06',NULL,4884.21),(7402,205,'2016-04-07',NULL,2593.22),(7403,205,'2016-04-08',NULL,2540.14),(7404,205,'2016-04-09',NULL,2503.66),(7405,205,'2016-04-10',NULL,2190.77),(7406,205,'2016-04-11',NULL,2290.34),(7407,205,'2016-04-12',NULL,1906.73),(7408,205,'2016-04-13',296,4344.92),(7409,205,'2016-04-14',639,21418.2),(7410,205,'2016-04-15',595,18338.2),(7411,205,'2016-04-16',572,16686.8),(7412,205,'2016-04-17',567,15782.8),(7413,205,'2016-04-18',647,15691.3),(7414,205,'2016-04-19',628,15530.1),(7415,205,'2016-04-20',386,3214.18),(7416,205,'2016-04-21',563,12942.6),(7417,205,'2016-04-22',665,34046.9),(7418,205,'2016-04-23',605,36777.7),(7419,205,'2016-04-24',561,38805),(7420,205,'2016-04-25',550,38951.2),(7421,205,'2016-04-26',529,52426.2),(7422,205,'2016-04-27',383,57181.8),(7423,205,'2016-04-28',NULL,58534.2),(7424,205,'2016-04-29',484,54084.4),(7425,206,'2016-09-30',433,613808),(7426,206,'2016-10-01',412,677216),(7427,206,'2016-10-02',404,667753),(7428,206,'2016-10-03',440,640752),(7429,206,'2016-10-04',436,607052),(7430,206,'2016-10-05',439,652465),(7431,206,'2016-10-06',424,662726),(7432,206,'2016-10-07',453,684877),(7433,206,'2016-10-08',414,703266),(7434,206,'2016-10-09',393,714769),(7435,206,'2016-10-10',439,734888),(7436,206,'2016-10-11',463,716129),(7437,206,'2016-10-12',450,664962),(7438,206,'2016-10-13',446,698373),(7439,206,'2016-10-14',459,731472),(7440,206,'2016-10-15',445,734996),(7441,206,'2016-10-16',418,727059),(7442,206,'2016-10-17',476,738709),(7443,206,'2016-10-18',481,752200),(7444,206,'2016-10-19',469,785322),(7445,206,'2016-10-20',451,754831),(7446,206,'2016-10-21',468,771267),(7447,206,'2016-10-22',423,766334),(7448,206,'2016-10-23',403,777861),(7449,206,'2016-10-24',451,733276),(7450,206,'2016-10-25',455,747711),(7451,206,'2016-10-26',443,812006),(7452,206,'2016-10-27',456,786335),(7453,206,'2016-10-28',387,784472),(7454,206,'2016-10-29',403,798213),(7455,206,'2016-10-30',412,800603),(7456,206,'2016-10-31',488,785552),(7457,207,'2016-12-31',281,779747),(7458,207,'2017-01-01',268,884220),(7459,207,'2017-01-02',268,918886),(7460,207,'2017-01-03',280,992720),(7461,207,'2017-01-04',294,979447),(7462,207,'2017-01-05',290,966928),(7463,207,'2017-01-06',228,940198),(7464,207,'2017-01-07',265,941489),(7465,207,'2017-01-08',232,917361),(7466,207,'2017-01-09',239,941063),(7467,207,'2017-01-10',238,890281),(7468,207,'2017-01-11',238,884463),(7469,207,'2017-01-12',267,909957),(7470,207,'2017-01-13',245,862574),(7471,207,'2017-01-14',239,903189),(7472,207,'2017-01-15',228,912555),(7473,207,'2017-01-16',253,867844),(7474,207,'2017-01-17',268,794699),(7475,207,'2017-01-18',260,791639),(7476,207,'2017-01-19',123,751700),(7477,207,'2017-01-20',126,794102),(7478,207,'2017-01-21',111,854156),(7479,207,'2017-01-22',108,853435),(7480,207,'2017-01-23',119,826635),(7481,207,'2017-01-24',113,838189),(7482,207,'2017-01-25',112,809708),(7483,207,'2017-01-26',126,698067),(7484,207,'2017-01-27',104,796712),(7485,207,'2017-01-28',104,815406),(7486,207,'2017-01-29',112,826017),(7487,207,'2017-01-30',113,817543),(7488,208,'2017-05-31',110,1019540),(7489,208,'2017-06-01',105,996145),(7490,208,'2017-06-02',147,997095),(7491,208,'2017-06-03',140,1046620),(7492,208,'2017-06-04',139,1043130),(7493,208,'2017-06-05',146,1126700),(7494,208,'2017-06-06',177,1087700),(7495,208,'2017-06-07',176,1090870),(7496,208,'2017-06-08',157,996888),(7497,208,'2017-06-09',172,937610),(7498,208,'2017-06-10',166,918002),(7499,208,'2017-06-11',145,901317),(7500,208,'2017-06-12',170,939845),(7501,208,'2017-06-13',183,1020950),(7502,208,'2017-06-14',181,1044420),(7503,208,'2017-06-15',183,1005300),(7504,208,'2017-06-16',188,1062960),(7505,208,'2017-06-17',153,948915),(7506,208,'2017-06-18',150,1012320),(7507,208,'2017-06-19',184,982633),(7508,208,'2017-06-20',175,999816),(7509,208,'2017-06-21',171,963791),(7510,208,'2017-06-22',173,945506),(7511,208,'2017-06-23',169,1160800),(7512,208,'2017-06-24',143,975545),(7513,208,'2017-06-25',133,840804),(7514,208,'2017-06-26',163,797291),(7515,208,'2017-06-27',170,880796),(7516,208,'2017-06-28',164,942476),(7517,208,'2017-06-29',166,935154),(7518,209,'2016-09-30',328,613808),(7519,209,'2016-10-01',336,677216),(7520,209,'2016-10-02',316,667753),(7521,209,'2016-10-03',331,640752),(7522,209,'2016-10-04',327,607052),(7523,209,'2016-10-05',335,652465),(7524,209,'2016-10-06',324,662726),(7525,209,'2016-10-07',329,684877),(7526,209,'2016-10-08',342,703266),(7527,209,'2016-10-09',321,714769),(7528,209,'2016-10-10',341,734888),(7529,209,'2016-10-11',343,716129),(7530,209,'2016-10-12',347,664962),(7531,209,'2016-10-13',338,698373),(7532,209,'2016-10-14',349,731472),(7533,209,'2016-10-15',335,734996),(7534,209,'2016-10-16',330,727059),(7535,209,'2016-10-17',353,738709),(7536,209,'2016-10-18',361,752200),(7537,209,'2016-10-19',377,785322),(7538,209,'2016-10-20',347,754831),(7539,209,'2016-10-21',360,771267),(7540,209,'2016-10-22',323,766334),(7541,209,'2016-10-23',323,777861),(7542,209,'2016-10-24',353,733276),(7543,209,'2016-10-25',343,747711),(7544,209,'2016-10-26',365,812006),(7545,209,'2016-10-27',341,786335),(7546,209,'2016-10-28',321,784472),(7547,209,'2016-10-29',341,798213),(7548,209,'2016-10-30',317,800603),(7549,209,'2016-10-31',342,785552),(7550,210,'2016-12-31',21,779747),(7551,210,'2017-01-01',25,884220),(7552,210,'2017-01-02',33,918886),(7553,210,'2017-01-03',28,992720),(7554,210,'2017-01-04',34,979447),(7555,210,'2017-01-05',37,966928),(7556,210,'2017-01-06',25,940198),(7557,210,'2017-01-07',29,941489),(7558,210,'2017-01-08',29,917361),(7559,210,'2017-01-09',32,941063),(7560,210,'2017-01-10',32,890281),(7561,210,'2017-01-11',20,884463),(7562,210,'2017-01-12',23,909957),(7563,210,'2017-01-13',21,862574),(7564,210,'2017-01-14',20,903189),(7565,210,'2017-01-15',22,912555),(7566,210,'2017-01-16',32,867844),(7567,210,'2017-01-17',26,794699),(7568,210,'2017-01-18',24,791639),(7569,210,'2017-01-19',26,751700),(7570,210,'2017-01-20',24,794102),(7571,210,'2017-01-21',15,854156),(7572,210,'2017-01-22',13,853435),(7573,210,'2017-01-23',20,826635),(7574,210,'2017-01-24',25,838189),(7575,210,'2017-01-25',34,809708),(7576,210,'2017-01-26',30,698067),(7577,210,'2017-01-27',31,796712),(7578,210,'2017-01-28',25,815406),(7579,210,'2017-01-29',24,826017),(7580,210,'2017-01-30',34,817543),(7581,211,'2018-01-31',5,1832430),(7582,211,'2018-02-01',7,1903460),(7583,211,'2018-02-02',3,1912890),(7584,211,'2018-02-03',1,1835660),(7585,211,'2018-02-04',1,1818940),(7586,211,'2018-02-05',3,1765430),(7587,211,'2018-02-06',8,1858080),(7588,211,'2018-02-07',6,1911570),(7589,211,'2018-02-08',3,1992130),(7590,211,'2018-02-09',5,1954020),(7591,211,'2018-02-10',3,2026710),(7592,211,'2018-02-11',NULL,2021790),(7593,211,'2018-02-12',5,1866590),(7594,211,'2018-02-13',6,1921790),(7595,211,'2018-02-14',10,1929970),(7596,211,'2018-02-15',4,1937860),(7597,211,'2018-02-16',3,1919840),(7598,211,'2018-02-17',1,1962580),(7599,211,'2018-02-18',1,2023760),(7600,211,'2018-02-19',1,2019250),(7601,211,'2018-02-20',5,2007500),(7602,211,'2018-02-21',5,1982650),(7603,211,'2018-02-22',5,2030340),(7604,211,'2018-02-23',5,1964120),(7605,211,'2018-02-24',2,2116750),(7606,211,'2018-02-25',2,2158280),(7607,211,'2018-02-26',6,2033790),(7608,211,'2018-02-27',2,1973070),(7609,212,'2018-03-01',4,2668020),(7610,212,'2018-03-02',3,2449810),(7611,212,'2018-03-03',5,2406200),(7612,212,'2018-03-04',5,2471820),(7613,212,'2018-03-05',1,2418470),(7614,212,'2018-03-06',6,2418930),(7615,212,'2018-03-07',7,2340060),(7616,212,'2018-03-08',3,2344350),(7617,212,'2018-03-09',6,2256410),(7618,212,'2018-03-10',2,2366120),(7619,212,'2018-03-11',4,2358310),(7620,212,'2018-03-12',5,2273850),(7621,212,'2018-03-13',3,2318180),(7622,212,'2018-03-14',9,2388930),(7623,212,'2018-03-15',7,2445270),(7624,212,'2018-03-16',4,2451620),(7625,212,'2018-03-17',NULL,2388030),(7626,212,'2018-03-18',NULL,2517690),(7627,212,'2018-03-19',NULL,2416700),(7628,212,'2018-03-20',9,2003430),(7629,212,'2018-03-21',9,2441680),(7630,212,'2018-03-22',4,2581250),(7631,212,'2018-03-23',6,2585390),(7632,212,'2018-03-24',3,2559000),(7633,212,'2018-03-25',1,2586410),(7634,212,'2018-03-26',3,2515620),(7635,212,'2018-03-27',3,2442890),(7636,212,'2018-03-28',1,2490680),(7637,212,'2018-03-29',4,2467860),(7638,212,'2018-03-30',2,2378230),(7639,212,'2018-03-31',1,2416040),(7640,213,'2018-04-01',3,2488920),(7641,213,'2018-04-02',7,1928380),(7642,213,'2018-04-03',2,1885220),(7643,213,'2018-04-04',2,1959230),(7644,213,'2018-04-05',3,1936620),(7645,213,'2018-04-06',1,2051640),(7646,213,'2018-04-07',2,2064050),(7647,213,'2018-04-08',4,2174080),(7648,213,'2018-04-09',NULL,2094570),(7649,213,'2018-04-10',7,1950250),(7650,213,'2018-04-11',6,2062250),(7651,213,'2018-04-12',2,1985810),(7652,213,'2018-04-13',2,1871330),(7653,213,'2018-04-14',2,2044830),(7654,213,'2018-04-15',NULL,1976320),(7655,213,'2018-04-16',NULL,2020420),(7656,213,'2018-04-17',1,1924040),(7657,213,'2018-04-18',NULL,1971120),(7658,213,'2018-04-19',4,2039020),(7659,213,'2018-04-20',3,2105490),(7660,213,'2018-04-21',5,2121430),(7661,213,'2018-04-22',NULL,1960350),(7662,213,'2018-04-23',2,1911430),(7663,213,'2018-04-24',1,1983320),(7664,213,'2018-04-25',3,2120780),(7665,213,'2018-04-26',2,2133760),(7666,213,'2018-04-27',2,2139540),(7667,213,'2018-04-28',1,2035610),(7668,213,'2018-04-29',4,1978930),(7669,213,'2018-04-30',2,1989460),(7670,214,'2018-05-01',2,2653640),(7671,214,'2018-05-02',3,2072600),(7672,214,'2018-05-03',1,2040860),(7673,214,'2018-05-04',3,1997650),(7674,214,'2018-05-05',1,2120220),(7675,214,'2018-05-06',1,2193870),(7676,214,'2018-05-07',2,2044670),(7677,214,'2018-05-08',1,1973000),(7678,214,'2018-05-09',11,1996760),(7679,214,'2018-05-10',NULL,2022700),(7680,214,'2018-05-11',6,2051200),(7681,214,'2018-05-12',NULL,2137720),(7682,214,'2018-05-13',NULL,2098070),(7683,214,'2018-05-14',4,2115010),(7684,214,'2018-05-15',10,2107640),(7685,214,'2018-05-16',1,2109560),(7686,214,'2018-05-17',3,2094560),(7687,214,'2018-05-18',2,2205810),(7688,214,'2018-05-19',1,2057830),(7689,214,'2018-05-20',1,2184110),(7690,214,'2018-05-21',NULL,2081090),(7691,214,'2018-05-22',1,2083180),(7692,214,'2018-05-23',4,2011740),(7693,214,'2018-05-24',NULL,1963040),(7694,214,'2018-05-25',3,2200000),(7695,214,'2018-05-26',1,2436340),(7696,214,'2018-05-27',3,2429700),(7697,214,'2018-05-28',2,2288310),(7698,214,'2018-05-29',2,2174650),(7699,214,'2018-05-30',1,2205320),(7700,214,'2018-05-31',6,2252110),(7701,215,'2017-05-31',9,1019540),(7702,215,'2017-06-01',8,996145),(7703,215,'2017-06-02',7,997095),(7704,215,'2017-06-03',5,1046620),(7705,215,'2017-06-04',5,1043130),(7706,215,'2017-06-05',7,1126700),(7707,215,'2017-06-06',16,1087700),(7708,215,'2017-06-07',9,1090870),(7709,215,'2017-06-08',8,996888),(7710,215,'2017-06-09',9,937610),(7711,215,'2017-06-10',7,918002),(7712,215,'2017-06-11',5,901317),(7713,215,'2017-06-12',7,939845),(7714,215,'2017-06-13',14,1020950),(7715,215,'2017-06-14',11,1044420),(7716,215,'2017-06-15',6,1005300),(7717,215,'2017-06-16',12,1062960),(7718,215,'2017-06-17',5,948915),(7719,215,'2017-06-18',7,1012320),(7720,215,'2017-06-19',16,982633),(7721,215,'2017-06-20',6,999816),(7722,215,'2017-06-21',10,963791),(7723,215,'2017-06-22',14,945506),(7724,215,'2017-06-23',13,1160800),(7725,215,'2017-06-24',11,975545),(7726,215,'2017-06-25',16,840804),(7727,215,'2017-06-26',17,797291),(7728,215,'2017-06-27',22,880796),(7729,215,'2017-06-28',27,942476),(7730,215,'2017-06-29',21,935154),(7731,215,'2017-06-30',NULL,72696.4),(7732,216,'2016-09-30',43,613808),(7733,216,'2016-10-01',38,677216),(7734,216,'2016-10-02',48,667753),(7735,216,'2016-10-03',53,640752),(7736,216,'2016-10-04',43,607052),(7737,216,'2016-10-05',49,652465),(7738,216,'2016-10-06',54,662726),(7739,216,'2016-10-07',52,684877),(7740,216,'2016-10-08',52,703266),(7741,216,'2016-10-09',43,714769),(7742,216,'2016-10-10',44,734888),(7743,216,'2016-10-11',37,716129),(7744,216,'2016-10-12',48,664962),(7745,216,'2016-10-13',50,698373),(7746,216,'2016-10-14',37,731472),(7747,216,'2016-10-15',51,734996),(7748,216,'2016-10-16',52,727059),(7749,216,'2016-10-17',51,738709),(7750,216,'2016-10-18',46,752200),(7751,216,'2016-10-19',61,785322),(7752,216,'2016-10-20',62,754831),(7753,216,'2016-10-21',55,771267),(7754,216,'2016-10-22',48,766334),(7755,216,'2016-10-23',42,777861),(7756,216,'2016-10-24',51,733276),(7757,216,'2016-10-25',50,747711),(7758,216,'2016-10-26',54,812006),(7759,216,'2016-10-27',50,786335),(7760,216,'2016-10-28',41,784472),(7761,216,'2016-10-29',41,798213),(7762,216,'2016-10-30',44,800603),(7763,216,'2016-10-31',50,785552),(7764,217,'2016-12-31',459,779747),(7765,217,'2017-01-01',489,884220),(7766,217,'2017-01-02',502,918886),(7767,217,'2017-01-03',539,992720),(7768,217,'2017-01-04',529,979447),(7769,217,'2017-01-05',504,966928),(7770,217,'2017-01-06',485,940198),(7771,217,'2017-01-07',498,941489),(7772,217,'2017-01-08',464,917361),(7773,217,'2017-01-09',502,941063),(7774,217,'2017-01-10',508,890281),(7775,217,'2017-01-11',509,884463),(7776,217,'2017-01-12',492,909957),(7777,217,'2017-01-13',503,862574),(7778,217,'2017-01-14',486,903189),(7779,217,'2017-01-15',457,912555),(7780,217,'2017-01-16',508,867844),(7781,217,'2017-01-17',513,794699),(7782,217,'2017-01-18',504,791639),(7783,217,'2017-01-19',556,751700),(7784,217,'2017-01-20',543,794102),(7785,217,'2017-01-21',515,854156),(7786,217,'2017-01-22',489,853435),(7787,217,'2017-01-23',520,826635),(7788,217,'2017-01-24',516,838189),(7789,217,'2017-01-25',539,809708),(7790,217,'2017-01-26',521,698067),(7791,217,'2017-01-27',509,796712),(7792,217,'2017-01-28',502,815406),(7793,217,'2017-01-29',485,826017),(7794,217,'2017-01-30',542,817543),(7795,218,'2016-12-31',NULL,779747),(7796,218,'2017-01-01',NULL,884220),(7797,218,'2017-01-02',NULL,918886),(7798,218,'2017-01-03',NULL,992720),(7799,218,'2017-01-04',NULL,979447),(7800,218,'2017-01-05',NULL,966928),(7801,218,'2017-01-06',NULL,940198),(7802,218,'2017-01-07',NULL,941489),(7803,218,'2017-01-08',NULL,917361),(7804,218,'2017-01-09',NULL,941063),(7805,218,'2017-01-10',NULL,890281),(7806,218,'2017-01-11',NULL,884463),(7807,218,'2017-01-12',NULL,909957),(7808,218,'2017-01-13',1,862574),(7809,218,'2017-01-14',NULL,903189),(7810,218,'2017-01-15',NULL,912555),(7811,218,'2017-01-16',1,867844),(7812,218,'2017-01-17',NULL,794699),(7813,218,'2017-01-18',NULL,791639),(7814,218,'2017-01-19',NULL,751700),(7815,218,'2017-01-20',NULL,794102),(7816,218,'2017-01-21',NULL,854156),(7817,218,'2017-01-22',NULL,853435),(7818,218,'2017-01-23',NULL,826635),(7819,218,'2017-01-24',NULL,838189),(7820,218,'2017-01-25',NULL,809708),(7821,218,'2017-01-26',NULL,698067),(7822,218,'2017-01-27',NULL,796712),(7823,218,'2017-01-28',6,815406),(7824,218,'2017-01-29',NULL,826017),(7825,218,'2017-01-30',NULL,817543),(7826,266,'2018-03-01',NULL,2668020),(7827,266,'2018-03-02',NULL,2449810),(7828,266,'2018-03-03',NULL,2406200),(7829,266,'2018-03-04',NULL,2471820),(7830,266,'2018-03-05',NULL,2418470),(7831,266,'2018-03-06',NULL,2418930),(7832,266,'2018-03-07',NULL,2340060),(7833,266,'2018-03-08',NULL,2344350),(7834,266,'2018-03-09',NULL,2256410),(7835,266,'2018-03-10',NULL,2366120),(7836,266,'2018-03-11',NULL,2358310),(7837,266,'2018-03-12',NULL,2273850),(7838,266,'2018-03-13',NULL,2318180),(7839,266,'2018-03-14',NULL,2388930),(7840,266,'2018-03-15',NULL,2445270),(7841,266,'2018-03-16',NULL,2451620),(7842,266,'2018-03-17',NULL,2388030),(7843,266,'2018-03-18',NULL,2517690),(7844,266,'2018-03-19',NULL,2416700),(7845,266,'2018-03-20',NULL,2003430),(7846,266,'2018-03-21',NULL,2441680),(7847,266,'2018-03-22',NULL,2581250),(7848,266,'2018-03-23',NULL,2585390),(7849,266,'2018-03-24',NULL,2559000),(7850,266,'2018-03-25',NULL,2586410),(7851,266,'2018-03-26',NULL,2515620),(7852,266,'2018-03-27',NULL,2442890),(7853,266,'2018-03-28',NULL,2490680),(7854,266,'2018-03-29',NULL,2467860),(7855,266,'2018-03-30',NULL,2378230),(7856,266,'2018-03-31',NULL,2416040),(7857,219,'2017-05-31',19,1019540),(7858,219,'2017-06-01',25,996145),(7859,219,'2017-06-02',18,997095),(7860,219,'2017-06-03',15,1046620),(7861,219,'2017-06-04',9,1043130),(7862,219,'2017-06-05',16,1126700),(7863,219,'2017-06-06',14,1087700),(7864,219,'2017-06-07',NULL,1090870),(7865,219,'2017-06-08',NULL,996888),(7866,219,'2017-06-09',NULL,937610),(7867,219,'2017-06-10',NULL,918002),(7868,219,'2017-06-11',NULL,901317),(7869,219,'2017-06-12',NULL,939845),(7870,219,'2017-06-13',NULL,1020950),(7871,219,'2017-06-14',NULL,1044420),(7872,219,'2017-06-15',NULL,1005300),(7873,219,'2017-06-16',NULL,1062960),(7874,219,'2017-06-17',NULL,948915),(7875,219,'2017-06-18',NULL,1012320),(7876,219,'2017-06-19',NULL,982633),(7877,219,'2017-06-20',NULL,999816),(7878,219,'2017-06-21',NULL,963791),(7879,219,'2017-06-22',NULL,945506),(7880,219,'2017-06-23',NULL,1160800),(7881,219,'2017-06-24',NULL,975545),(7882,219,'2017-06-25',NULL,840804),(7883,219,'2017-06-26',NULL,797291),(7884,219,'2017-06-27',NULL,880796),(7885,219,'2017-06-28',NULL,942476),(7886,219,'2017-06-29',NULL,935154),(7887,220,'2016-09-30',76,613808),(7888,220,'2016-10-01',43,677216),(7889,220,'2016-10-02',63,667753),(7890,220,'2016-10-03',61,640752),(7891,220,'2016-10-04',58,607052),(7892,220,'2016-10-05',23,652465),(7893,220,'2016-10-06',74,662726),(7894,220,'2016-10-07',40,684877),(7895,220,'2016-10-08',32,703266),(7896,220,'2016-10-09',11,714769),(7897,220,'2016-10-10',49,734888),(7898,220,'2016-10-11',49,716129),(7899,220,'2016-10-12',38,664962),(7900,220,'2016-10-13',54,698373),(7901,220,'2016-10-14',48,731472),(7902,220,'2016-10-15',56,734996),(7903,220,'2016-10-16',69,727059),(7904,220,'2016-10-17',48,738709),(7905,220,'2016-10-18',94,752200),(7906,220,'2016-10-19',82,785322),(7907,220,'2016-10-20',98,754831),(7908,220,'2016-10-21',83,771267),(7909,220,'2016-10-22',65,766334),(7910,220,'2016-10-23',69,777861),(7911,220,'2016-10-24',75,733276),(7912,220,'2016-10-25',34,747711),(7913,220,'2016-10-26',51,812006),(7914,220,'2016-10-27',65,786335),(7915,220,'2016-10-28',61,784472),(7916,220,'2016-10-29',43,798213),(7917,220,'2016-10-30',38,800603),(7918,220,'2016-10-31',60,785552),(7919,221,'2016-12-31',176,779747),(7920,221,'2017-01-01',191,884220),(7921,221,'2017-01-02',197,918886),(7922,221,'2017-01-03',183,992720),(7923,221,'2017-01-04',184,979447),(7924,221,'2017-01-05',173,966928),(7925,221,'2017-01-06',166,940198),(7926,221,'2017-01-07',139,941489),(7927,221,'2017-01-08',154,917361),(7928,221,'2017-01-09',183,941063),(7929,221,'2017-01-10',177,890281),(7930,221,'2017-01-11',147,884463),(7931,221,'2017-01-12',182,909957),(7932,221,'2017-01-13',164,862574),(7933,221,'2017-01-14',156,903189),(7934,221,'2017-01-15',141,912555),(7935,221,'2017-01-16',158,867844),(7936,221,'2017-01-17',167,794699),(7937,221,'2017-01-18',157,791639),(7938,221,'2017-01-19',174,751700),(7939,221,'2017-01-20',164,794102),(7940,221,'2017-01-21',140,854156),(7941,221,'2017-01-22',135,853435),(7942,221,'2017-01-23',153,826635),(7943,221,'2017-01-24',167,838189),(7944,221,'2017-01-25',150,809708),(7945,221,'2017-01-26',159,698067),(7946,221,'2017-01-27',145,796712),(7947,221,'2017-01-28',124,815406),(7948,221,'2017-01-29',142,826017),(7949,221,'2017-01-30',172,817543),(7950,222,'2016-09-30',247,613808),(7951,222,'2016-10-01',238,677216),(7952,222,'2016-10-02',207,667753),(7953,222,'2016-10-03',254,640752),(7954,222,'2016-10-04',262,607052),(7955,222,'2016-10-05',252,652465),(7956,222,'2016-10-06',260,662726),(7957,222,'2016-10-07',267,684877),(7958,222,'2016-10-08',247,703266),(7959,222,'2016-10-09',233,714769),(7960,222,'2016-10-10',251,734888),(7961,222,'2016-10-11',260,716129),(7962,222,'2016-10-12',254,664962),(7963,222,'2016-10-13',258,698373),(7964,222,'2016-10-14',224,731472),(7965,222,'2016-10-15',208,734996),(7966,222,'2016-10-16',210,727059),(7967,222,'2016-10-17',246,738709),(7968,222,'2016-10-18',250,752200),(7969,222,'2016-10-19',250,785322),(7970,222,'2016-10-20',226,754831),(7971,222,'2016-10-21',226,771267),(7972,222,'2016-10-22',229,766334),(7973,222,'2016-10-23',206,777861),(7974,222,'2016-10-24',235,733276),(7975,222,'2016-10-25',227,747711),(7976,222,'2016-10-26',213,812006),(7977,222,'2016-10-27',212,786335),(7978,222,'2016-10-28',210,784472),(7979,222,'2016-10-29',212,798213),(7980,222,'2016-10-30',208,800603),(7981,222,'2016-10-31',219,785552),(7982,223,'2016-12-31',5,779747),(7983,223,'2017-01-01',3,884220),(7984,223,'2017-01-02',3,918886),(7985,223,'2017-01-03',4,992720),(7986,223,'2017-01-04',2,979447),(7987,223,'2017-01-05',5,966928),(7988,223,'2017-01-06',4,940198),(7989,223,'2017-01-07',2,941489),(7990,223,'2017-01-08',3,917361),(7991,223,'2017-01-09',8,941063),(7992,223,'2017-01-10',NULL,890281),(7993,223,'2017-01-11',NULL,884463),(7994,223,'2017-01-12',NULL,909957),(7995,223,'2017-01-13',NULL,862574),(7996,223,'2017-01-14',NULL,903189),(7997,223,'2017-01-15',NULL,912555),(7998,223,'2017-01-16',NULL,867844),(7999,223,'2017-01-17',NULL,794699),(8000,223,'2017-01-18',NULL,791639),(8001,223,'2017-01-19',NULL,751700),(8002,223,'2017-01-20',NULL,794102),(8003,223,'2017-01-21',NULL,854156),(8004,223,'2017-01-22',NULL,853435),(8005,223,'2017-01-23',NULL,826635),(8006,223,'2017-01-24',NULL,838189),(8007,223,'2017-01-25',NULL,809708),(8008,223,'2017-01-26',NULL,698067),(8009,223,'2017-01-27',NULL,796712),(8010,223,'2017-01-28',NULL,815406),(8011,223,'2017-01-29',NULL,826017),(8012,223,'2017-01-30',NULL,817543),(8013,224,'2018-01-31',NULL,1832430),(8014,224,'2018-02-01',NULL,1903460),(8015,224,'2018-02-02',NULL,1912890),(8016,224,'2018-02-03',NULL,1835660),(8017,224,'2018-02-04',NULL,1818940),(8018,224,'2018-02-05',NULL,1765430),(8019,224,'2018-02-06',NULL,1858080),(8020,224,'2018-02-07',1,1911570),(8021,224,'2018-02-08',NULL,1992130),(8022,224,'2018-02-09',NULL,1954020),(8023,224,'2018-02-10',NULL,2026710),(8024,224,'2018-02-11',NULL,2021790),(8025,224,'2018-02-12',NULL,1866590),(8026,224,'2018-02-13',NULL,1921790),(8027,224,'2018-02-14',NULL,1929970),(8028,224,'2018-02-15',NULL,1937860),(8029,224,'2018-02-16',NULL,1919840),(8030,224,'2018-02-17',NULL,1962580),(8031,224,'2018-02-18',NULL,2023760),(8032,224,'2018-02-19',NULL,2019250),(8033,224,'2018-02-20',NULL,2007500),(8034,224,'2018-02-21',NULL,1982650),(8035,224,'2018-02-22',NULL,2030340),(8036,224,'2018-02-23',NULL,1964120),(8037,224,'2018-02-24',1,2116750),(8038,224,'2018-02-25',NULL,2158280),(8039,224,'2018-02-26',NULL,2033790),(8040,224,'2018-02-27',NULL,1973070),(8041,225,'2018-03-01',NULL,2668020),(8042,225,'2018-03-02',NULL,2449810),(8043,225,'2018-03-03',NULL,2406200),(8044,225,'2018-03-04',NULL,2471820),(8045,225,'2018-03-05',NULL,2418470),(8046,225,'2018-03-06',NULL,2418930),(8047,225,'2018-03-07',1,2340060),(8048,225,'2018-03-08',1,2344350),(8049,225,'2018-03-09',NULL,2256410),(8050,225,'2018-03-10',NULL,2366120),(8051,225,'2018-03-11',NULL,2358310),(8052,225,'2018-03-12',NULL,2273850),(8053,225,'2018-03-13',1,2318180),(8054,225,'2018-03-14',NULL,2388930),(8055,225,'2018-03-15',2,2445270),(8056,225,'2018-03-16',NULL,2451620),(8057,225,'2018-03-17',NULL,2388030),(8058,225,'2018-03-18',NULL,2517690),(8059,225,'2018-03-19',NULL,2416700),(8060,225,'2018-03-20',NULL,2003430),(8061,225,'2018-03-21',NULL,2441680),(8062,225,'2018-03-22',NULL,2581250),(8063,225,'2018-03-23',NULL,2585390),(8064,225,'2018-03-24',NULL,2559000),(8065,225,'2018-03-25',NULL,2586410),(8066,225,'2018-03-26',NULL,2515620),(8067,225,'2018-03-27',NULL,2442890),(8068,225,'2018-03-28',NULL,2490680),(8069,225,'2018-03-29',NULL,2467860),(8070,225,'2018-03-30',NULL,2378230),(8071,225,'2018-03-31',NULL,2416040),(8072,226,'2018-05-01',NULL,2653640),(8073,226,'2018-05-02',NULL,2072600),(8074,226,'2018-05-03',1,2040860),(8075,226,'2018-05-04',NULL,1997650),(8076,226,'2018-05-05',NULL,2120220),(8077,226,'2018-05-06',NULL,2193870),(8078,226,'2018-05-07',NULL,2044670),(8079,226,'2018-05-08',NULL,1973000),(8080,226,'2018-05-09',NULL,1996760),(8081,226,'2018-05-10',NULL,2022700),(8082,226,'2018-05-11',NULL,2051200),(8083,226,'2018-05-12',NULL,2137720),(8084,226,'2018-05-13',NULL,2098070),(8085,226,'2018-05-14',NULL,2115010),(8086,226,'2018-05-15',NULL,2107640),(8087,226,'2018-05-16',NULL,2109560),(8088,226,'2018-05-17',NULL,2094560),(8089,226,'2018-05-18',NULL,2205810),(8090,226,'2018-05-19',NULL,2057830),(8091,226,'2018-05-20',NULL,2184110),(8092,226,'2018-05-21',NULL,2081090),(8093,226,'2018-05-22',NULL,2083180),(8094,226,'2018-05-23',NULL,2011740),(8095,226,'2018-05-24',NULL,1963040),(8096,226,'2018-05-25',NULL,2200000),(8097,226,'2018-05-26',NULL,2436340),(8098,226,'2018-05-27',NULL,2429700),(8099,226,'2018-05-28',NULL,2288310),(8100,226,'2018-05-29',NULL,2174650),(8101,226,'2018-05-30',NULL,2205320),(8102,226,'2018-05-31',NULL,2252110),(8103,227,'2017-05-31',NULL,1019540),(8104,227,'2017-06-01',NULL,996145),(8105,227,'2017-06-02',1,997095),(8106,227,'2017-06-03',NULL,1046620),(8107,227,'2017-06-04',NULL,1043130),(8108,227,'2017-06-05',NULL,1126700),(8109,227,'2017-06-06',NULL,1087700),(8110,227,'2017-06-07',NULL,1090870),(8111,227,'2017-06-08',NULL,996888),(8112,227,'2017-06-09',NULL,937610),(8113,227,'2017-06-10',NULL,918002),(8114,227,'2017-06-11',NULL,901317),(8115,227,'2017-06-12',NULL,939845),(8116,227,'2017-06-13',NULL,1020950),(8117,227,'2017-06-14',1,1044420),(8118,227,'2017-06-15',1,1005300),(8119,227,'2017-06-16',NULL,1062960),(8120,227,'2017-06-17',NULL,948915),(8121,227,'2017-06-18',NULL,1012320),(8122,227,'2017-06-19',NULL,982633),(8123,227,'2017-06-20',NULL,999816),(8124,227,'2017-06-21',1,963791),(8125,227,'2017-06-22',1,945506),(8126,227,'2017-06-23',NULL,1160800),(8127,227,'2017-06-24',NULL,975545),(8128,227,'2017-06-25',NULL,840804),(8129,227,'2017-06-26',NULL,797291),(8130,227,'2017-06-27',3,880796),(8131,227,'2017-06-28',1,942476),(8132,227,'2017-06-29',1,935154),(8133,228,'2016-09-30',33,613808),(8134,228,'2016-10-01',32,677216),(8135,228,'2016-10-02',31,667753),(8136,228,'2016-10-03',25,640752),(8137,228,'2016-10-04',42,607052),(8138,228,'2016-10-05',34,652465),(8139,228,'2016-10-06',27,662726),(8140,228,'2016-10-07',23,684877),(8141,228,'2016-10-08',19,703266),(8142,228,'2016-10-09',7,714769),(8143,228,'2016-10-10',12,734888),(8144,228,'2016-10-11',7,716129),(8145,228,'2016-10-12',8,664962),(8146,228,'2016-10-13',25,698373),(8147,228,'2016-10-14',27,731472),(8148,228,'2016-10-15',13,734996),(8149,228,'2016-10-16',NULL,727059),(8150,228,'2016-10-17',NULL,738709),(8151,228,'2016-10-18',10,752200),(8152,228,'2016-10-19',16,785322),(8153,228,'2016-10-20',18,754831),(8154,228,'2016-10-21',21,771267),(8155,228,'2016-10-22',13,766334),(8156,228,'2016-10-23',21,777861),(8157,228,'2016-10-24',26,733276),(8158,228,'2016-10-25',25,747711),(8159,228,'2016-10-26',19,812006),(8160,228,'2016-10-27',15,786335),(8161,228,'2016-10-28',8,784472),(8162,228,'2016-10-29',10,798213),(8163,228,'2016-10-30',12,800603),(8164,228,'2016-10-31',20,785552),(8165,229,'2016-12-31',135,779747),(8166,229,'2017-01-01',140,884220),(8167,229,'2017-01-02',143,918886),(8168,229,'2017-01-03',140,992720),(8169,229,'2017-01-04',155,979447),(8170,229,'2017-01-05',131,966928),(8171,229,'2017-01-06',131,940198),(8172,229,'2017-01-07',140,941489),(8173,229,'2017-01-08',124,917361),(8174,229,'2017-01-09',149,941063),(8175,229,'2017-01-10',125,890281),(8176,229,'2017-01-11',144,884463),(8177,229,'2017-01-12',146,909957),(8178,229,'2017-01-13',153,862574),(8179,229,'2017-01-14',130,903189),(8180,229,'2017-01-15',132,912555),(8181,229,'2017-01-16',127,867844),(8182,229,'2017-01-17',140,794699),(8183,229,'2017-01-18',158,791639),(8184,229,'2017-01-19',170,751700),(8185,229,'2017-01-20',135,794102),(8186,229,'2017-01-21',87,854156),(8187,229,'2017-01-22',139,853435),(8188,229,'2017-01-23',169,826635),(8189,229,'2017-01-24',149,838189),(8190,229,'2017-01-25',146,809708),(8191,229,'2017-01-26',140,698067),(8192,229,'2017-01-27',177,796712),(8193,229,'2017-01-28',131,815406),(8194,229,'2017-01-29',128,826017),(8195,229,'2017-01-30',138,817543),(8196,230,'2018-03-01',242,2668020),(8197,230,'2018-03-02',229,2449810),(8198,230,'2018-03-03',176,2406200),(8199,230,'2018-03-04',180,2471820),(8200,230,'2018-03-05',246,2418470),(8201,230,'2018-03-06',228,2418930),(8202,230,'2018-03-07',232,2340060),(8203,230,'2018-03-08',218,2344350),(8204,230,'2018-03-09',191,2256410),(8205,230,'2018-03-10',172,2366120),(8206,230,'2018-03-11',181,2358310),(8207,230,'2018-03-12',226,2273850),(8208,230,'2018-03-13',215,2318180),(8209,230,'2018-03-14',242,2388930),(8210,230,'2018-03-15',245,2445270),(8211,230,'2018-03-16',228,2451620),(8212,230,'2018-03-17',187,2388030),(8213,230,'2018-03-18',196,2517690),(8214,230,'2018-03-19',197,2416700),(8215,230,'2018-03-20',185,2003430),(8216,230,'2018-03-21',218,2441680),(8217,230,'2018-03-22',187,2581250),(8218,230,'2018-03-23',199,2585390),(8219,230,'2018-03-24',146,2559000),(8220,230,'2018-03-25',160,2586410),(8221,230,'2018-03-26',197,2515620),(8222,230,'2018-03-27',187,2442890),(8223,230,'2018-03-28',193,2490680),(8224,230,'2018-03-29',196,2467860),(8225,230,'2018-03-30',167,2378230),(8226,230,'2018-03-31',168,2416040),(8227,231,'2018-04-01',147,2488920),(8228,231,'2018-04-02',163,1928380),(8229,231,'2018-04-03',199,1885220),(8230,231,'2018-04-04',185,1959230),(8231,231,'2018-04-05',205,1936620),(8232,231,'2018-04-06',213,2051640),(8233,231,'2018-04-07',177,2064050),(8234,231,'2018-04-08',180,2174080),(8235,231,'2018-04-09',199,2094570),(8236,231,'2018-04-10',192,1950250),(8237,231,'2018-04-11',209,2062250),(8238,231,'2018-04-12',198,1985810),(8239,231,'2018-04-13',224,1871330),(8240,231,'2018-04-14',169,2044830),(8241,231,'2018-04-15',147,1976320),(8242,231,'2018-04-16',146,2020420),(8243,231,'2018-04-17',227,1924040),(8244,231,'2018-04-18',241,1971120),(8245,231,'2018-04-19',273,2039020),(8246,231,'2018-04-20',216,2105490),(8247,231,'2018-04-21',187,2121430),(8248,231,'2018-04-22',185,1960350),(8249,231,'2018-04-23',204,1911430),(8250,231,'2018-04-24',183,1983320),(8251,231,'2018-04-25',202,2120780),(8252,231,'2018-04-26',187,2133760),(8253,231,'2018-04-27',227,2139540),(8254,231,'2018-04-28',196,2035610),(8255,231,'2018-04-29',208,1978930),(8256,231,'2018-04-30',230,1989460),(8257,232,'2016-03-31',400,4629.29),(8258,232,'2016-04-01',380,2947.47),(8259,232,'2016-04-02',390,2933.49),(8260,232,'2016-04-03',314,3578.29),(8261,232,'2016-04-04',302,4334.75),(8262,232,'2016-04-05',273,4309.29),(8263,232,'2016-04-06',292,4884.21),(8264,232,'2016-04-07',271,2593.22),(8265,232,'2016-04-08',247,2540.14),(8266,232,'2016-04-09',263,2503.66),(8267,232,'2016-04-10',251,2190.77),(8268,232,'2016-04-11',265,2290.34),(8269,232,'2016-04-12',250,1906.73),(8270,232,'2016-04-13',244,4344.92),(8271,232,'2016-04-14',225,21418.2),(8272,232,'2016-04-15',151,18338.2),(8273,232,'2016-04-16',NULL,16686.8),(8274,232,'2016-04-17',NULL,15782.8),(8275,232,'2016-04-18',NULL,15691.3),(8276,232,'2016-04-19',NULL,15530.1),(8277,232,'2016-04-20',NULL,3214.18),(8278,232,'2016-04-21',NULL,12942.6),(8279,232,'2016-04-22',NULL,34046.9),(8280,232,'2016-04-23',NULL,36777.7),(8281,232,'2016-04-24',NULL,38805),(8282,232,'2016-04-25',NULL,38951.2),(8283,232,'2016-04-26',NULL,52426.2),(8284,232,'2016-04-27',NULL,57181.8),(8285,232,'2016-04-28',NULL,58534.2),(8286,232,'2016-04-29',NULL,54084.4),(8287,233,'2016-09-30',217,613808),(8288,233,'2016-10-01',213,677216),(8289,233,'2016-10-02',215,667753),(8290,233,'2016-10-03',236,640752),(8291,233,'2016-10-04',251,607052),(8292,233,'2016-10-05',215,652465),(8293,233,'2016-10-06',222,662726),(8294,233,'2016-10-07',218,684877),(8295,233,'2016-10-08',216,703266),(8296,233,'2016-10-09',217,714769),(8297,233,'2016-10-10',204,734888),(8298,233,'2016-10-11',197,716129),(8299,233,'2016-10-12',220,664962),(8300,233,'2016-10-13',215,698373),(8301,233,'2016-10-14',209,731472),(8302,233,'2016-10-15',199,734996),(8303,233,'2016-10-16',198,727059),(8304,233,'2016-10-17',216,738709),(8305,233,'2016-10-18',215,752200),(8306,233,'2016-10-19',218,785322),(8307,233,'2016-10-20',214,754831),(8308,233,'2016-10-21',215,771267),(8309,233,'2016-10-22',193,766334),(8310,233,'2016-10-23',201,777861),(8311,233,'2016-10-24',98,733276),(8312,233,'2016-10-25',NULL,747711),(8313,233,'2016-10-26',NULL,812006),(8314,233,'2016-10-27',NULL,786335),(8315,233,'2016-10-28',NULL,784472),(8316,233,'2016-10-29',NULL,798213),(8317,233,'2016-10-30',NULL,800603),(8318,233,'2016-10-31',NULL,785552),(8319,234,'2018-06-28',340,4209650),(8320,234,'2018-06-29',342,3992400),(8321,234,'2018-06-30',292,3872230),(8322,234,'2018-07-01',204,2262890),(8323,234,'2018-07-02',365,2022790),(8324,234,'2018-07-03',343,2135070),(8325,234,'2018-07-04',396,2083700),(8326,234,'2018-07-05',398,2035330),(8327,234,'2018-07-06',435,2143780),(8328,234,'2018-07-07',393,2019640),(8329,234,'2018-07-08',387,2065400),(8330,234,'2018-07-09',502,2086540),(8331,234,'2018-07-10',463,1884200),(8332,234,'2018-07-11',450,1882330),(8333,234,'2018-07-12',454,1875890),(8334,234,'2018-07-13',443,1912430),(8335,234,'2018-07-14',395,1965030),(8336,234,'2018-07-15',380,1967570),(8337,234,'2018-07-16',456,1815420),(8338,234,'2018-07-17',484,1858140),(8339,234,'2018-07-18',404,1786080),(8340,234,'2018-07-19',423,1781270),(8341,234,'2018-07-20',424,1927380),(8342,234,'2018-07-21',409,1951150),(8343,234,'2018-07-22',386,1881250),(8344,234,'2018-07-23',466,1896910),(8345,234,'2018-07-24',435,1989470),(8346,234,'2018-07-25',439,2040460),(8347,234,'2018-07-26',455,1978160),(8348,234,'2018-07-27',430,1976120),(8349,234,'2018-07-28',408,2068040),(8350,234,'2018-07-29',386,1935090),(8351,234,'2018-07-30',476,1919900),(8352,234,'2018-07-31',439,1871380),(8353,235,'2016-12-31',144,779747),(8354,235,'2017-01-01',147,884220),(8355,235,'2017-01-02',145,918886),(8356,235,'2017-01-03',141,992720),(8357,235,'2017-01-04',153,979447),(8358,235,'2017-01-05',147,966928),(8359,235,'2017-01-06',138,940198),(8360,235,'2017-01-07',133,941489),(8361,235,'2017-01-08',135,917361),(8362,235,'2017-01-09',146,941063),(8363,235,'2017-01-10',140,890281),(8364,235,'2017-01-11',126,884463),(8365,235,'2017-01-12',139,909957),(8366,235,'2017-01-13',139,862574),(8367,235,'2017-01-14',125,903189),(8368,235,'2017-01-15',108,912555),(8369,235,'2017-01-16',143,867844),(8370,235,'2017-01-17',131,794699),(8371,235,'2017-01-18',114,791639),(8372,235,'2017-01-19',117,751700),(8373,235,'2017-01-20',119,794102),(8374,235,'2017-01-21',112,854156),(8375,235,'2017-01-22',107,853435),(8376,235,'2017-01-23',130,826635),(8377,235,'2017-01-24',116,838189),(8378,235,'2017-01-25',100,809708),(8379,235,'2017-01-26',99,698067),(8380,235,'2017-01-27',93,796712),(8381,235,'2017-01-28',54,815406),(8382,235,'2017-01-29',58,826017),(8383,235,'2017-01-30',65,817543),(8384,236,'2016-09-30',298,613808),(8385,236,'2016-10-01',239,677216),(8386,236,'2016-10-02',219,667753),(8387,236,'2016-10-03',305,640752),(8388,236,'2016-10-04',279,607052),(8389,236,'2016-10-05',247,652465),(8390,236,'2016-10-06',232,662726),(8391,236,'2016-10-07',229,684877),(8392,236,'2016-10-08',283,703266),(8393,236,'2016-10-09',213,714769),(8394,236,'2016-10-10',250,734888),(8395,236,'2016-10-11',248,716129),(8396,236,'2016-10-12',233,664962),(8397,236,'2016-10-13',315,698373),(8398,236,'2016-10-14',265,731472),(8399,236,'2016-10-15',243,734996),(8400,236,'2016-10-16',239,727059),(8401,236,'2016-10-17',270,738709),(8402,236,'2016-10-18',292,752200),(8403,236,'2016-10-19',261,785322),(8404,236,'2016-10-20',272,754831),(8405,236,'2016-10-21',268,771267),(8406,236,'2016-10-22',242,766334),(8407,236,'2016-10-23',235,777861),(8408,236,'2016-10-24',286,733276),(8409,236,'2016-10-25',271,747711),(8410,236,'2016-10-26',285,812006),(8411,236,'2016-10-27',259,786335),(8412,236,'2016-10-28',278,784472),(8413,236,'2016-10-29',229,798213),(8414,236,'2016-10-30',229,800603),(8415,236,'2016-10-31',268,785552),(8416,237,'2017-01-01',NULL,884220),(8417,237,'2017-01-02',219,918886),(8418,237,'2017-01-03',292,992720),(8419,237,'2017-01-04',281,979447),(8420,237,'2017-01-05',315,966928),(8421,237,'2017-01-06',268,940198),(8422,237,'2017-01-07',192,941489),(8423,237,'2017-01-08',291,917361),(8424,237,'2017-01-09',308,941063),(8425,237,'2017-01-10',272,890281),(8426,237,'2017-01-11',256,884463),(8427,237,'2017-01-12',317,909957),(8428,237,'2017-01-13',139,862574),(8429,237,'2017-01-14',203,903189),(8430,237,'2017-01-15',226,912555),(8431,237,'2017-01-16',242,867844),(8432,237,'2017-01-17',272,794699),(8433,237,'2017-01-18',255,791639),(8434,237,'2017-01-19',222,751700),(8435,237,'2017-01-20',270,794102),(8436,237,'2017-01-21',183,854156),(8437,237,'2017-01-22',153,853435),(8438,237,'2017-01-23',202,826635),(8439,237,'2017-01-24',236,838189),(8440,237,'2017-01-25',245,809708),(8441,237,'2017-01-26',179,698067),(8442,237,'2017-01-27',181,796712),(8443,237,'2017-01-28',225,815406),(8444,237,'2017-01-29',215,826017),(8445,237,'2017-01-30',254,817543),(8446,237,'2017-01-31',247,100191),(8447,238,'2017-05-31',354,1019540),(8448,238,'2017-06-01',383,996145),(8449,238,'2017-06-02',347,997095),(8450,238,'2017-06-03',291,1046620),(8451,238,'2017-06-04',295,1043130),(8452,238,'2017-06-05',319,1126700),(8453,238,'2017-06-06',378,1087700),(8454,238,'2017-06-07',357,1090870),(8455,238,'2017-06-08',390,996888),(8456,238,'2017-06-09',369,937610),(8457,238,'2017-06-10',315,918002),(8458,238,'2017-06-11',329,901317),(8459,238,'2017-06-12',398,939845),(8460,238,'2017-06-13',380,1020950),(8461,238,'2017-06-14',393,1044420),(8462,238,'2017-06-15',372,1005300),(8463,238,'2017-06-16',341,1062960),(8464,238,'2017-06-17',NULL,948915),(8465,238,'2017-06-18',276,1012320),(8466,238,'2017-06-19',371,982633),(8467,238,'2017-06-20',365,999816),(8468,238,'2017-06-21',353,963791),(8469,238,'2017-06-22',365,945506),(8470,238,'2017-06-23',342,1160800),(8471,238,'2017-06-24',294,975545),(8472,238,'2017-06-25',302,840804),(8473,238,'2017-06-26',362,797291),(8474,238,'2017-06-27',375,880796),(8475,238,'2017-06-28',367,942476),(8476,238,'2017-06-29',352,935154),(8477,238,'2017-06-30',NULL,72696.4),(8478,239,'2016-09-30',512,613808),(8479,239,'2016-10-01',530,677216),(8480,239,'2016-10-02',522,667753),(8481,239,'2016-10-03',556,640752),(8482,239,'2016-10-04',563,607052),(8483,239,'2016-10-05',527,652465),(8484,239,'2016-10-06',520,662726),(8485,239,'2016-10-07',511,684877),(8486,239,'2016-10-08',480,703266),(8487,239,'2016-10-09',474,714769),(8488,239,'2016-10-10',470,734888),(8489,239,'2016-10-11',483,716129),(8490,239,'2016-10-12',448,664962),(8491,239,'2016-10-13',469,698373),(8492,239,'2016-10-14',480,731472),(8493,239,'2016-10-15',451,734996),(8494,239,'2016-10-16',460,727059),(8495,239,'2016-10-17',453,738709),(8496,239,'2016-10-18',453,752200),(8497,239,'2016-10-19',461,785322),(8498,239,'2016-10-20',451,754831),(8499,239,'2016-10-21',486,771267),(8500,239,'2016-10-22',434,766334),(8501,239,'2016-10-23',430,777861),(8502,239,'2016-10-24',492,733276),(8503,239,'2016-10-25',504,747711),(8504,239,'2016-10-26',445,812006),(8505,239,'2016-10-27',441,786335),(8506,239,'2016-10-28',424,784472),(8507,239,'2016-10-29',415,798213),(8508,239,'2016-10-30',411,800603),(8509,239,'2016-10-31',471,785552),(8510,240,'2016-09-30',287,613808),(8511,240,'2016-10-01',301,677216),(8512,240,'2016-10-02',354,667753),(8513,240,'2016-10-03',354,640752),(8514,240,'2016-10-04',380,607052),(8515,240,'2016-10-05',383,652465),(8516,240,'2016-10-06',366,662726),(8517,240,'2016-10-07',350,684877),(8518,240,'2016-10-08',NULL,703266),(8519,240,'2016-10-09',NULL,714769),(8520,240,'2016-10-10',NULL,734888),(8521,240,'2016-10-11',NULL,716129),(8522,240,'2016-10-12',NULL,664962),(8523,240,'2016-10-13',NULL,698373),(8524,240,'2016-10-14',NULL,731472),(8525,240,'2016-10-15',NULL,734996),(8526,240,'2016-10-16',NULL,727059),(8527,240,'2016-10-17',NULL,738709),(8528,240,'2016-10-18',NULL,752200),(8529,240,'2016-10-19',NULL,785322),(8530,240,'2016-10-20',NULL,754831),(8531,240,'2016-10-21',NULL,771267),(8532,240,'2016-10-22',NULL,766334),(8533,240,'2016-10-23',NULL,777861),(8534,240,'2016-10-24',NULL,733276),(8535,240,'2016-10-25',NULL,747711),(8536,240,'2016-10-26',NULL,812006),(8537,240,'2016-10-27',NULL,786335),(8538,240,'2016-10-28',NULL,784472),(8539,240,'2016-10-29',NULL,798213),(8540,240,'2016-10-30',NULL,800603),(8541,240,'2016-10-31',NULL,785552),(8542,241,'2017-05-31',153,1019540),(8543,241,'2017-06-01',171,996145),(8544,241,'2017-06-02',151,997095),(8545,241,'2017-06-03',145,1046620),(8546,241,'2017-06-04',132,1043130),(8547,241,'2017-06-05',132,1126700),(8548,241,'2017-06-06',163,1087700),(8549,241,'2017-06-07',132,1090870),(8550,241,'2017-06-08',157,996888),(8551,241,'2017-06-09',146,937610),(8552,241,'2017-06-10',132,918002),(8553,241,'2017-06-11',131,901317),(8554,241,'2017-06-12',141,939845),(8555,241,'2017-06-13',139,1020950),(8556,241,'2017-06-14',130,1044420),(8557,241,'2017-06-15',147,1005300),(8558,241,'2017-06-16',134,1062960),(8559,241,'2017-06-17',134,948915),(8560,241,'2017-06-18',134,1012320),(8561,241,'2017-06-19',157,982633),(8562,241,'2017-06-20',144,999816),(8563,241,'2017-06-21',144,963791),(8564,241,'2017-06-22',122,945506),(8565,241,'2017-06-23',142,1160800),(8566,241,'2017-06-24',114,975545),(8567,241,'2017-06-25',NULL,840804),(8568,241,'2017-06-26',NULL,797291),(8569,241,'2017-06-27',126,880796),(8570,241,'2017-06-28',128,942476),(8571,241,'2017-06-29',132,935154);
/*!40000 ALTER TABLE `daily_usage_per_camp` ENABLE KEYS */;
UNLOCK TABLES;

--
-- Table structure for table `django_admin_log`
--

DROP TABLE IF EXISTS `django_admin_log`;
/*!40101 SET @saved_cs_client     = @@character_set_client */;
 SET character_set_client = utf8mb4 ;
CREATE TABLE `django_admin_log` (
  `id` int(11) NOT NULL AUTO_INCREMENT,
  `action_time` datetime(6) NOT NULL,
  `object_id` longtext,
  `object_repr` varchar(200) NOT NULL,
  `action_flag` smallint(5) unsigned NOT NULL,
  `change_message` longtext NOT NULL,
  `content_type_id` int(11) DEFAULT NULL,
  `user_id` int(11) NOT NULL,
  PRIMARY KEY (`id`),
  KEY `django_admin_log_content_type_id_c4bce8eb_fk_django_co` (`content_type_id`),
  KEY `django_admin_log_user_id_c564eba6_fk_auth_user_id` (`user_id`),
  CONSTRAINT `django_admin_log_content_type_id_c4bce8eb_fk_django_co` FOREIGN KEY (`content_type_id`) REFERENCES `django_content_type` (`id`),
  CONSTRAINT `django_admin_log_user_id_c564eba6_fk_auth_user_id` FOREIGN KEY (`user_id`) REFERENCES `auth_user` (`id`)
) ENGINE=InnoDB DEFAULT CHARSET=utf8mb4 COLLATE=utf8mb4_0900_ai_ci;
/*!40101 SET character_set_client = @saved_cs_client */;

--
-- Dumping data for table `django_admin_log`
--

LOCK TABLES `django_admin_log` WRITE;
/*!40000 ALTER TABLE `django_admin_log` DISABLE KEYS */;
/*!40000 ALTER TABLE `django_admin_log` ENABLE KEYS */;
UNLOCK TABLES;

--
-- Table structure for table `django_content_type`
--

DROP TABLE IF EXISTS `django_content_type`;
/*!40101 SET @saved_cs_client     = @@character_set_client */;
 SET character_set_client = utf8mb4 ;
CREATE TABLE `django_content_type` (
  `id` int(11) NOT NULL AUTO_INCREMENT,
  `app_label` varchar(100) NOT NULL,
  `model` varchar(100) NOT NULL,
  PRIMARY KEY (`id`),
  UNIQUE KEY `django_content_type_app_label_model_76bd3d3b_uniq` (`app_label`,`model`)
) ENGINE=InnoDB AUTO_INCREMENT=12 DEFAULT CHARSET=utf8mb4 COLLATE=utf8mb4_0900_ai_ci;
/*!40101 SET character_set_client = @saved_cs_client */;

--
-- Dumping data for table `django_content_type`
--

LOCK TABLES `django_content_type` WRITE;
/*!40000 ALTER TABLE `django_content_type` DISABLE KEYS */;
INSERT INTO `django_content_type` VALUES (1,'admin','logentry'),(3,'auth','group'),(2,'auth','permission'),(4,'auth','user'),(5,'contenttypes','contenttype'),(6,'sessions','session'),(7,'social_django','association'),(8,'social_django','code'),(9,'social_django','nonce'),(11,'social_django','partial'),(10,'social_django','usersocialauth');
/*!40000 ALTER TABLE `django_content_type` ENABLE KEYS */;
UNLOCK TABLES;

--
-- Table structure for table `django_migrations`
--

DROP TABLE IF EXISTS `django_migrations`;
/*!40101 SET @saved_cs_client     = @@character_set_client */;
 SET character_set_client = utf8mb4 ;
CREATE TABLE `django_migrations` (
  `id` int(11) NOT NULL AUTO_INCREMENT,
  `app` varchar(255) NOT NULL,
  `name` varchar(255) NOT NULL,
  `applied` datetime(6) NOT NULL,
  PRIMARY KEY (`id`)
) ENGINE=InnoDB AUTO_INCREMENT=33 DEFAULT CHARSET=utf8mb4 COLLATE=utf8mb4_0900_ai_ci;
/*!40101 SET character_set_client = @saved_cs_client */;

--
-- Dumping data for table `django_migrations`
--

LOCK TABLES `django_migrations` WRITE;
/*!40000 ALTER TABLE `django_migrations` DISABLE KEYS */;
INSERT INTO `django_migrations` VALUES (1,'contenttypes','0001_initial','2018-12-15 17:25:25.509275'),(2,'auth','0001_initial','2018-12-15 17:25:53.009536'),(3,'admin','0001_initial','2018-12-15 17:26:05.333525'),(4,'admin','0002_logentry_remove_auto_add','2018-12-15 17:26:05.509249'),(5,'admin','0003_logentry_add_action_flag_choices','2018-12-15 17:26:05.673107'),(6,'contenttypes','0002_remove_content_type_name','2018-12-15 17:26:09.023117'),(7,'auth','0002_alter_permission_name_max_length','2018-12-15 17:26:11.069005'),(8,'auth','0003_alter_user_email_max_length','2018-12-15 17:26:11.808948'),(9,'auth','0004_alter_user_username_opts','2018-12-15 17:26:11.923479'),(10,'auth','0005_alter_user_last_login_null','2018-12-15 17:26:13.519099'),(11,'auth','0006_require_contenttypes_0002','2018-12-15 17:26:13.789218'),(12,'auth','0007_alter_validators_add_error_messages','2018-12-15 17:26:13.913380'),(13,'auth','0008_alter_user_username_max_length','2018-12-15 17:26:15.978376'),(14,'auth','0009_alter_user_last_name_max_length','2018-12-15 17:26:18.404108'),(15,'sessions','0001_initial','2018-12-15 17:26:20.399034'),(16,'default','0001_initial','2018-12-18 19:09:05.180363'),(17,'social_auth','0001_initial','2018-12-18 19:09:05.315383'),(18,'default','0002_add_related_name','2018-12-18 19:09:07.855443'),(19,'social_auth','0002_add_related_name','2018-12-18 19:09:07.933992'),(20,'default','0003_alter_email_max_length','2018-12-18 19:09:08.347252'),(21,'social_auth','0003_alter_email_max_length','2018-12-18 19:09:08.450735'),(22,'default','0004_auto_20160423_0400','2018-12-18 19:09:08.545162'),(23,'social_auth','0004_auto_20160423_0400','2018-12-18 19:09:08.646353'),(24,'social_auth','0005_auto_20160727_2333','2018-12-18 19:09:09.179668'),(25,'social_django','0006_partial','2018-12-18 19:09:10.540829'),(26,'social_django','0007_code_timestamp','2018-12-18 19:09:11.908204'),(27,'social_django','0008_partial_timestamp','2018-12-18 19:09:13.673672'),(28,'social_django','0005_auto_20160727_2333','2018-12-18 19:09:13.887875'),(29,'social_django','0001_initial','2018-12-18 19:09:14.062548'),(30,'social_django','0004_auto_20160423_0400','2018-12-18 19:09:14.367473'),(31,'social_django','0002_add_related_name','2018-12-18 19:09:14.617727'),(32,'social_django','0003_alter_email_max_length','2018-12-18 19:09:14.843537');
/*!40000 ALTER TABLE `django_migrations` ENABLE KEYS */;
UNLOCK TABLES;

--
-- Table structure for table `django_session`
--

DROP TABLE IF EXISTS `django_session`;
/*!40101 SET @saved_cs_client     = @@character_set_client */;
 SET character_set_client = utf8mb4 ;
CREATE TABLE `django_session` (
  `session_key` varchar(40) NOT NULL,
  `session_data` longtext NOT NULL,
  `expire_date` datetime(6) NOT NULL,
  PRIMARY KEY (`session_key`),
  KEY `django_session_expire_date_a5c62663` (`expire_date`)
) ENGINE=InnoDB DEFAULT CHARSET=utf8mb4 COLLATE=utf8mb4_0900_ai_ci;
/*!40101 SET character_set_client = @saved_cs_client */;

--
-- Dumping data for table `django_session`
--

LOCK TABLES `django_session` WRITE;
/*!40000 ALTER TABLE `django_session` DISABLE KEYS */;
INSERT INTO `django_session` VALUES ('j4uaomvp78qjz7vlikg3r7v09z0tt6yb','NzUxMWEzZTJhNTkzOWRiZTliYmJhYTU0YWQ3OWQwMjBiM2ZhYTg4OTp7Il9hdXRoX3VzZXJfaWQiOiIxIiwiX2F1dGhfdXNlcl9iYWNrZW5kIjoiZGphbmdvLmNvbnRyaWIuYXV0aC5iYWNrZW5kcy5Nb2RlbEJhY2tlbmQiLCJfYXV0aF91c2VyX2hhc2giOiJjMjdkYmYzY2E5YzY2ZDU4NmE1ZjkyZjhiMTFiMzgxYjZhYzU0NjJlIn0=','2018-12-29 20:53:53.226732'),('mnk4p3gm5g4dzc795ltpkdtew6h59keu','OTY3ZGQzZThiZWExMmI1NmJiZjFhM2JjZDhmYjY3MDg5MzRjMTY5Mjp7Il9hdXRoX3VzZXJfaWQiOiIxIiwiX2F1dGhfdXNlcl9iYWNrZW5kIjoiZGphbmdvLmNvbnRyaWIuYXV0aC5iYWNrZW5kcy5Nb2RlbEJhY2tlbmQiLCJfYXV0aF91c2VyX2hhc2giOiJjMjdkYmYzY2E5YzY2ZDU4NmE1ZjkyZjhiMTFiMzgxYjZhYzU0NjJlIiwiZ29vZ2xlLW9hdXRoMl9zdGF0ZSI6IjZPMUhzaXR5WWlHRnkzUHpRaVZ4RFpzSklGTlZiSmV2In0=','2019-01-01 19:44:04.580948');
/*!40000 ALTER TABLE `django_session` ENABLE KEYS */;
UNLOCK TABLES;

--
-- Table structure for table `monthly_usage_per_camp`
--

DROP TABLE IF EXISTS `monthly_usage_per_camp`;
/*!40101 SET @saved_cs_client     = @@character_set_client */;
 SET character_set_client = utf8mb4 ;
CREATE TABLE `monthly_usage_per_camp` (
  `mupc_id` int(11) NOT NULL AUTO_INCREMENT,
  `camp_id` int(11) NOT NULL,
  `total_infrastructure_devices` int(11) NOT NULL,
  `month_num` int(11) DEFAULT NULL,
  `year_num` int(11) DEFAULT NULL,
  PRIMARY KEY (`mupc_id`),
  UNIQUE KEY `mupc_id_UNIQUE` (`mupc_id`),
  KEY `camp_id_idx` (`camp_id`),
  CONSTRAINT `camp_id` FOREIGN KEY (`camp_id`) REFERENCES `camp` (`camp_id`)
) ENGINE=InnoDB AUTO_INCREMENT=512 DEFAULT CHARSET=utf8mb4 COLLATE=utf8mb4_0900_ai_ci;
/*!40101 SET character_set_client = @saved_cs_client */;

--
-- Dumping data for table `monthly_usage_per_camp`
--

LOCK TABLES `monthly_usage_per_camp` WRITE;
/*!40000 ALTER TABLE `monthly_usage_per_camp` DISABLE KEYS */;
INSERT INTO `monthly_usage_per_camp` VALUES (1,35,1,1,2018),(2,35,1,2,2018),(3,35,1,9,2018),(4,35,1,3,2018),(5,1,5,1,2017),(6,1,5,2,2018),(7,1,5,3,2018),(8,1,5,4,2016),(9,1,4,4,2018),(10,1,4,5,2018),(11,1,6,6,2017),(12,1,4,6,2018),(13,1,4,7,2018),(14,1,4,9,2018),(15,1,4,10,2016),(16,17,3,1,2017),(17,17,3,3,2018),(18,17,4,5,2018),(19,17,3,6,2017),(20,17,3,6,2018),(21,17,3,7,2018),(22,17,3,9,2018),(23,17,3,4,2018),(24,36,1,1,2018),(25,36,1,2,2018),(26,36,1,3,2018),(27,36,1,9,2018),(28,2,10,1,2017),(29,2,21,2,2018),(30,2,21,3,2018),(31,2,7,4,2016),(32,2,21,4,2018),(33,2,21,5,2018),(34,2,14,6,2017),(35,2,20,6,2018),(36,2,20,7,2018),(37,2,20,9,2018),(38,2,6,10,2016),(39,37,1,1,2018),(40,37,1,2,2018),(41,37,1,3,2018),(42,37,1,9,2018),(43,33,7,3,2018),(44,33,7,4,2018),(45,33,7,5,2018),(46,33,6,6,2018),(47,33,6,7,2018),(48,33,6,9,2018),(49,33,3,10,2016),(50,4,7,1,2017),(51,4,8,3,2018),(52,4,11,6,2018),(53,4,9,7,2018),(54,4,8,2,2018),(55,4,9,4,2018),(56,4,10,5,2018),(57,4,10,9,2018),(58,6,9,2,2018),(59,6,9,3,2018),(60,6,9,4,2018),(61,6,9,5,2018),(62,6,9,6,2018),(63,6,9,7,2018),(64,6,10,9,2018),(65,45,2,3,2018),(66,45,2,4,2018),(67,45,2,5,2018),(68,45,2,6,2018),(69,45,2,7,2018),(70,45,2,9,2018),(71,38,1,1,2018),(72,38,1,2,2018),(73,38,1,3,2018),(74,38,1,9,2018),(75,30,3,1,2017),(76,30,3,4,2018),(77,30,3,5,2018),(78,30,3,6,2017),(79,30,3,6,2018),(80,30,3,7,2018),(81,30,3,9,2018),(82,30,3,10,2016),(83,8,9,3,2018),(84,8,9,5,2018),(85,8,8,6,2017),(86,8,9,6,2018),(87,8,9,2,2018),(88,8,9,4,2018),(89,8,9,7,2018),(90,8,15,9,2018),(91,39,1,1,2018),(92,39,1,2,2018),(93,39,1,3,2018),(94,39,1,9,2018),(95,9,5,1,2017),(96,9,13,5,2018),(97,9,5,10,2016),(98,9,14,2,2018),(99,9,15,3,2018),(100,9,3,4,2016),(101,9,13,4,2018),(102,9,9,6,2017),(103,9,14,6,2018),(104,9,15,7,2018),(105,9,14,9,2018),(106,10,3,1,2017),(107,10,3,5,2018),(108,10,2,6,2017),(109,10,2,6,2018),(110,10,2,10,2016),(111,10,2,2,2018),(112,10,2,3,2018),(113,10,2,4,2018),(114,10,2,7,2018),(115,10,3,9,2018),(116,11,7,1,2017),(117,11,12,2,2018),(118,11,12,3,2018),(119,11,12,4,2018),(120,11,12,5,2018),(121,11,12,6,2018),(122,11,11,7,2018),(123,11,11,9,2018),(124,12,13,2,2018),(125,12,13,3,2018),(126,12,12,4,2018),(127,12,11,5,2018),(128,12,13,6,2018),(129,12,13,7,2018),(130,12,21,9,2018),(131,13,6,1,2017),(132,13,15,2,2018),(133,13,15,3,2018),(134,13,9,4,2016),(135,13,15,4,2018),(136,13,15,5,2018),(137,13,15,6,2017),(138,13,19,6,2018),(139,13,16,7,2018),(140,13,15,9,2018),(141,13,4,10,2016),(142,40,1,1,2018),(143,40,1,2,2018),(144,40,1,3,2018),(145,40,1,9,2018),(146,41,1,1,2018),(147,41,1,2,2018),(148,41,1,3,2018),(149,41,1,9,2018),(150,42,1,1,2018),(151,42,1,2,2018),(152,42,1,3,2018),(153,42,1,9,2018),(154,23,3,1,2017),(155,23,3,6,2017),(156,24,4,1,2017),(157,24,11,3,2018),(158,24,11,4,2018),(159,24,11,5,2018),(160,24,11,6,2018),(161,24,1,7,2018),(162,24,1,9,2018),(163,34,14,3,2018),(164,34,13,4,2018),(165,34,13,5,2018),(166,34,15,6,2018),(167,34,15,7,2018),(168,34,15,9,2018),(169,34,3,10,2016),(170,15,3,1,2017),(171,15,8,2,2018),(172,15,8,3,2018),(173,15,8,4,2018),(174,15,8,5,2018),(175,15,8,6,2018),(176,15,8,7,2018),(177,15,8,9,2018),(178,43,1,1,2018),(179,43,1,2,2018),(180,43,1,3,2018),(181,43,1,9,2018),(182,44,2,1,2017),(183,44,2,2,2018),(184,44,3,3,2018),(185,44,3,4,2018),(186,44,5,5,2018),(187,44,3,6,2017),(188,44,2,6,2018),(189,44,2,7,2018),(190,44,2,9,2018),(191,29,3,1,2017),(192,29,10,3,2018),(193,29,10,4,2018),(194,29,10,5,2018),(195,29,10,6,2017),(196,29,11,6,2018),(197,29,12,7,2018),(198,29,13,9,2018),(199,29,3,10,2016),(200,31,3,5,2018),(201,31,3,6,2017),(202,31,3,6,2018),(203,31,3,7,2018),(204,31,3,9,2018),(205,32,5,4,2016),(206,32,7,10,2016),(207,18,7,1,2017),(208,18,7,6,2017),(209,18,7,10,2016),(210,3,2,1,2017),(211,3,2,2,2018),(212,3,2,3,2018),(213,3,2,4,2018),(214,3,2,5,2018),(215,3,2,6,2017),(216,3,2,10,2016),(217,19,9,1,2017),(218,5,2,1,2017),(219,5,1,6,2017),(220,5,2,10,2016),(221,20,4,1,2017),(222,20,4,10,2016),(223,7,2,1,2017),(224,7,1,2,2018),(225,7,1,3,2018),(226,7,1,5,2018),(227,7,2,6,2017),(228,7,2,10,2016),(229,21,3,1,2017),(230,21,1,3,2018),(231,21,1,4,2018),(232,22,3,4,2016),(233,22,3,10,2016),(234,14,16,7,2018),(235,25,4,1,2017),(236,25,3,10,2016),(237,26,2,1,2017),(238,26,10,6,2017),(239,26,3,10,2016),(240,27,1,10,2016),(241,28,5,6,2017),(242,17,0,4,2016),(243,17,0,10,2016),(244,33,0,4,2016),(245,4,0,10,2016),(246,4,0,4,2016),(247,45,0,10,2016),(248,8,0,4,2016),(249,10,0,4,2016),(250,11,0,10,2016),(251,12,0,1,2017),(252,12,0,10,2016),(253,23,0,10,2016),(254,24,0,4,2016),(255,24,0,10,2016),(256,15,0,4,2016),(257,15,0,6,2017),(258,15,0,10,2016),(259,44,0,10,2016),(260,29,0,4,2016),(261,31,0,4,2016),(262,18,0,4,2016),(263,3,0,4,2016),(264,19,0,4,2016),(265,19,0,10,2016),(266,5,0,2,2018),(267,5,0,4,2016),(268,7,0,4,2016),(269,21,0,4,2016),(270,21,0,10,2016),(271,14,0,2,2018),(272,25,0,4,2016),(273,26,0,4,2016),(274,27,0,1,2017),(275,28,0,1,2017),(276,28,0,10,2016),(277,16,0,1,2017),(278,16,0,6,2017),(279,16,0,10,2016);
/*!40000 ALTER TABLE `monthly_usage_per_camp` ENABLE KEYS */;
UNLOCK TABLES;

--
-- Table structure for table `nationality`
--

DROP TABLE IF EXISTS `nationality`;
/*!40101 SET @saved_cs_client     = @@character_set_client */;
 SET character_set_client = utf8mb4 ;
CREATE TABLE `nationality` (
  `nationality_id` int(11) NOT NULL AUTO_INCREMENT,
  `nationality_name` varchar(45) NOT NULL,
  PRIMARY KEY (`nationality_id`),
  UNIQUE KEY `nationality_id_UNIQUE` (`nationality_id`),
  UNIQUE KEY `nationality_name_UNIQUE` (`nationality_name`)
) ENGINE=InnoDB AUTO_INCREMENT=16 DEFAULT CHARSET=utf8mb4 COLLATE=utf8mb4_0900_ai_ci;
/*!40101 SET character_set_client = @saved_cs_client */;

--
-- Dumping data for table `nationality`
--

LOCK TABLES `nationality` WRITE;
/*!40000 ALTER TABLE `nationality` DISABLE KEYS */;
INSERT INTO `nationality` VALUES (6,'Afghan'),(15,'Algerian'),(9,'Congolese'),(14,'Egyptian'),(10,'Eritrean'),(5,'Iranian'),(2,'Iraqi'),(12,'Kuwaiti'),(13,'Moroccan'),(3,'Pakistani'),(4,'Palestinian'),(11,'Somali'),(8,'Stateless'),(1,'Syrian'),(7,'Yemeni');
/*!40000 ALTER TABLE `nationality` ENABLE KEYS */;
UNLOCK TABLES;

--
-- Table structure for table `refugee_nationality`
--

DROP TABLE IF EXISTS `refugee_nationality`;
/*!40101 SET @saved_cs_client     = @@character_set_client */;
 SET character_set_client = utf8mb4 ;
CREATE TABLE `refugee_nationality` (
  `ref_nat_id` int(11) NOT NULL AUTO_INCREMENT,
  `mupc_id` int(11) NOT NULL,
  `nationality_id` int(11) NOT NULL,
  `nationality_proportion` float NOT NULL,
  PRIMARY KEY (`ref_nat_id`),
  UNIQUE KEY `ref_nat_id` (`ref_nat_id`),
  KEY `mupc_id_idx` (`mupc_id`),
  KEY `nationality_id_idx` (`nationality_id`),
  CONSTRAINT `nationality_id` FOREIGN KEY (`nationality_id`) REFERENCES `nationality` (`nationality_id`),
  CONSTRAINT `refugee_nationality_ibfk_1` FOREIGN KEY (`mupc_id`) REFERENCES `monthly_usage_per_camp` (`mupc_id`)
) ENGINE=InnoDB AUTO_INCREMENT=4096 DEFAULT CHARSET=utf8mb4 COLLATE=utf8mb4_0900_ai_ci;
/*!40101 SET character_set_client = @saved_cs_client */;

--
-- Dumping data for table `refugee_nationality`
--

LOCK TABLES `refugee_nationality` WRITE;
/*!40000 ALTER TABLE `refugee_nationality` DISABLE KEYS */;
INSERT INTO `refugee_nationality` VALUES (1,6,1,0.44),(2,6,2,0.25),(3,6,3,0.08),(4,6,4,0.04),(5,29,1,0.38),(6,29,2,0.24),(7,29,5,0.05),(8,29,6,0.26),(9,211,1,0.7),(10,211,7,0.06),(11,211,5,0.06),(12,211,8,0.07),(13,54,1,0.29),(14,54,7,0),(15,54,2,0.06),(16,54,9,0),(17,54,10,0),(18,54,5,0.09),(19,54,3,0.05),(20,54,4,0),(21,54,6,0.51),(22,54,8,0),(23,54,11,0),(24,54,12,0),(25,54,13,0),(26,54,14,0),(27,54,15,0),(28,266,1,0.09),(29,266,2,0.4),(30,266,5,0.07),(31,266,6,0.42),(32,58,1,0.64),(33,58,2,0.13),(34,58,4,0.06),(35,58,6,0.12),(36,224,1,1),(37,224,7,0),(38,224,2,0),(39,224,9,0),(40,224,10,0),(41,224,5,0),(42,224,3,0),(43,224,4,0),(44,224,6,0),(45,224,8,0),(46,224,11,0),(47,224,12,0),(48,224,13,0),(49,224,14,0),(50,224,15,0),(51,87,1,0.55),(52,87,2,0.2),(53,87,9,0.07),(54,87,4,0.03),(55,98,1,0.61),(56,98,2,0.29),(57,98,5,0.02),(58,98,3,0.04),(59,111,1,0.54),(60,111,2,0.09),(61,111,5,0.06),(62,111,6,0.12),(63,117,1,0.17),(64,117,2,0.5),(65,117,6,0.12),(66,117,8,0.05),(67,124,1,0.37),(68,124,2,0.14),(69,124,9,0.05),(70,124,6,0.18),(71,132,1,0.29),(72,132,2,0.14),(73,132,9,0.09),(74,132,10,0.1),(75,271,1,0.38),(76,271,7,0),(77,271,2,0.58),(78,271,9,0),(79,271,10,0),(80,271,5,0),(81,271,3,0.02),(82,271,4,0),(83,271,6,0),(84,271,8,0),(85,271,11,0.02),(86,271,12,0),(87,271,13,0),(88,271,14,0),(89,271,15,0),(90,171,1,0.56),(91,171,7,0),(92,171,2,0.33),(93,171,9,0),(94,171,10,0),(95,171,5,0.02),(96,171,3,0),(97,171,4,0),(98,171,6,0.09),(99,171,8,0),(100,171,11,0),(101,171,12,0),(102,171,13,0),(103,171,14,0),(104,171,15,0),(105,183,1,0.29),(106,183,2,0.27),(107,183,9,0.06),(108,183,6,0.13),(109,5,1,0.99),(110,5,7,0),(111,5,2,0.01),(112,5,9,0),(113,5,10,0),(114,5,5,0),(115,5,3,0),(116,5,4,0),(117,5,6,0),(118,5,8,0),(119,5,11,0),(120,5,12,0),(121,5,13,0),(122,5,14,0),(123,5,15,0),(124,16,1,1),(125,16,7,0),(126,16,2,0),(127,16,9,0),(128,16,10,0),(129,16,5,0),(130,16,3,0),(131,16,4,0),(132,16,6,0),(133,16,8,0),(134,16,11,0),(135,16,12,0),(136,16,13,0),(137,16,14,0),(138,16,15,0),(139,207,1,1),(140,207,7,0),(141,207,2,0),(142,207,9,0),(143,207,10,0),(144,207,5,0),(145,207,3,0),(146,207,4,0),(147,207,6,0),(148,207,8,0),(149,207,11,0),(150,207,12,0),(151,207,13,0),(152,207,14,0),(153,207,15,0),(154,28,1,0.74),(155,28,6,0.18),(156,210,1,0.86),(157,210,7,0),(158,210,2,0),(159,210,9,0),(160,210,10,0),(161,210,5,0),(162,210,3,0),(163,210,4,0),(164,210,6,0.14),(165,210,8,0),(166,210,11,0),(167,210,12,0),(168,210,13,0),(169,210,14,0),(170,210,15,0),(171,50,1,0.35),(172,50,6,0.55),(173,217,1,0),(174,217,7,0),(175,217,2,0),(176,217,9,0),(177,217,10,0),(178,217,5,0),(179,217,3,0.01),(180,217,4,0),(181,217,6,0.98),(182,217,8,0),(183,217,11,0),(184,217,12,0),(185,217,13,0),(186,217,14,0),(187,217,15,0),(188,218,1,0.67),(189,218,7,0),(190,218,2,0),(191,218,9,0),(192,218,10,0),(193,218,5,0),(194,218,3,0),(195,218,4,0),(196,218,6,0.33),(197,218,8,0),(198,218,11,0),(199,218,12,0),(200,218,13,0),(201,218,14,0),(202,218,15,0),(203,221,1,0.95),(204,221,2,0.01),(205,223,1,1),(206,223,7,0),(207,223,2,0),(208,223,9,0),(209,223,10,0),(210,223,5,0),(211,223,3,0),(212,223,4,0),(213,223,6,0),(214,223,8,0),(215,223,11,0),(216,223,12,0),(217,223,13,0),(218,223,14,0),(219,223,15,0),(220,95,1,0.93),(221,95,7,0),(222,95,2,0.07),(223,95,9,0),(224,95,10,0),(225,95,5,0),(226,95,3,0),(227,95,4,0),(228,95,6,0),(229,95,8,0),(230,95,11,0),(231,95,12,0),(232,95,13,0),(233,95,14,0),(234,95,15,0),(235,106,1,0.96),(236,106,7,0),(237,106,2,0),(238,106,9,0),(239,106,10,0),(240,106,5,0),(241,106,3,0.01),(242,106,4,0),(243,106,6,0.03),(244,106,8,0),(245,106,11,0),(246,106,12,0),(247,106,13,0),(248,106,14,0),(249,106,15,0),(250,116,1,0.36),(251,116,2,0.28),(252,229,6,0.98),(253,251,1,0.11),(254,251,6,0.24),(255,131,1,0.98),(256,131,7,0),(257,131,2,0.02),(258,131,9,0),(259,131,10,0),(260,131,5,0),(261,131,3,0),(262,131,4,0),(263,131,6,0),(264,131,8,0),(265,131,11,0),(266,131,12,0),(267,131,13,0),(268,131,14,0),(269,131,15,0),(270,154,1,0.52),(271,154,7,0),(272,154,2,0),(273,154,9,0),(274,154,10,0),(275,154,5,0),(276,154,3,0),(277,154,4,0),(278,154,6,0.48),(279,154,8,0),(280,154,11,0),(281,154,12,0),(282,154,13,0),(283,154,14,0),(284,154,15,0),(285,156,1,0.85),(286,156,7,0),(287,156,2,0.05),(288,156,9,0),(289,156,10,0),(290,156,5,0),(291,156,3,0),(292,156,4,0),(293,156,6,0.1),(294,156,8,0),(295,156,11,0),(296,156,12,0),(297,156,13,0),(298,156,14,0),(299,156,15,0),(300,235,1,0.99),(301,235,7,0),(302,235,2,0.01),(303,235,9,0),(304,235,10,0),(305,235,5,0),(306,235,3,0),(307,235,4,0),(308,235,6,0),(309,235,8,0),(310,235,11,0),(311,235,12,0),(312,235,13,0),(313,235,14,0),(314,235,15,0),(315,170,1,0.65),(316,170,7,0),(317,170,2,0.25),(318,170,9,0),(319,170,10,0),(320,170,5,0),(321,170,3,0),(322,170,4,0),(323,170,6,0.1),(324,170,8,0),(325,170,11,0),(326,170,12,0),(327,170,13,0),(328,170,14,0),(329,170,15,0),(330,182,1,0.33),(331,182,6,0.16),(332,237,1,0.9),(333,237,2,0.08),(334,274,1,0.46),(335,274,2,0.12),(336,275,1,0.95),(337,275,2,0.03),(338,191,1,0.96),(339,191,7,0),(340,191,2,0.04),(341,191,9,0),(342,191,10,0),(343,191,5,0),(344,191,3,0),(345,191,4,0),(346,191,6,0),(347,191,8,0),(348,191,11,0),(349,191,12,0),(350,191,13,0),(351,191,14,0),(352,191,15,0),(353,277,1,0.37),(354,277,6,0.41),(355,75,1,0.02),(356,75,3,0.94),(357,78,1,0.08),(358,78,2,0.16),(359,78,3,0.6),(360,78,6,0.08),(361,11,1,0.81),(362,11,2,0.14),(363,19,1,0.99),(364,19,7,0),(365,19,2,0.01),(366,19,9,0),(367,19,10,0),(368,19,5,0),(369,19,3,0),(370,19,4,0),(371,19,6,0),(372,19,8,0),(373,19,11,0),(374,19,12,0),(375,19,13,0),(376,19,14,0),(377,19,15,0),(378,208,1,0.85),(379,208,7,0),(380,208,2,0.15),(381,208,9,0),(382,208,10,0),(383,208,5,0),(384,208,3,0),(385,208,4,0),(386,208,6,0),(387,208,8,0),(388,208,11,0),(389,208,12,0),(390,208,13,0),(391,208,14,0),(392,208,15,0),(393,34,1,0.46),(394,34,3,0.09),(395,34,4,0.01),(396,34,6,0.39),(397,215,1,1),(398,215,7,0),(399,215,2,0),(400,215,9,0),(401,215,10,0),(402,215,5,0),(403,215,3,0),(404,215,4,0),(405,215,6,0),(406,215,8,0),(407,215,11,0),(408,215,12,0),(409,215,13,0),(410,215,14,0),(411,215,15,0),(412,219,1,0.43),(413,219,2,0.13),(414,219,5,0.14),(415,219,6,0.28),(416,227,1,0.96),(417,227,7,0),(418,227,2,0.04),(419,227,9,0),(420,227,10,0),(421,227,5,0),(422,227,3,0),(423,227,4,0),(424,227,6,0),(425,227,8,0),(426,227,11,0),(427,227,12,0),(428,227,13,0),(429,227,14,0),(430,227,15,0),(431,85,1,0.75),(432,85,2,0.15),(433,85,9,0.01),(434,85,4,0.02),(435,108,1,0.94),(436,108,7,0),(437,108,2,0),(438,108,9,0),(439,108,10,0),(440,108,5,0.02),(441,108,3,0.01),(442,108,4,0),(443,108,6,0.03),(444,108,8,0),(445,108,11,0),(446,108,12,0),(447,108,13,0),(448,108,14,0),(449,108,15,0),(450,137,1,0.34),(451,137,2,0.13),(452,137,9,0.08),(453,137,10,0.12),(454,201,1,0.8),(455,201,7,0),(456,201,2,0.1),(457,201,9,0),(458,201,10,0),(459,201,5,0),(460,201,3,0),(461,201,4,0.1),(462,201,6,0),(463,201,8,0),(464,201,11,0),(465,201,12,0),(466,201,13,0),(467,201,14,0),(468,201,15,0),(469,187,1,0.39),(470,187,2,0.18),(471,187,6,0.11),(472,187,15,0.09),(473,155,1,0.52),(474,155,6,0.41),(475,241,1,0.76),(476,241,7,0),(477,241,2,0.01),(478,241,9,0),(479,241,10,0),(480,241,5,0),(481,241,3,0),(482,241,4,0.2),(483,241,6,0.03),(484,241,8,0),(485,241,11,0),(486,241,12,0),(487,241,13,0),(488,241,14,0),(489,241,15,0),(490,238,1,0.5),(491,238,2,0.05),(492,238,13,0.05),(493,238,15,0.25),(494,195,1,0.86),(495,195,7,0),(496,195,2,0.1),(497,195,9,0),(498,195,10,0),(499,195,5,0),(500,195,3,0),(501,195,4,0.04),(502,195,6,0),(503,195,8,0),(504,195,11,0),(505,195,12,0),(506,195,13,0),(507,195,14,0),(508,195,15,0),(509,278,1,0.5),(510,278,2,0.09),(511,278,4,0.04),(512,278,6,0.17),(513,102,1,0.89),(514,102,7,0),(515,102,2,0.11),(516,102,9,0),(517,102,10,0),(518,102,5,0),(519,102,3,0),(520,102,4,0),(521,102,6,0),(522,102,8,0),(523,102,11,0),(524,102,12,0),(525,102,13,0),(526,102,14,0),(527,102,15,0),(528,257,1,0.55),(529,257,7,0),(530,257,2,0.32),(531,257,9,0),(532,257,10,0),(533,257,5,0.01),(534,257,3,0),(535,257,4,0.03),(536,257,6,0.09),(537,257,8,0),(538,257,11,0),(539,257,12,0),(540,257,13,0),(541,257,14,0),(542,257,15,0),(543,8,1,0.96),(544,8,7,0),(545,8,2,0.03),(546,8,9,0),(547,8,10,0),(548,8,5,0),(549,8,3,0),(550,8,4,0),(551,8,6,0),(552,8,8,0),(553,8,11,0),(554,8,12,0),(555,8,13,0),(556,8,14,0),(557,8,15,0),(558,242,1,1),(559,242,7,0),(560,242,2,0),(561,242,9,0),(562,242,10,0),(563,242,5,0),(564,242,3,0),(565,242,4,0),(566,242,6,0),(567,242,8,0),(568,242,11,0),(569,242,12,0),(570,242,13,0),(571,242,14,0),(572,242,15,0),(573,205,1,0.65),(574,205,7,0),(575,205,2,0.35),(576,205,9,0),(577,205,10,0),(578,205,5,0),(579,205,3,0),(580,205,4,0),(581,205,6,0),(582,205,8,0),(583,205,11,0),(584,205,12,0),(585,205,13,0),(586,205,14,0),(587,205,15,0),(588,262,1,1),(589,262,7,0),(590,262,2,0),(591,262,9,0),(592,262,10,0),(593,262,5,0),(594,262,3,0),(595,262,4,0),(596,262,6,0),(597,262,8,0),(598,262,11,0),(599,262,12,0),(600,262,13,0),(601,262,14,0),(602,262,15,0),(603,31,1,0.75),(604,31,2,0.12),(605,31,6,0.11),(606,263,1,0.72),(607,263,6,0.18),(608,244,1,0.75),(609,244,7,0),(610,244,2,0.25),(611,244,9,0),(612,244,10,0),(613,244,5,0),(614,244,3,0),(615,244,4,0),(616,244,6,0),(617,244,8,0),(618,244,11,0),(619,244,12,0),(620,244,13,0),(621,244,14,0),(622,244,15,0),(623,246,1,0.4),(624,246,6,0.5),(625,264,3,0.01),(626,264,6,0.9),(627,267,1,0.5),(628,267,2,0.25),(629,268,1,1),(630,268,7,0),(631,268,2,0),(632,268,9,0),(633,268,10,0),(634,268,5,0),(635,268,3,0),(636,268,4,0),(637,268,6,0),(638,268,8,0),(639,268,11,0),(640,268,12,0),(641,268,13,0),(642,268,14,0),(643,268,15,0),(644,248,1,0.15),(645,248,6,0.8),(646,100,1,0.94),(647,100,7,0),(648,100,2,0.05),(649,100,9,0),(650,100,10,0),(651,100,5,0),(652,100,3,0),(653,100,4,0),(654,100,6,0.01),(655,100,8,0),(656,100,11,0),(657,100,12,0),(658,100,13,0),(659,100,14,0),(660,100,15,0),(661,249,1,0.53),(662,249,6,0.23),(663,269,1,0),(664,269,7,0),(665,269,2,0),(666,269,9,0),(667,269,10,0),(668,269,5,0),(669,269,3,0),(670,269,4,0),(671,269,6,1),(672,269,8,0),(673,269,11,0),(674,269,12,0),(675,269,13,0),(676,269,14,0),(677,269,15,0),(678,232,2,0.02),(679,232,6,0.92),(680,254,1,0.8),(681,254,2,0.15),(682,272,1,0.9),(683,272,2,0.07),(684,256,1,0.74),(685,256,7,0),(686,256,2,0.25),(687,256,9,0),(688,256,10,0),(689,256,5,0),(690,256,3,0),(691,256,4,0),(692,256,6,0.01),(693,256,8,0),(694,256,11,0),(695,256,12,0),(696,256,13,0),(697,256,14,0),(698,256,15,0),(699,273,1,0.99),(700,273,7,0),(701,273,2,0),(702,273,9,0),(703,273,10,0),(704,273,5,0),(705,273,3,0),(706,273,4,0),(707,273,6,0),(708,273,8,0),(709,273,11,0),(710,273,12,0),(711,273,13,0),(712,273,14,0),(713,273,15,0),(714,260,1,0.97),(715,260,7,0),(716,260,2,0.03),(717,260,9,0),(718,260,10,0),(719,260,5,0),(720,260,3,0),(721,260,4,0),(722,260,6,0),(723,260,8,0),(724,260,11,0),(725,260,12,0),(726,260,13,0),(727,260,14,0),(728,260,15,0),(729,261,1,1),(730,261,7,0),(731,261,2,0),(732,261,9,0),(733,261,10,0),(734,261,5,0),(735,261,3,0),(736,261,4,0),(737,261,6,0),(738,261,8,0),(739,261,11,0),(740,261,12,0),(741,261,13,0),(742,261,14,0),(743,261,15,0),(744,134,1,0.77),(745,134,7,0),(746,134,2,0.22),(747,134,9,0),(748,134,10,0),(749,134,5,0),(750,134,3,0),(751,134,4,0),(752,134,6,0),(753,134,8,0),(754,134,11,0),(755,134,12,0),(756,134,13,0),(757,134,14,0),(758,134,15,0),(759,15,1,1),(760,15,7,0),(761,15,2,0),(762,15,9,0),(763,15,10,0),(764,15,5,0),(765,15,3,0),(766,15,4,0),(767,15,6,0),(768,15,8,0),(769,15,11,0),(770,15,12,0),(771,15,13,0),(772,15,14,0),(773,15,15,0),(774,243,1,1),(775,243,7,0),(776,243,2,0),(777,243,9,0),(778,243,10,0),(779,243,5,0),(780,243,3,0),(781,243,4,0),(782,243,6,0),(783,243,8,0),(784,243,11,0),(785,243,12,0),(786,243,13,0),(787,243,14,0),(788,243,15,0),(789,206,1,0.8),(790,206,7,0),(791,206,2,0.2),(792,206,9,0),(793,206,10,0),(794,206,5,0),(795,206,3,0),(796,206,4,0),(797,206,6,0),(798,206,8,0),(799,206,11,0),(800,206,12,0),(801,206,13,0),(802,206,14,0),(803,206,15,0),(804,209,1,1),(805,209,7,0),(806,209,2,0),(807,209,9,0),(808,209,10,0),(809,209,5,0),(810,209,3,0),(811,209,4,0),(812,209,6,0),(813,209,8,0),(814,209,11,0),(815,209,12,0),(816,209,13,0),(817,209,14,0),(818,209,15,0),(819,38,1,0.81),(820,38,6,0.12),(821,216,1,0.76),(822,216,7,0),(823,216,2,0),(824,216,9,0),(825,216,10,0),(826,216,5,0),(827,216,3,0),(828,216,4,0),(829,216,6,0.23),(830,216,8,0),(831,216,11,0),(832,216,12,0),(833,216,13,0),(834,216,14,0),(835,216,15,0),(836,49,1,0.99),(837,49,7,0),(838,49,2,0.01),(839,49,9,0),(840,49,10,0),(841,49,5,0),(842,49,3,0),(843,49,4,0),(844,49,6,0),(845,49,8,0),(846,49,11,0),(847,49,12,0),(848,49,13,0),(849,49,14,0),(850,49,15,0),(851,245,1,0.35),(852,245,6,0.55),(853,265,1,0),(854,265,7,0),(855,265,2,0),(856,265,9,0),(857,265,10,0),(858,265,5,0),(859,265,3,0.01),(860,265,4,0),(861,265,6,0.98),(862,265,8,0),(863,265,11,0),(864,265,12,0),(865,265,13,0),(866,265,14,0),(867,265,15,0),(868,220,1,0.85),(869,220,7,0),(870,220,2,0),(871,220,9,0),(872,220,10,0),(873,220,5,0),(874,220,3,0.01),(875,220,4,0),(876,220,6,0.14),(877,220,8,0),(878,220,11,0),(879,220,12,0),(880,220,13,0),(881,220,14,0),(882,220,15,0),(883,222,1,0.98),(884,222,7,0),(885,222,2,0.01),(886,222,9,0),(887,222,10,0),(888,222,5,0),(889,222,3,0),(890,222,4,0),(891,222,6,0),(892,222,8,0),(893,222,11,0),(894,222,12,0),(895,222,13,0),(896,222,14,0),(897,222,15,0),(898,247,1,0.99),(899,247,7,0),(900,247,2,0.01),(901,247,9,0),(902,247,10,0),(903,247,5,0),(904,247,3,0),(905,247,4,0),(906,247,6,0),(907,247,8,0),(908,247,11,0),(909,247,12,0),(910,247,13,0),(911,247,14,0),(912,247,15,0),(913,228,1,1),(914,228,7,0),(915,228,2,0),(916,228,9,0),(917,228,10,0),(918,228,5,0),(919,228,3,0),(920,228,4,0),(921,228,6,0),(922,228,8,0),(923,228,11,0),(924,228,12,0),(925,228,13,0),(926,228,14,0),(927,228,15,0),(928,82,3,0.85),(929,82,6,0.06),(930,97,1,0.93),(931,97,7,0),(932,97,2,0.07),(933,97,9,0),(934,97,10,0),(935,97,5,0),(936,97,3,0),(937,97,4,0),(938,97,6,0),(939,97,8,0),(940,97,11,0),(941,97,12,0),(942,97,13,0),(943,97,14,0),(944,97,15,0),(945,110,1,0.96),(946,110,7,0),(947,110,2,0),(948,110,9,0),(949,110,10,0),(950,110,5,0),(951,110,3,0.01),(952,110,4,0),(953,110,6,0.03),(954,110,8,0),(955,110,11,0),(956,110,12,0),(957,110,13,0),(958,110,14,0),(959,110,15,0),(960,250,1,0.36),(961,250,2,0.25),(962,270,6,0.98),(963,252,2,0.14),(964,252,6,0.27),(965,141,1,0.8),(966,141,7,0),(967,141,2,0.2),(968,141,9,0),(969,141,10,0),(970,141,5,0),(971,141,3,0),(972,141,4,0),(973,141,6,0),(974,141,8,0),(975,141,11,0),(976,141,12,0),(977,141,13,0),(978,141,14,0),(979,141,15,0),(980,233,1,0),(981,233,7,0),(982,233,2,0),(983,233,9,0),(984,233,10,0),(985,233,5,0),(986,233,3,0),(987,233,4,0),(988,233,6,0.99),(989,233,8,0),(990,233,11,0),(991,233,12,0),(992,233,13,0),(993,233,14,0),(994,233,15,0),(995,253,1,0.52),(996,253,7,0),(997,253,2,0),(998,253,9,0),(999,253,10,0),(1000,253,5,0),(1001,253,3,0),(1002,253,4,0),(1003,253,6,0.48),(1004,253,8,0),(1005,253,11,0),(1006,253,12,0),(1007,253,13,0),(1008,253,14,0),(1009,253,15,0),(1010,255,1,0.85),(1011,255,7,0),(1012,255,2,0.05),(1013,255,9,0),(1014,255,10,0),(1015,255,5,0),(1016,255,3,0),(1017,255,4,0),(1018,255,6,0.1),(1019,255,8,0),(1020,255,11,0),(1021,255,12,0),(1022,255,13,0),(1023,255,14,0),(1024,255,15,0),(1025,169,1,0.02),(1026,169,7,0),(1027,169,2,0.98),(1028,169,9,0),(1029,169,10,0),(1030,169,5,0),(1031,169,3,0),(1032,169,4,0),(1033,169,6,0),(1034,169,8,0),(1035,169,11,0),(1036,169,12,0),(1037,169,13,0),(1038,169,14,0),(1039,169,15,0),(1040,236,1,0.95),(1041,236,7,0),(1042,236,2,0.05),(1043,236,9,0),(1044,236,10,0),(1045,236,5,0),(1046,236,3,0),(1047,236,4,0),(1048,236,6,0),(1049,236,8,0),(1050,236,11,0),(1051,236,12,0),(1052,236,13,0),(1053,236,14,0),(1054,236,15,0),(1055,258,1,0.65),(1056,258,7,0),(1057,258,2,0.25),(1058,258,9,0),(1059,258,10,0),(1060,258,5,0),(1061,258,3,0),(1062,258,4,0),(1063,258,6,0.1),(1064,258,8,0),(1065,258,11,0),(1066,258,12,0),(1067,258,13,0),(1068,258,14,0),(1069,258,15,0),(1070,239,1,0.9),(1071,239,2,0.02),(1072,240,1,0.65),(1073,240,2,0.1),(1074,276,1,0.98),(1075,276,7,0),(1076,276,2,0.02),(1077,276,9,0),(1078,276,10,0),(1079,276,5,0),(1080,276,3,0),(1081,276,4,0),(1082,276,6,0),(1083,276,8,0),(1084,276,11,0),(1085,276,12,0),(1086,276,13,0),(1087,276,14,0),(1088,276,15,0),(1089,259,1,0.38),(1090,259,6,0.15),(1091,199,1,0.92),(1092,199,7,0),(1093,199,2,0.07),(1094,199,9,0),(1095,199,10,0),(1096,199,5,0),(1097,199,3,0),(1098,199,4,0),(1099,199,6,0),(1100,199,8,0),(1101,199,11,0),(1102,199,12,0),(1103,199,13,0),(1104,199,14,0),(1105,199,15,0),(1106,279,1,0.3),(1107,279,6,0.4),(1108,7,1,0.44),(1109,7,2,0.27),(1110,7,3,0.07),(1111,7,4,0.04),(1112,17,1,0.94),(1113,17,7,0),(1114,17,2,0.06),(1115,17,9,0),(1116,17,10,0),(1117,17,5,0),(1118,17,3,0),(1119,17,4,0),(1120,17,6,0),(1121,17,8,0),(1122,17,11,0),(1123,17,12,0),(1124,17,13,0),(1125,17,14,0),(1126,17,15,0),(1127,30,1,0.39),(1128,30,7,0),(1129,30,2,0.26),(1130,30,9,0),(1131,30,10,0),(1132,30,5,0.05),(1133,30,3,0.04),(1134,30,4,0),(1135,30,6,0.27),(1136,30,8,0),(1137,30,11,0),(1138,30,12,0),(1139,30,13,0),(1140,30,14,0),(1141,30,15,0),(1142,212,1,0.7),(1143,212,7,0.05),(1144,212,2,0.16),(1145,212,9,0),(1146,212,10,0),(1147,212,5,0),(1148,212,3,0),(1149,212,4,0.01),(1150,212,6,0),(1151,212,8,0.08),(1152,212,11,0),(1153,212,12,0),(1154,212,13,0),(1155,212,14,0),(1156,212,15,0),(1157,43,1,0.48),(1158,43,2,0.38),(1159,43,6,0.04),(1160,43,8,0.07),(1161,51,1,0.27),(1162,51,5,0.08),(1163,51,3,0.06),(1164,51,6,0.4),(1165,59,1,0.64),(1166,59,2,0.13),(1167,59,4,0.06),(1168,59,6,0.12),(1169,65,1,0.32),(1170,65,2,0.23),(1171,65,5,0.04),(1172,65,3,0.06),(1173,65,6,0.21),(1174,225,1,1),(1175,225,7,0),(1176,225,2,0),(1177,225,9,0),(1178,225,10,0),(1179,225,5,0),(1180,225,3,0),(1181,225,4,0),(1182,225,6,0),(1183,225,8,0),(1184,225,11,0),(1185,225,12,0),(1186,225,13,0),(1187,225,14,0),(1188,225,15,0),(1189,83,1,0.5),(1190,83,2,0.23),(1191,83,9,0.07),(1192,83,6,0.06),(1193,99,1,0.58),(1194,99,2,0.31),(1195,99,5,0.02),(1196,99,3,0.03),(1197,112,1,0.47),(1198,112,2,0.13),(1199,112,5,0.04),(1200,112,6,0.13),(1201,118,1,0.03),(1202,118,7,0),(1203,118,2,0.26),(1204,118,9,0),(1205,118,10,0),(1206,118,5,0.08),(1207,118,3,0.01),(1208,118,4,0),(1209,118,6,0.62),(1210,118,8,0),(1211,118,11,0),(1212,118,12,0),(1213,118,13,0),(1214,118,14,0),(1215,118,15,0),(1216,230,1,0.03),(1217,230,7,0),(1218,230,2,0.26),(1219,230,9,0),(1220,230,10,0),(1221,230,5,0.08),(1222,230,3,0.01),(1223,230,4,0),(1224,230,6,0.62),(1225,230,8,0),(1226,230,11,0),(1227,230,12,0),(1228,230,13,0),(1229,230,14,0),(1230,230,15,0),(1231,125,1,0.33),(1232,125,2,0.16),(1233,125,9,0.06),(1234,125,6,0.19),(1235,133,1,0.27),(1236,133,2,0.14),(1237,133,9,0.09),(1238,133,10,0.1),(1239,157,1,0.74),(1240,157,2,0.12),(1241,157,4,0.02),(1242,157,11,0.01),(1243,163,1,0.01),(1244,163,7,0),(1245,163,2,0.99),(1246,163,9,0),(1247,163,10,0),(1248,163,5,0),(1249,163,3,0),(1250,163,4,0),(1251,163,6,0),(1252,163,8,0),(1253,163,11,0),(1254,163,12,0),(1255,163,13,0),(1256,163,14,0),(1257,163,15,0),(1258,172,1,0.56),(1259,172,7,0),(1260,172,2,0.33),(1261,172,9,0),(1262,172,10,0),(1263,172,5,0.01),(1264,172,3,0),(1265,172,4,0),(1266,172,6,0.09),(1267,172,8,0),(1268,172,11,0),(1269,172,12,0),(1270,172,13,0),(1271,172,14,0),(1272,172,15,0),(1273,184,1,0.27),(1274,184,2,0.3),(1275,184,9,0.06),(1276,184,6,0.11),(1277,192,1,0.81),(1278,192,7,0),(1279,192,2,0.09),(1280,192,9,0),(1281,192,10,0),(1282,192,5,0),(1283,192,3,0),(1284,192,4,0.07),(1285,192,6,0),(1286,192,8,0),(1287,192,11,0),(1288,192,12,0.03),(1289,192,13,0),(1290,192,14,0),(1291,192,15,0),(1292,13,1,0.4),(1293,13,2,0.28),(1294,13,3,0.1),(1295,13,4,0.02),(1296,21,1,0.98),(1297,21,7,0),(1298,21,2,0.02),(1299,21,9,0),(1300,21,10,0),(1301,21,5,0),(1302,21,3,0),(1303,21,4,0),(1304,21,6,0),(1305,21,8,0),(1306,21,11,0),(1307,21,12,0),(1308,21,13,0),(1309,21,14,0),(1310,21,15,0),(1311,36,1,0.6),(1312,36,5,0.15),(1313,36,6,0.2),(1314,47,1,0.48),(1315,47,7,0),(1316,47,2,0.47),(1317,47,9,0),(1318,47,10,0),(1319,47,5,0),(1320,47,3,0),(1321,47,4,0),(1322,47,6,0),(1323,47,8,0.04),(1324,47,11,0),(1325,47,12,0),(1326,47,13,0),(1327,47,14,0),(1328,47,15,0),(1329,53,1,0.27),(1330,53,5,0.08),(1331,53,3,0.06),(1332,53,6,0.4),(1333,63,1,0.62),(1334,63,2,0.2),(1335,63,4,0.05),(1336,63,6,0.07),(1337,69,1,0.44),(1338,69,2,0.31),(1339,69,9,0.08),(1340,69,6,0.05),(1341,80,1,0.19),(1342,80,2,0.54),(1343,80,4,0.06),(1344,80,8,0.06),(1345,89,1,0.51),(1346,89,2,0.23),(1347,89,9,0.03),(1348,89,6,0.07),(1349,104,1,0.51),(1350,104,2,0.37),(1351,104,5,0.05),(1352,104,3,0.03),(1353,114,1,0.52),(1354,114,2,0.11),(1355,114,9,0.07),(1356,114,6,0.12),(1357,122,1,0.48),(1358,122,2,0.29),(1359,122,5,0.03),(1360,122,6,0.07),(1361,129,1,0.33),(1362,129,2,0.14),(1363,129,9,0.08),(1364,129,6,0.2),(1365,139,1,0.44),(1366,139,2,0.31),(1367,139,9,0.08),(1368,139,6,0.05),(1369,234,1,0.7),(1370,234,2,0.25),(1371,161,1,0.74),(1372,161,7,0),(1373,161,2,0.18),(1374,161,9,0.03),(1375,161,10,0),(1376,161,5,0),(1377,161,3,0),(1378,161,4,0.03),(1379,161,6,0),(1380,161,8,0),(1381,161,11,0.03),(1382,161,12,0),(1383,161,13,0),(1384,161,14,0),(1385,161,15,0),(1386,167,1,0.01),(1387,167,7,0),(1388,167,2,0.99),(1389,167,9,0),(1390,167,10,0),(1391,167,5,0),(1392,167,3,0),(1393,167,4,0),(1394,167,6,0),(1395,167,8,0),(1396,167,11,0),(1397,167,12,0),(1398,167,13,0),(1399,167,14,0),(1400,167,15,0),(1401,176,1,0.56),(1402,176,7,0),(1403,176,2,0.33),(1404,176,9,0),(1405,176,10,0),(1406,176,5,0.01),(1407,176,3,0),(1408,176,4,0),(1409,176,6,0.09),(1410,176,8,0),(1411,176,11,0),(1412,176,12,0),(1413,176,13,0),(1414,176,14,0),(1415,176,15,0),(1416,189,1,0.33),(1417,189,2,0.22),(1418,189,9,0.09),(1419,197,1,0.68),(1420,197,2,0.24),(1421,197,4,0.03),(1422,197,8,0.03),(1423,203,1,0.56),(1424,203,2,0.37),(1425,203,8,0.05),(1426,9,1,0.41),(1427,9,2,0.25),(1428,9,3,0.04),(1429,9,4,0.02),(1430,23,1,0.94),(1431,23,7,0),(1432,23,2,0.06),(1433,23,9,0),(1434,23,10,0),(1435,23,5,0),(1436,23,3,0),(1437,23,4,0),(1438,23,6,0),(1439,23,8,0),(1440,23,11,0),(1441,23,12,0),(1442,23,13,0),(1443,23,14,0),(1444,23,15,0),(1445,32,1,0.39),(1446,32,7,0),(1447,32,2,0.26),(1448,32,9,0),(1449,32,10,0),(1450,32,5,0.05),(1451,32,3,0.04),(1452,32,4,0),(1453,32,6,0.27),(1454,32,8,0),(1455,32,11,0),(1456,32,12,0),(1457,32,13,0),(1458,32,14,0),(1459,32,15,0),(1460,213,1,0.7),(1461,213,7,0.05),(1462,213,2,0.16),(1463,213,9,0),(1464,213,10,0),(1465,213,5,0),(1466,213,3,0),(1467,213,4,0.01),(1468,213,6,0),(1469,213,8,0.08),(1470,213,11,0),(1471,213,12,0),(1472,213,13,0),(1473,213,14,0),(1474,213,15,0),(1475,44,1,0.47),(1476,44,7,0),(1477,44,2,0.43),(1478,44,9,0),(1479,44,10,0),(1480,44,5,0),(1481,44,3,0),(1482,44,4,0),(1483,44,6,0.04),(1484,44,8,0.06),(1485,44,11,0),(1486,44,12,0),(1487,44,13,0),(1488,44,14,0),(1489,44,15,0),(1490,55,1,0.27),(1491,55,5,0.08),(1492,55,3,0.06),(1493,55,6,0.4),(1494,60,1,0.58),(1495,60,2,0.17),(1496,60,4,0.05),(1497,60,6,0.11),(1498,66,1,0.43),(1499,66,7,0),(1500,66,2,0.28),(1501,66,9,0),(1502,66,10,0),(1503,66,5,0),(1504,66,3,0.05),(1505,66,4,0),(1506,66,6,0.19),(1507,66,8,0.05),(1508,66,11,0),(1509,66,12,0),(1510,66,13,0),(1511,66,14,0),(1512,66,15,0),(1513,76,1,0.17),(1514,76,2,0.58),(1515,76,6,0.05),(1516,76,8,0.06),(1517,88,1,0.5),(1518,88,2,0.23),(1519,88,9,0.07),(1520,88,6,0.06),(1521,101,1,0.58),(1522,101,2,0.32),(1523,101,5,0.02),(1524,101,3,0.04),(1525,113,1,0.44),(1526,113,2,0.13),(1527,113,9,0.06),(1528,113,6,0.13),(1529,119,1,0.4),(1530,119,2,0.28),(1531,119,6,0.12),(1532,119,12,0.02),(1533,231,1,0.05),(1534,231,7,0),(1535,231,2,0.23),(1536,231,9,0),(1537,231,10,0),(1538,231,5,0.08),(1539,231,3,0),(1540,231,4,0),(1541,231,6,0.64),(1542,231,8,0),(1543,231,11,0),(1544,231,12,0),(1545,231,13,0),(1546,231,14,0),(1547,231,15,0),(1548,126,1,0.33),(1549,126,2,0.16),(1550,126,9,0.06),(1551,126,6,0.19),(1552,135,1,0.3),(1553,135,2,0.19),(1554,135,9,0.07),(1555,135,10,0.08),(1556,158,1,0.7),(1557,158,2,0.13),(1558,158,4,0.02),(1559,158,11,0.12),(1560,158,13,0.01),(1561,164,1,0.01),(1562,164,7,0),(1563,164,2,0.99),(1564,164,9,0),(1565,164,10,0),(1566,164,5,0),(1567,164,3,0),(1568,164,4,0),(1569,164,6,0),(1570,164,8,0),(1571,164,11,0),(1572,164,12,0),(1573,164,13,0),(1574,164,14,0),(1575,164,15,0),(1576,173,1,0.56),(1577,173,7,0),(1578,173,2,0.33),(1579,173,9,0),(1580,173,10,0),(1581,173,5,0),(1582,173,3,0),(1583,173,4,0),(1584,173,6,0.09),(1585,173,8,0),(1586,173,11,0),(1587,173,12,0.01),(1588,173,13,0),(1589,173,14,0.01),(1590,173,15,0),(1591,185,1,0.37),(1592,185,2,0.28),(1593,185,9,0.05),(1594,185,6,0.09),(1595,193,1,0.69),(1596,193,2,0.21),(1597,193,4,0.05),(1598,193,8,0.03),(1599,10,1,0.39),(1600,10,2,0.28),(1601,10,3,0.03),(1602,10,4,0.02),(1603,18,1,0.98),(1604,18,7,0),(1605,18,2,0.02),(1606,18,9,0),(1607,18,10,0),(1608,18,5,0),(1609,18,3,0),(1610,18,4,0),(1611,18,6,0),(1612,18,8,0),(1613,18,11,0),(1614,18,12,0),(1615,18,13,0),(1616,18,14,0),(1617,18,15,0),(1618,33,1,0.42),(1619,33,7,0),(1620,33,9,0),(1621,33,10,0),(1622,33,5,0.11),(1623,33,3,0.07),(1624,33,4,0.07),(1625,33,6,0.33),(1626,33,8,0),(1627,33,11,0),(1628,33,12,0),(1629,33,13,0),(1630,33,14,0),(1631,33,15,0),(1632,214,1,0.7),(1633,214,7,0.05),(1634,214,2,0.16),(1635,214,9,0),(1636,214,10,0),(1637,214,5,0),(1638,214,3,0),(1639,214,4,0.01),(1640,214,6,0),(1641,214,8,0.08),(1642,214,11,0),(1643,214,12,0),(1644,214,13,0),(1645,214,14,0),(1646,214,15,0),(1647,45,1,0.5),(1648,45,7,0),(1649,45,2,0.39),(1650,45,9,0),(1651,45,10,0),(1652,45,5,0),(1653,45,3,0),(1654,45,4,0),(1655,45,6,0.05),(1656,45,8,0.05),(1657,45,11,0),(1658,45,12,0),(1659,45,13,0),(1660,45,14,0),(1661,45,15,0),(1662,56,1,0.27),(1663,56,5,0.08),(1664,56,3,0.06),(1665,56,6,0.4),(1666,67,1,0.44),(1667,67,7,0),(1668,67,2,0.27),(1669,67,9,0),(1670,67,10,0),(1671,67,5,0),(1672,67,3,0.06),(1673,67,4,0),(1674,67,6,0.17),(1675,67,8,0.06),(1676,67,11,0),(1677,67,12,0),(1678,67,13,0),(1679,67,14,0),(1680,67,15,0),(1681,61,1,0.6),(1682,61,2,0.17),(1683,61,4,0.05),(1684,61,6,0.11),(1685,226,1,1),(1686,226,7,0),(1687,226,2,0),(1688,226,9,0),(1689,226,10,0),(1690,226,5,0),(1691,226,3,0),(1692,226,4,0),(1693,226,6,0),(1694,226,8,0),(1695,226,11,0),(1696,226,12,0),(1697,226,13,0),(1698,226,14,0),(1699,226,15,0),(1700,77,1,0.2),(1701,77,2,0.57),(1702,77,5,0.04),(1703,77,8,0.06),(1704,84,1,0.5),(1705,84,2,0.25),(1706,84,9,0.06),(1707,84,3,0.06),(1708,84,6,0),(1709,96,1,0.51),(1710,96,2,0.25),(1711,96,5,0.01),(1712,96,3,0.03),(1713,107,1,0.47),(1714,107,2,0.12),(1715,107,9,0.05),(1716,107,6,0.12),(1717,120,1,0.47),(1718,120,2,0.3),(1719,120,5,0.02),(1720,120,6,0.08),(1721,127,1,0.34),(1722,127,2,0.14),(1723,127,9,0.08),(1724,127,6,0.2),(1725,136,1,0.31),(1726,136,2,0.19),(1727,136,9,0.07),(1728,136,10,0.08),(1729,159,1,0.72),(1730,159,2,0.13),(1731,159,4,0.02),(1732,159,11,0.12),(1733,159,13,0.01),(1734,165,1,0),(1735,165,7,0),(1736,165,2,1),(1737,165,9,0),(1738,165,10,0),(1739,165,5,0),(1740,165,3,0),(1741,165,4,0),(1742,165,6,0),(1743,165,8,0),(1744,165,11,0),(1745,165,12,0),(1746,165,13,0),(1747,165,14,0),(1748,165,15,0),(1749,174,1,0.56),(1750,174,7,0),(1751,174,2,0.33),(1752,174,9,0),(1753,174,10,0),(1754,174,5,0.01),(1755,174,3,0),(1756,174,4,0),(1757,174,6,0.09),(1758,174,8,0),(1759,174,11,0),(1760,174,12,0),(1761,174,13,0),(1762,174,14,0),(1763,174,15,0),(1764,186,1,0.35),(1765,186,2,0.28),(1766,186,9,0.05),(1767,186,6,0.11),(1768,194,1,0.68),(1769,194,2,0.02),(1770,194,4,0.05),(1771,194,8,0.03),(1772,200,1,0.57),(1773,200,7,0),(1774,200,2,0.36),(1775,200,9,0),(1776,200,10,0),(1777,200,5,0),(1778,200,3,0),(1779,200,4,0),(1780,200,6,0),(1781,200,8,0.07),(1782,200,11,0),(1783,200,12,0),(1784,200,13,0),(1785,200,14,0),(1786,200,15,0),(1787,12,1,0.39),(1788,12,2,0.29),(1789,12,3,0.03),(1790,12,4,0.02),(1791,20,1,0.98),(1792,20,2,0.02),(1793,20,9,0),(1794,20,10,0),(1795,20,5,0),(1796,20,3,0),(1797,20,4,0),(1798,20,6,0),(1799,20,8,0),(1800,20,11,0),(1801,20,12,0),(1802,20,13,0),(1803,20,14,0),(1804,20,15,0),(1805,35,1,0.6),(1806,35,5,0.15),(1807,35,6,0.2),(1808,46,1,0.52),(1809,46,7,0),(1810,46,2,0.38),(1811,46,9,0),(1812,46,10,0),(1813,46,5,0),(1814,46,3,0),(1815,46,4,0),(1816,46,6,0.03),(1817,46,8,0.04),(1818,46,11,0),(1819,46,12,0),(1820,46,13,0),(1821,46,14,0),(1822,46,15,0.02),(1823,52,1,0.27),(1824,52,5,0.08),(1825,52,3,0.06),(1826,52,6,0.4),(1827,62,1,0.6),(1828,62,2,0.18),(1829,62,4,0.05),(1830,62,6,0.1),(1831,68,1,0.39),(1832,68,2,0.29),(1833,68,3,0.03),(1834,68,6,0.18),(1835,68,8,0.05),(1836,79,1,0.2),(1837,79,2,0.55),(1838,79,3,0.05),(1839,79,8,0.07),(1840,86,1,0.53),(1841,86,2,0.25),(1842,86,9,0.06),(1843,86,6,0.05),(1844,103,1,0.51),(1845,103,2,0.37),(1846,103,5,0.03),(1847,103,3,0.05),(1848,109,1,0.49),(1849,109,2,0.12),(1850,109,9,0.07),(1851,109,6,0.12),(1852,121,1,0.49),(1853,121,2,0.28),(1854,121,5,0.04),(1855,121,6,0.08),(1856,128,1,0.33),(1857,128,2,0.14),(1858,128,9,0.08),(1859,128,6,0.2),(1860,138,1,0.35),(1861,138,2,0.22),(1862,138,9,0.08),(1863,138,3,0.04),(1864,160,1,0.78),(1865,160,7,0),(1866,160,2,0.14),(1867,160,10,0),(1868,160,5,0),(1869,160,3,0),(1870,160,4,0.04),(1871,160,6,0),(1872,160,8,0),(1873,160,11,0.03),(1874,160,12,0),(1875,160,13,0),(1876,160,14,0),(1877,160,15,0),(1878,166,1,0.01),(1879,166,7,0),(1880,166,2,0.99),(1881,166,9,0),(1882,166,10,0),(1883,166,5,0),(1884,166,3,0),(1885,166,4,0),(1886,166,6,0),(1887,166,8,0),(1888,166,11,0),(1889,166,12,0),(1890,166,13,0),(1891,166,14,0),(1892,166,15,0),(1893,175,1,0.56),(1894,175,7,0),(1895,175,2,0.33),(1896,175,9,0),(1897,175,10,0),(1898,175,5,0.01),(1899,175,3,0),(1900,175,4,0),(1901,175,6,0.09),(1902,175,8,0),(1903,175,11,0),(1904,175,12,0),(1905,175,13,0),(1906,175,14,0),(1907,175,15,0),(1908,188,1,0.36),(1909,188,2,0.26),(1910,188,6,0.1),(1911,196,1,0.63),(1912,196,2,0.21),(1913,196,4,0.05),(1914,196,8,0.03),(1915,202,1,0.55),(1916,202,7,0),(1917,202,2,0.4),(1918,202,9,0),(1919,202,10,0),(1920,202,5,0),(1921,202,3,0),(1922,202,4,0),(1923,202,6,0),(1924,202,8,0.05),(1925,202,11,0),(1926,202,12,0),(1927,202,13,0),(1928,202,14,0),(1929,202,15,0),(1930,14,1,0.41),(1931,14,2,0.28),(1932,14,3,0.03),(1933,14,4,0.01),(1934,22,1,0.99),(1935,22,7,0),(1936,22,2,0.01),(1937,22,9,0),(1938,22,10,0),(1939,22,5,0),(1940,22,3,0),(1941,22,4,0),(1942,22,6,0),(1943,22,8,0),(1944,22,11,0),(1945,22,12,0),(1946,22,13,0),(1947,22,14,0),(1948,22,15,0),(1949,37,1,0.28),(1950,37,7,0),(1951,37,2,0.39),(1952,37,9,0),(1953,37,10,0),(1954,37,5,0.09),(1955,37,3,0.05),(1956,37,4,0),(1957,37,6,0.19),(1958,37,8,0),(1959,37,11,0),(1960,37,12,0),(1961,37,13,0),(1962,37,14,0),(1963,37,15,0),(1964,48,1,0.5),(1965,48,7,0),(1966,48,2,0.45),(1967,48,9,0),(1968,48,10,0),(1969,48,5,0),(1970,48,3,0),(1971,48,4,0),(1972,48,6,0),(1973,48,8,0.03),(1974,48,11,0),(1975,48,12,0),(1976,48,13,0),(1977,48,14,0),(1978,48,15,0.01),(1979,57,1,0.31),(1980,57,2,0.07),(1981,57,5,0.09),(1982,57,6,0.37),(1983,64,1,0.63),(1984,64,2,0.2),(1985,64,4,0.04),(1986,64,6,0.08),(1987,70,1,0.44),(1988,70,7,0),(1989,70,2,0.33),(1990,70,9,0),(1991,70,10,0),(1992,70,5,0.04),(1993,70,3,0.05),(1994,70,4,0),(1995,70,6,0.14),(1996,70,8,0),(1997,70,11,0),(1998,70,12,0),(1999,70,13,0),(2000,70,14,0),(2001,70,15,0),(2002,81,1,0.2),(2003,81,2,0.46),(2004,81,4,0.11),(2005,81,8,0.06),(2006,90,1,0.49),(2007,90,7,0),(2008,90,2,0.21),(2009,90,9,0.04),(2010,90,10,0),(2011,90,5,0),(2012,90,3,0.12),(2013,90,4,0),(2014,90,6,0.14),(2015,90,8,0),(2016,90,11,0),(2017,90,12,0),(2018,90,13,0),(2019,90,14,0),(2020,90,15,0),(2021,105,1,0.54),(2022,105,2,0.35),(2023,105,5,0.03),(2024,105,3,0.05),(2025,115,1,0.53),(2026,115,2,0.13),(2027,115,9,0.07),(2028,115,6,0.1),(2029,123,1,0.49),(2030,123,2,0.27),(2031,123,4,0.05),(2032,123,6,0.05),(2033,130,1,0.2),(2034,130,2,0.11),(2035,130,9,0.08),(2036,130,6,0.33),(2037,140,1,0.46),(2038,140,2,0.33),(2039,140,9,0.03),(2040,140,6,0.05),(2041,162,1,0.69),(2042,162,2,0.15),(2043,168,1,0.01),(2044,168,7,0),(2045,168,2,0.99),(2046,168,9,0),(2047,168,10,0),(2048,168,5,0),(2049,168,3,0),(2050,168,4,0),(2051,168,6,0),(2052,168,8,0),(2053,168,11,0),(2054,168,12,0),(2055,168,13,0),(2056,168,14,0),(2057,168,15,0),(2058,177,1,0.57),(2059,177,2,0.24),(2060,177,5,0.03),(2061,177,6,0.1),(2062,190,1,0.28),(2063,190,2,0.24),(2064,190,9,0.1),(2065,198,1,0.68),(2066,198,2,0.24),(2067,198,4,0.02),(2068,198,8,0.03),(2069,204,1,0.53),(2070,204,7,0),(2071,204,2,0.4),(2072,204,9,0),(2073,204,10,0),(2074,204,5,0),(2075,204,3,0),(2076,204,4,0),(2077,204,6,0),(2078,204,8,0.07),(2079,204,11,0),(2080,204,12,0),(2081,204,13,0),(2082,204,14,0),(2083,204,15,0),(2084,1,6,0.54),(2085,1,1,0),(2086,1,2,0.11),(2087,1,3,0.12),(2088,24,6,0.16),(2089,24,1,0.04),(2090,24,2,0.33),(2091,24,3,0.03),(2092,39,6,0.89),(2093,39,1,0),(2094,39,2,0.07),(2095,39,3,0.01),(2096,71,6,0.75),(2097,71,1,0),(2098,71,2,0.02),(2099,71,3,0.06),(2100,91,6,0.66),(2101,91,1,0.01),(2102,91,2,0.12),(2103,91,3,0.09),(2104,142,6,0.33),(2105,142,1,0),(2106,142,2,0.01),(2107,142,3,0.51),(2108,146,6,0.69),(2109,146,1,0),(2110,146,2,0.18),(2111,146,3,0.04),(2112,150,6,0.31),(2113,150,1,0.08),(2114,150,2,0.08),(2115,150,3,0.24),(2116,178,6,0.05),(2117,178,1,0),(2118,178,2,0.54),(2119,178,3,0.4),(2120,2,6,0.55),(2121,2,1,0.06),(2122,2,2,0.05),(2123,2,3,0.1),(2124,25,6,0.14),(2125,25,1,0.03),(2126,25,2,0.38),(2127,25,3,0.02),(2128,40,6,0.77),(2129,40,1,0),(2130,40,2,0.21),(2131,40,3,0.01),(2132,72,6,0.73),(2133,72,1,0),(2134,72,2,0.02),(2135,72,3,0.05),(2136,92,6,0.64),(2137,92,1,0.01),(2138,92,2,0.14),(2139,92,3,0.08),(2140,143,6,0.34),(2141,143,1,0),(2142,143,2,0),(2143,143,3,0.54),(2144,147,6,0.63),(2145,147,1,0.09),(2146,147,2,0.16),(2147,147,3,0.04),(2148,151,6,0.35),(2149,151,1,0.1),(2150,151,2,0.05),(2151,151,3,0.21),(2152,179,6,0.04),(2153,179,1,0),(2154,179,2,0.55),(2155,179,3,0.39),(2156,4,6,0.48),(2157,4,1,0.05),(2158,4,2,0.06),(2159,4,3,0.11),(2160,26,6,0.14),(2161,26,1,0.06),(2162,26,2,0.15),(2163,26,3,0),(2164,41,6,0.75),(2165,41,1,0),(2166,41,2,0.24),(2167,41,3,0),(2168,73,6,0.78),(2169,73,1,0),(2170,73,2,0),(2171,73,3,0.05),(2172,93,6,0.63),(2173,93,1,0.02),(2174,93,2,0.13),(2175,93,3,0.07),(2176,144,6,0.33),(2177,144,1,0),(2178,144,2,0),(2179,144,3,0.56),(2180,148,6,0.64),(2181,148,1,0.09),(2182,148,2,0.16),(2183,148,3,0.03),(2184,152,6,0.37),(2185,152,1,0.06),(2186,152,2,0.13),(2187,152,3,0.11),(2188,180,6,0.06),(2189,180,1,0),(2190,180,2,0.55),(2191,180,3,0.36),(2192,3,6,0.18),(2193,3,1,0.01),(2194,3,2,0.06),(2195,3,3,0.05),(2196,27,6,0.11),(2197,27,1,0),(2198,27,2,0.1),(2199,27,3,0.06),(2200,181,6,0.03),(2201,181,1,0.09),(2202,181,2,0.86),(2203,181,3,0.01),(2204,74,6,0.51),(2205,74,1,0),(2206,74,2,0),(2207,74,3,0.01),(2208,94,6,0.78),(2209,94,1,0),(2210,94,2,0.01),(2211,94,3,0.04),(2212,145,6,0.27),(2213,145,1,0),(2214,145,2,0.01),(2215,145,3,0.67),(2216,149,6,0.2),(2217,149,1,0.01),(2218,149,2,0.13),(2219,149,3,0.11);
/*!40000 ALTER TABLE `refugee_nationality` ENABLE KEYS */;
UNLOCK TABLES;

--
-- Table structure for table `social_auth_association`
--

DROP TABLE IF EXISTS `social_auth_association`;
/*!40101 SET @saved_cs_client     = @@character_set_client */;
 SET character_set_client = utf8mb4 ;
CREATE TABLE `social_auth_association` (
  `id` int(11) NOT NULL AUTO_INCREMENT,
  `server_url` varchar(255) NOT NULL,
  `handle` varchar(255) NOT NULL,
  `secret` varchar(255) NOT NULL,
  `issued` int(11) NOT NULL,
  `lifetime` int(11) NOT NULL,
  `assoc_type` varchar(64) NOT NULL,
  PRIMARY KEY (`id`),
  UNIQUE KEY `social_auth_association_server_url_handle_078befa2_uniq` (`server_url`,`handle`)
) ENGINE=InnoDB DEFAULT CHARSET=utf8mb4 COLLATE=utf8mb4_0900_ai_ci;
/*!40101 SET character_set_client = @saved_cs_client */;

--
-- Dumping data for table `social_auth_association`
--

LOCK TABLES `social_auth_association` WRITE;
/*!40000 ALTER TABLE `social_auth_association` DISABLE KEYS */;
/*!40000 ALTER TABLE `social_auth_association` ENABLE KEYS */;
UNLOCK TABLES;

--
-- Table structure for table `social_auth_code`
--

DROP TABLE IF EXISTS `social_auth_code`;
/*!40101 SET @saved_cs_client     = @@character_set_client */;
 SET character_set_client = utf8mb4 ;
CREATE TABLE `social_auth_code` (
  `id` int(11) NOT NULL AUTO_INCREMENT,
  `email` varchar(254) NOT NULL,
  `code` varchar(32) NOT NULL,
  `verified` tinyint(1) NOT NULL,
  `timestamp` datetime(6) NOT NULL,
  PRIMARY KEY (`id`),
  UNIQUE KEY `social_auth_code_email_code_801b2d02_uniq` (`email`,`code`),
  KEY `social_auth_code_code_a2393167` (`code`),
  KEY `social_auth_code_timestamp_176b341f` (`timestamp`)
) ENGINE=InnoDB DEFAULT CHARSET=utf8mb4 COLLATE=utf8mb4_0900_ai_ci;
/*!40101 SET character_set_client = @saved_cs_client */;

--
-- Dumping data for table `social_auth_code`
--

LOCK TABLES `social_auth_code` WRITE;
/*!40000 ALTER TABLE `social_auth_code` DISABLE KEYS */;
/*!40000 ALTER TABLE `social_auth_code` ENABLE KEYS */;
UNLOCK TABLES;

--
-- Table structure for table `social_auth_nonce`
--

DROP TABLE IF EXISTS `social_auth_nonce`;
/*!40101 SET @saved_cs_client     = @@character_set_client */;
 SET character_set_client = utf8mb4 ;
CREATE TABLE `social_auth_nonce` (
  `id` int(11) NOT NULL AUTO_INCREMENT,
  `server_url` varchar(255) NOT NULL,
  `timestamp` int(11) NOT NULL,
  `salt` varchar(65) NOT NULL,
  PRIMARY KEY (`id`),
  UNIQUE KEY `social_auth_nonce_server_url_timestamp_salt_f6284463_uniq` (`server_url`,`timestamp`,`salt`)
) ENGINE=InnoDB DEFAULT CHARSET=utf8mb4 COLLATE=utf8mb4_0900_ai_ci;
/*!40101 SET character_set_client = @saved_cs_client */;

--
-- Dumping data for table `social_auth_nonce`
--

LOCK TABLES `social_auth_nonce` WRITE;
/*!40000 ALTER TABLE `social_auth_nonce` DISABLE KEYS */;
/*!40000 ALTER TABLE `social_auth_nonce` ENABLE KEYS */;
UNLOCK TABLES;

--
-- Table structure for table `social_auth_partial`
--

DROP TABLE IF EXISTS `social_auth_partial`;
/*!40101 SET @saved_cs_client     = @@character_set_client */;
 SET character_set_client = utf8mb4 ;
CREATE TABLE `social_auth_partial` (
  `id` int(11) NOT NULL AUTO_INCREMENT,
  `token` varchar(32) NOT NULL,
  `next_step` smallint(5) unsigned NOT NULL,
  `backend` varchar(32) NOT NULL,
  `data` longtext NOT NULL,
  `timestamp` datetime(6) NOT NULL,
  PRIMARY KEY (`id`),
  KEY `social_auth_partial_token_3017fea3` (`token`),
  KEY `social_auth_partial_timestamp_50f2119f` (`timestamp`)
) ENGINE=InnoDB DEFAULT CHARSET=utf8mb4 COLLATE=utf8mb4_0900_ai_ci;
/*!40101 SET character_set_client = @saved_cs_client */;

--
-- Dumping data for table `social_auth_partial`
--

LOCK TABLES `social_auth_partial` WRITE;
/*!40000 ALTER TABLE `social_auth_partial` DISABLE KEYS */;
/*!40000 ALTER TABLE `social_auth_partial` ENABLE KEYS */;
UNLOCK TABLES;

--
-- Table structure for table `social_auth_usersocialauth`
--

DROP TABLE IF EXISTS `social_auth_usersocialauth`;
/*!40101 SET @saved_cs_client     = @@character_set_client */;
 SET character_set_client = utf8mb4 ;
CREATE TABLE `social_auth_usersocialauth` (
  `id` int(11) NOT NULL AUTO_INCREMENT,
  `provider` varchar(32) NOT NULL,
  `uid` varchar(255) NOT NULL,
  `extra_data` longtext NOT NULL,
  `user_id` int(11) NOT NULL,
  PRIMARY KEY (`id`),
  UNIQUE KEY `social_auth_usersocialauth_provider_uid_e6b5e668_uniq` (`provider`,`uid`),
  KEY `social_auth_usersocialauth_user_id_17d28448_fk_auth_user_id` (`user_id`),
  CONSTRAINT `social_auth_usersocialauth_user_id_17d28448_fk_auth_user_id` FOREIGN KEY (`user_id`) REFERENCES `auth_user` (`id`)
) ENGINE=InnoDB AUTO_INCREMENT=2 DEFAULT CHARSET=utf8mb4 COLLATE=utf8mb4_0900_ai_ci;
/*!40101 SET character_set_client = @saved_cs_client */;

--
-- Dumping data for table `social_auth_usersocialauth`
--

LOCK TABLES `social_auth_usersocialauth` WRITE;
/*!40000 ALTER TABLE `social_auth_usersocialauth` DISABLE KEYS */;
INSERT INTO `social_auth_usersocialauth` VALUES (1,'google-oauth2','cyearee@umich.edu','{\"auth_time\": 1545165572, \"expires\": 3600, \"token_type\": \"Bearer\", \"access_token\": \"ya29.Glt2BruPT3hZcJ-xPOrgDF4KZQYJ-0xSPs7z5VZWPzJ8JdWm20JCcv4h_CinH3MrEWwWk7Gk9sumPuWOijUYKHZMA8VgBAbxOiQTAIzgpGNgRrGOGizHR3mgo7Tl\"}',1);
/*!40000 ALTER TABLE `social_auth_usersocialauth` ENABLE KEYS */;
UNLOCK TABLES;
/*!40103 SET TIME_ZONE=@OLD_TIME_ZONE */;

/*!40101 SET SQL_MODE=@OLD_SQL_MODE */;
/*!40014 SET FOREIGN_KEY_CHECKS=@OLD_FOREIGN_KEY_CHECKS */;
/*!40014 SET UNIQUE_CHECKS=@OLD_UNIQUE_CHECKS */;
/*!40101 SET CHARACTER_SET_CLIENT=@OLD_CHARACTER_SET_CLIENT */;
/*!40101 SET CHARACTER_SET_RESULTS=@OLD_CHARACTER_SET_RESULTS */;
/*!40101 SET COLLATION_CONNECTION=@OLD_COLLATION_CONNECTION */;
/*!40111 SET SQL_NOTES=@OLD_SQL_NOTES */;

-- Dump completed on 2018-12-18 15:43:21
